file,kind,area,loc,exports,total,R-010,R-011,R-012,R-013,R-014,R-015,R-016,R-017,R-018,R-019,R-030,R-031,R-032,R-033,R-036,R-038,R-039,R-040,R-041,R-042,R-043,R-049,R-053,R-067,R-073,R-074,R-090,R-100,R-102,R-110,R-111,R-112,R-113,R-114,R-115,R-117,R-120,R-125,R-126,R-127,R-128,R-129,R-130,R-131,R-132,R-133,R-135,R-141,R-146,R-149,R-150,R-161,R-162,R-163,R-164,R-170,R-171,R-172,R-173
integration/_support/register-local-packages.ts,integration,integration,62,0,14,1,2,0,0,1,0,0,0,0,0,0,0,0,0,0,0,0,1,0,3,0,1,0,0,0,0,0,0,0,0,0,0,0,0,1,0,2,0,0,0,0,0,1,0,0,0,0,0,0,0,0,0,0,1,0,0,0,0,0
integration/auto-mock/src/bar.service.ts,integration,integration,9,1,6,2,0,0,0,0,0,0,0,0,0,0,1,0,0,0,0,0,0,1,1,0,0,0,0,0,0,0,1,0,0,0,0,0,0,0,0,0,0,0,0,0,0,0,0,0,0,0,0,0,0,0,0,0,0,0,0,0,0,0
integration/auto-mock/src/foo.service.ts,integration,integration,7,1,5,1,0,0,0,0,0,0,0,0,0,0,1,0,0,0,0,0,0,1,0,0,0,0,0,0,0,1,1,0,0,0,0,0,0,0,0,0,0,0,0,0,0,0,0,0,0,0,0,0,0,0,0,0,0,0,0,0,0,0
integration/auto-mock/test/bar.service.spec.ts,integration,integration,54,0,22,2,2,0,0,0,0,0,2,2,0,0,0,0,0,0,0,0,0,0,0,0,0,0,0,0,0,0,1,0,0,0,1,0,0,1,0,0,0,0,0,0,0,0,0,0,0,0,0,0,0,0,0,1,0,0,1,4,1,4
integration/cookies/e2e/cookies.spec.ts,integration,integration,301,0,73,5,4,0,3,0,0,0,2,2,1,0,0,0,0,1,0,0,4,0,0,0,0,0,2,0,1,0,0,0,0,0,5,0,0,0,0,8,0,0,1,0,0,5,0,0,0,0,0,0,0,0,0,1,1,3,1,2,1,20
integration/cookies/src/app.controller.ts,integration,integration,73,1,27,10,2,0,0,0,0,0,0,0,0,0,1,0,0,0,1,0,0,1,7,0,2,0,0,0,2,0,1,0,0,0,0,0,0,0,0,0,0,0,0,0,0,0,0,0,0,0,0,0,0,0,0,0,0,0,0,0,0,0
integration/cookies/src/app.module.ts,integration,integration,6,1,3,0,0,0,0,0,0,0,0,0,0,0,1,0,0,0,0,0,0,1,0,0,0,0,0,0,0,0,1,0,0,0,0,0,0,0,0,0,0,0,0,0,0,0,0,0,0,0,0,0,0,0,0,0,0,0,0,0,0,0
integration/cors/e2e/express.spec.ts,integration,integration,155,0,23,2,0,0,0,0,0,0,3,6,0,0,0,0,0,0,0,0,2,0,0,0,0,0,0,0,0,0,0,0,0,0,0,0,0,0,1,0,0,0,0,0,0,0,0,0,0,0,0,0,0,0,0,1,0,0,1,0,1,6
integration/cors/e2e/fastify.spec.ts,integration,integration,170,0,24,2,0,0,0,0,0,0,3,6,0,0,0,0,0,0,0,0,2,0,0,0,0,0,0,0,0,0,0,0,0,0,0,0,0,0,1,0,0,0,0,0,0,0,0,0,0,0,0,0,0,0,0,1,0,0,1,1,1,6
integration/cors/src/app.controller.ts,integration,integration,8,1,4,1,0,0,0,0,0,0,0,0,0,0,1,0,0,0,0,0,0,1,0,0,0,0,0,0,0,0,1,0,0,0,0,0,0,0,0,0,0,0,0,0,0,0,0,0,0,0,0,0,0,0,0,0,0,0,0,0,0,0
integration/cors/src/app.module.ts,integration,integration,6,1,3,0,0,0,0,0,0,0,0,0,0,0,1,0,0,0,0,0,0,1,0,0,0,0,0,0,0,0,1,0,0,0,0,0,0,0,0,0,0,0,0,0,0,0,0,0,0,0,0,0,0,0,0,0,0,0,0,0,0,0
integration/discovery/e2e/discover-by-meta.spec.ts,integration,integration,53,0,10,0,0,0,0,0,0,0,1,1,0,0,0,0,0,0,0,0,0,0,0,0,0,0,0,0,0,0,0,0,0,0,0,0,0,0,1,0,0,0,0,0,0,0,0,0,0,0,0,0,0,0,0,1,0,0,1,2,0,3
integration/discovery/src/app.module.ts,integration,integration,9,1,3,0,0,0,0,0,0,0,0,0,0,0,1,0,0,0,0,0,0,1,0,0,0,0,0,0,0,0,1,0,0,0,0,0,0,0,0,0,0,0,0,0,0,0,0,0,0,0,0,0,0,0,0,0,0,0,0,0,0,0
integration/discovery/src/decorators/non-applied.decorator.ts,integration,integration,8,1,3,0,0,0,0,0,0,0,0,0,0,0,1,0,0,0,0,0,0,0,0,0,0,0,0,0,0,0,1,0,0,0,0,0,0,0,0,0,0,0,0,0,0,0,0,0,0,0,0,0,0,0,0,0,0,1,0,0,0,0
integration/discovery/src/decorators/webhook.decorators.ts,integration,integration,5,2,3,0,0,0,0,0,0,0,0,0,0,1,0,0,0,0,0,0,0,0,0,0,0,0,0,0,0,0,1,0,0,0,0,0,0,0,0,0,0,0,0,0,0,0,0,0,0,0,0,0,0,0,0,0,1,0,0,0,0,0
integration/discovery/src/my-webhook/cleanup.webhook.ts,integration,integration,8,1,5,1,0,0,0,0,0,0,0,0,0,0,1,0,0,0,0,0,0,1,0,0,0,0,0,0,0,1,1,0,0,0,0,0,0,0,0,0,0,0,0,0,0,0,0,0,0,0,0,0,0,0,0,0,0,0,0,0,0,0
integration/discovery/src/my-webhook/flush.webhook.ts,integration,integration,8,1,5,1,0,0,0,0,0,0,0,0,0,0,1,0,0,0,0,0,0,1,0,0,0,0,0,0,0,1,1,0,0,0,0,0,0,0,0,0,0,0,0,0,0,0,0,0,0,0,0,0,0,0,0,0,0,0,0,0,0,0
integration/discovery/src/my-webhook/my-webhook.module.ts,integration,integration,5,1,3,0,0,0,0,0,0,0,0,0,0,0,1,0,0,0,0,0,0,1,0,0,0,0,0,0,0,0,1,0,0,0,0,0,0,0,0,0,0,0,0,0,0,0,0,0,0,0,0,0,0,0,0,0,0,0,0,0,0,0
integration/discovery/src/webhooks.explorer.ts,integration,integration,37,1,16,4,0,0,0,0,0,0,0,0,0,0,1,0,0,0,0,0,0,1,4,0,0,0,0,0,0,0,1,0,0,0,0,3,0,0,0,2,0,0,0,0,0,0,0,0,0,0,0,0,0,0,0,0,0,0,0,0,0,0
integration/file-upload/e2e/fastify.spec.ts,integration,integration,317,0,64,10,0,0,0,3,4,0,5,5,0,0,0,0,0,0,0,0,0,7,0,0,0,0,0,0,0,0,0,3,0,0,8,0,0,2,0,0,0,0,0,0,0,0,1,0,0,0,3,0,0,0,0,1,0,0,1,1,1,9
integration/file-upload/e2e/parity.spec.ts,integration,integration,604,0,87,3,0,0,0,8,2,0,0,1,1,0,0,0,0,0,0,0,2,0,0,0,0,0,0,0,0,0,0,3,0,0,4,0,0,6,0,6,1,0,0,0,0,0,0,0,0,0,8,0,0,0,0,1,0,1,1,1,1,37
integration/file-upload/e2e/utils.ts,integration,integration,53,4,11,1,1,0,0,0,0,0,0,0,1,1,0,0,0,1,0,0,1,0,0,0,0,1,0,0,0,0,2,0,0,0,0,0,0,0,0,0,0,0,0,0,0,0,0,0,0,0,0,0,0,0,0,0,0,2,0,0,0,0
integration/file-upload/src/upload-api.ts,integration,integration,28,2,13,0,0,0,0,0,0,0,0,0,0,1,0,0,0,0,0,1,0,0,0,0,0,0,0,0,0,0,0,0,0,0,8,0,0,0,0,0,0,0,0,0,0,0,0,0,0,0,0,0,0,0,0,0,0,3,0,0,0,0
integration/file-upload/src/upload.module.ts,integration,integration,242,4,95,20,1,0,8,0,0,0,1,1,0,1,0,0,0,0,17,0,4,2,0,0,0,1,0,0,0,0,1,0,0,0,30,0,0,0,0,3,2,0,1,0,0,0,0,0,0,0,1,0,0,0,0,0,0,1,0,0,0,0
integration/graceful-shutdown/e2e/express.spec.ts,integration,integration,75,0,31,5,1,0,0,0,0,0,2,3,0,0,0,0,0,0,0,0,0,0,0,0,0,0,0,0,0,0,0,4,0,0,2,0,0,2,1,0,0,0,0,0,0,0,0,0,0,0,0,1,0,0,1,1,0,5,1,1,0,1
integration/graceful-shutdown/e2e/fastify.spec.ts,integration,integration,122,0,47,10,0,0,1,1,0,1,5,8,0,0,0,0,0,0,0,0,0,2,0,0,0,0,0,0,0,0,0,1,0,0,0,0,0,2,0,5,0,0,0,0,0,0,0,0,0,1,1,2,0,0,0,1,1,0,1,2,0,2
integration/graceful-shutdown/src/app.controller.ts,integration,integration,10,1,6,1,0,0,0,0,0,0,0,0,0,0,1,0,0,0,1,0,0,1,0,0,0,0,0,0,0,0,1,0,0,0,0,0,0,0,0,0,0,0,0,0,0,0,0,0,0,0,0,0,0,0,0,0,0,1,0,0,0,0
integration/graceful-shutdown/src/app.module.ts,integration,integration,6,1,3,0,0,0,0,0,0,0,0,0,0,0,1,0,0,0,0,0,0,1,0,0,0,0,0,0,0,0,1,0,0,0,0,0,0,0,0,0,0,0,0,0,0,0,0,0,0,0,0,0,0,0,0,0,0,0,0,0,0,0
integration/graphql-code-first/e2e/code-first.spec.ts,integration,integration,31,0,8,0,0,0,0,0,0,0,1,1,0,0,0,0,0,0,0,0,0,0,0,0,0,0,0,0,0,0,0,0,0,0,0,0,0,0,1,0,0,0,0,0,0,0,0,0,0,0,0,0,0,0,0,1,0,0,1,2,0,1
integration/graphql-code-first/e2e/guards-filters.spec.ts,integration,integration,44,0,8,0,0,0,0,0,0,0,1,1,0,0,0,0,0,0,0,0,0,0,0,0,0,0,0,0,0,0,0,0,0,0,0,0,0,0,1,0,0,0,0,0,0,0,0,0,0,0,0,0,0,0,0,1,0,0,1,2,0,1
integration/graphql-code-first/e2e/pipes.spec.ts,integration,integration,53,0,8,0,0,0,0,0,0,0,1,1,0,0,0,0,0,0,0,0,0,0,0,0,0,0,0,0,0,0,0,0,0,0,0,0,0,0,1,0,0,0,0,0,0,0,0,0,0,0,0,0,0,0,0,1,0,0,1,2,0,1
integration/graphql-code-first/src/app.module.ts,integration,integration,20,1,4,0,0,0,0,0,0,0,0,0,0,0,1,0,0,0,0,0,0,1,0,0,0,0,0,0,0,1,1,0,0,0,0,0,0,0,0,0,0,0,0,0,0,0,0,0,0,0,0,0,0,0,0,0,0,0,0,0,0,0
integration/graphql-code-first/src/common/filters/unauthorized.filter.ts,integration,integration,8,1,5,1,0,0,0,0,0,0,0,0,0,0,1,0,0,0,0,0,0,1,0,0,0,0,0,0,0,0,1,0,0,0,1,0,0,0,0,0,0,0,0,0,0,0,0,0,0,0,0,0,0,0,0,0,0,0,0,0,0,0
integration/graphql-code-first/src/common/guards/auth.guard.ts,integration,integration,17,1,6,1,1,0,0,0,0,1,0,0,0,0,1,0,0,0,0,0,0,1,0,0,0,0,0,0,0,0,1,0,0,0,0,0,0,0,0,0,0,0,0,0,0,0,0,0,0,0,0,0,0,0,0,0,0,0,0,0,0,0
integration/graphql-code-first/src/common/interceptors/data.interceptor.ts,integration,integration,14,1,5,1,0,0,0,0,0,0,0,0,0,0,1,0,0,0,0,0,0,1,0,0,0,0,0,0,0,0,1,0,0,0,1,0,0,0,0,0,0,0,0,0,0,0,0,0,0,0,0,0,0,0,0,0,0,0,0,0,0,0
integration/graphql-code-first/src/common/scalars/date.scalar.ts,integration,integration,18,1,14,3,1,0,0,0,0,0,0,0,0,0,1,0,0,0,1,0,0,1,0,0,0,0,0,0,0,1,1,0,0,0,2,0,0,0,0,0,0,0,0,0,0,0,0,0,0,0,0,0,0,0,0,0,0,3,0,0,0,0
integration/graphql-code-first/src/main.ts,integration,integration,9,0,4,1,0,0,0,0,0,0,0,0,0,0,0,0,0,0,1,0,1,0,0,0,0,0,0,0,0,0,0,0,0,0,0,0,0,0,0,0,0,0,0,0,0,0,0,0,0,0,0,0,0,0,0,0,1,0,0,0,0,0
integration/graphql-code-first/src/recipes/dto/new-recipe.input.ts,integration,integration,15,1,6,0,0,0,0,0,0,0,0,0,0,0,1,0,0,0,3,0,0,1,0,0,0,0,0,0,0,0,1,0,0,0,0,0,0,0,0,0,0,0,0,0,0,0,0,0,0,0,0,0,0,0,0,0,0,0,0,0,0,0
integration/graphql-code-first/src/recipes/dto/recipes.args.ts,integration,integration,12,1,5,0,0,0,0,0,0,0,0,0,0,0,1,0,0,0,2,0,0,1,0,0,0,0,0,0,0,0,1,0,0,0,0,0,0,0,0,0,0,0,0,0,0,0,0,0,0,0,0,0,0,0,0,0,0,0,0,0,0,0
integration/graphql-code-first/src/recipes/models/recipe.ts,integration,integration,14,1,1,0,0,0,0,0,0,0,0,0,0,0,0,0,0,0,0,0,0,1,0,0,0,0,0,0,0,0,0,0,0,0,0,0,0,0,0,0,0,0,0,0,0,0,0,0,0,0,0,0,0,0,0,0,0,0,0,0,0,0
integration/graphql-code-first/src/recipes/recipes.module.ts,integration,integration,18,1,3,0,0,0,0,0,0,0,0,0,0,0,1,0,0,0,0,0,0,1,0,0,0,0,0,0,0,0,1,0,0,0,0,0,0,0,0,0,0,0,0,0,0,0,0,0,0,0,0,0,0,0,0,0,0,0,0,0,0,0
integration/graphql-code-first/src/recipes/recipes.resolver.ts,integration,integration,44,1,15,6,1,0,0,0,0,1,0,0,0,0,1,0,0,0,0,0,0,1,4,0,0,0,0,0,0,0,1,0,0,0,0,0,0,0,0,0,0,0,0,0,0,0,0,0,0,0,0,0,0,0,0,0,0,0,0,0,0,0
integration/graphql-code-first/src/recipes/recipes.service.ts,integration,integration,26,1,14,4,0,0,0,0,0,0,0,0,0,0,1,0,0,0,1,0,0,1,0,0,0,0,0,0,0,0,1,0,0,0,2,0,0,3,0,0,0,0,0,0,0,0,0,0,0,0,0,0,0,0,0,0,0,1,0,0,0,0
integration/graphql-schema-first/e2e/graphql-async-class.spec.ts,integration,integration,34,0,8,0,0,0,0,0,0,0,1,1,0,0,0,0,0,0,0,0,0,0,0,0,0,0,0,0,0,0,0,0,0,0,0,0,0,0,1,0,0,0,0,0,0,0,0,0,0,0,0,0,0,0,0,1,0,0,1,2,0,1
integration/graphql-schema-first/e2e/graphql-async-existing.spec.ts,integration,integration,34,0,8,0,0,0,0,0,0,0,1,1,0,0,0,0,0,0,0,0,0,0,0,0,0,0,0,0,0,0,0,0,0,0,0,0,0,0,1,0,0,0,0,0,0,0,0,0,0,0,0,0,0,0,0,1,0,0,1,2,0,1
integration/graphql-schema-first/e2e/graphql-async.spec.ts,integration,integration,32,0,8,0,0,0,0,0,0,0,1,1,0,0,0,0,0,0,0,0,0,0,0,0,0,0,0,0,0,0,0,0,0,0,0,0,0,0,1,0,0,0,0,0,0,0,0,0,0,0,0,0,0,0,0,1,0,0,1,2,0,1
integration/graphql-schema-first/e2e/graphql-request-scoped.spec.ts,integration,integration,56,0,10,1,1,0,0,0,0,0,1,1,0,0,0,0,0,0,0,0,0,0,0,0,0,0,0,0,0,0,0,0,0,0,0,0,0,0,1,0,0,0,0,0,0,0,0,0,0,0,0,0,0,0,0,1,0,0,1,2,0,1
integration/graphql-schema-first/e2e/graphql.spec.ts,integration,integration,35,0,8,0,0,0,0,0,0,0,1,1,0,0,0,0,0,0,0,0,0,0,0,0,0,0,0,0,0,0,0,0,0,0,0,0,0,0,1,0,0,0,0,0,0,0,0,0,0,0,0,0,0,0,0,1,0,0,1,2,0,1
integration/graphql-schema-first/src/app.module.ts,integration,integration,16,1,3,0,0,0,0,0,0,0,0,0,0,0,1,0,0,0,0,0,0,1,0,0,0,0,0,0,0,0,1,0,0,0,0,0,0,0,0,0,0,0,0,0,0,0,0,0,0,0,0,0,0,0,0,0,0,0,0,0,0,0
integration/graphql-schema-first/src/async-options-class.module.ts,integration,integration,22,1,5,1,0,0,0,0,0,0,0,0,0,0,1,0,0,0,0,0,0,2,0,0,0,0,0,0,0,0,1,0,0,0,0,0,0,0,0,0,0,0,0,0,0,0,0,0,0,0,0,0,0,0,0,0,0,0,0,0,0,0
integration/graphql-schema-first/src/async-options-existing.module.ts,integration,integration,17,1,3,0,0,0,0,0,0,0,0,0,0,0,1,0,0,0,0,0,0,1,0,0,0,0,0,0,0,0,1,0,0,0,0,0,0,0,0,0,0,0,0,0,0,0,0,0,0,0,0,0,0,0,0,0,0,0,0,0,0,0
integration/graphql-schema-first/src/async-options.module.ts,integration,integration,17,1,3,0,0,0,0,0,0,0,0,0,0,0,1,0,0,0,0,0,0,1,0,0,0,0,0,0,0,0,1,0,0,0,0,0,0,0,0,0,0,0,0,0,0,0,0,0,0,0,0,0,0,0,0,0,0,0,0,0,0,0
integration/graphql-schema-first/src/cats/cats-request-scoped.service.ts,integration,integration,20,1,15,4,0,0,0,0,0,0,0,0,0,0,1,0,0,0,1,0,0,1,3,0,2,0,0,0,0,0,1,0,0,0,0,1,0,0,0,1,0,0,0,0,0,0,0,0,0,0,0,0,0,0,0,0,0,0,0,0,0,0
integration/graphql-schema-first/src/cats/cats.guard.ts,integration,integration,9,1,4,1,0,0,0,0,0,0,0,0,0,0,1,0,0,0,0,0,0,1,0,0,0,0,0,0,0,0,1,0,0,0,0,0,0,0,0,0,0,0,0,0,0,0,0,0,0,0,0,0,0,0,0,0,0,0,0,0,0,0
integration/graphql-schema-first/src/cats/cats.module.ts,integration,integration,21,1,4,1,0,0,0,0,0,0,0,0,0,0,1,0,0,0,0,0,0,1,0,0,0,0,0,0,0,0,1,0,0,0,0,0,0,0,0,0,0,0,0,0,0,0,0,0,0,0,0,0,0,0,0,0,0,0,0,0,0,0
integration/graphql-schema-first/src/cats/cats.resolvers.ts,integration,integration,33,1,11,5,0,0,0,0,0,0,0,0,0,0,1,0,0,0,0,0,0,1,3,0,0,0,0,0,0,0,1,0,0,0,0,0,0,0,0,0,0,0,0,0,0,0,0,0,0,0,0,0,0,0,0,0,0,0,0,0,0,0
integration/graphql-schema-first/src/cats/cats.service.ts,integration,integration,20,1,15,4,0,0,0,0,0,0,0,0,0,0,1,0,0,0,1,0,0,1,3,0,2,0,0,0,0,0,1,0,0,0,0,1,0,0,0,1,0,0,0,0,0,0,0,0,0,0,0,0,0,0,0,0,0,0,0,0,0,0
integration/graphql-schema-first/src/cats/interfaces/cat.interface.ts,integration,integration,5,1,2,0,0,0,0,0,0,0,0,0,0,0,1,0,0,0,0,0,0,0,0,0,0,0,0,0,0,0,1,0,0,0,0,0,0,0,0,0,0,0,0,0,0,0,0,0,0,0,0,0,0,0,0,0,0,0,0,0,0,0
integration/graphql-schema-first/src/common/scalars/date.scalar.ts,integration,integration,18,1,12,3,1,0,0,0,0,0,0,0,0,0,1,0,0,0,1,0,0,1,0,0,0,0,0,0,0,1,1,0,0,0,0,0,0,0,0,0,0,0,0,0,0,0,0,0,0,0,0,0,0,0,0,0,0,3,0,0,0,0
integration/graphql-schema-first/src/config.module.ts,integration,integration,7,1,3,0,0,0,0,0,0,0,0,0,0,0,1,0,0,0,0,0,0,1,0,0,0,0,0,0,0,0,1,0,0,0,0,0,0,0,0,0,0,0,0,0,0,0,0,0,0,0,0,0,0,0,0,0,0,0,0,0,0,0
integration/graphql-schema-first/src/config.service.ts,integration,integration,11,1,4,1,0,0,0,0,0,0,0,0,0,0,1,0,0,0,0,0,0,1,0,0,0,0,0,0,0,0,1,0,0,0,0,0,0,0,0,0,0,0,0,0,0,0,0,0,0,0,0,0,0,0,0,0,0,0,0,0,0,0
integration/graphql-schema-first/src/main.ts,integration,integration,7,0,4,1,0,0,0,0,0,0,0,0,0,0,0,0,0,0,1,0,1,0,0,0,0,0,0,0,0,0,0,0,0,0,0,0,0,0,0,0,0,0,0,0,0,0,0,0,0,0,0,0,0,0,0,0,1,0,0,0,0,0
integration/hello-world/e2e/buffer-logs.spec.ts,integration,integration,50,0,23,3,0,0,0,0,0,0,2,4,0,0,0,0,0,0,0,0,0,1,3,0,0,0,0,0,0,0,0,0,0,0,3,0,0,0,2,0,0,0,0,0,0,0,0,0,0,0,0,0,0,0,0,1,0,0,1,2,0,1
integration/hello-world/e2e/capturing-logger.spec.ts,integration,integration,108,0,31,6,0,0,0,0,0,1,2,3,0,0,0,0,0,0,0,0,0,2,4,0,0,0,0,0,0,3,0,0,0,0,0,0,0,0,0,0,0,0,0,0,0,0,0,0,0,0,0,0,0,0,0,0,0,1,1,3,1,4
integration/hello-world/e2e/exceptions.spec.ts,integration,integration,138,0,29,4,0,0,0,0,0,0,3,4,0,0,0,0,0,0,0,0,0,0,0,0,0,0,0,0,0,0,0,0,0,0,0,0,0,0,3,0,0,0,0,0,0,0,0,0,0,0,0,0,0,0,0,1,0,0,1,4,1,8
integration/hello-world/e2e/exclude-middleware-fastify.spec.ts,integration,integration,137,0,28,10,0,0,0,0,0,0,1,1,0,0,0,0,0,0,0,0,0,2,0,0,0,0,0,0,0,0,0,0,0,0,0,0,0,0,0,0,0,0,0,0,0,0,0,0,0,0,0,0,0,0,0,1,1,0,1,2,0,9
integration/hello-world/e2e/exclude-middleware.spec.ts,integration,integration,133,0,28,10,0,0,0,0,0,0,1,1,0,0,0,0,0,0,0,0,0,2,0,0,0,0,0,0,0,0,0,0,0,0,0,0,0,0,0,0,0,0,0,0,0,0,0,0,0,0,0,0,0,0,0,1,1,0,1,2,0,9
integration/hello-world/e2e/express-instance.spec.ts,integration,integration,47,0,15,0,0,0,0,0,0,0,2,2,0,0,0,0,0,0,0,0,0,0,0,0,0,0,0,0,0,0,0,0,0,0,0,0,0,0,2,0,0,0,0,0,0,0,0,0,0,0,0,0,0,0,0,1,0,0,1,2,0,5
integration/hello-world/e2e/express-multiple.spec.ts,integration,integration,126,0,32,2,1,0,0,0,0,0,2,2,1,0,0,0,0,0,0,0,1,0,0,0,0,0,0,0,1,0,0,0,0,0,0,0,0,0,3,3,0,0,0,0,0,0,0,0,0,0,0,0,0,0,0,1,0,0,1,5,1,8
integration/hello-world/e2e/express-not-found.spec.ts,integration,integration,51,0,15,1,1,0,0,0,0,0,1,1,0,0,0,0,0,0,0,0,1,0,0,0,0,0,0,0,1,0,0,0,0,0,0,0,0,0,3,0,0,0,0,0,0,0,0,0,0,0,0,0,0,0,0,1,0,0,1,2,0,2
integration/hello-world/e2e/fastify-adapter.spec.ts,integration,integration,102,0,20,6,0,0,0,0,0,0,1,1,0,0,0,0,0,0,0,0,0,0,0,0,0,0,0,0,0,0,0,0,0,0,0,0,0,0,1,0,0,0,0,0,0,0,0,0,0,0,0,0,0,0,0,1,0,0,1,2,0,7
integration/hello-world/e2e/fastify-middleware-before-init.spec.ts,integration,integration,115,0,30,10,0,0,0,0,0,0,1,2,0,0,0,0,0,0,0,0,0,3,1,0,0,0,0,0,0,0,0,0,0,0,0,0,0,0,0,0,0,0,0,0,0,0,0,0,0,0,0,0,0,0,0,0,0,5,1,4,1,2
integration/hello-world/e2e/fastify-multiple.spec.ts,integration,integration,4,0,4,0,0,0,0,0,0,0,0,0,0,0,0,0,0,0,0,0,0,0,0,0,0,0,0,0,0,0,0,0,0,0,0,0,0,0,0,0,0,0,0,0,0,0,0,0,0,0,0,0,0,0,0,0,0,1,1,1,0,1
integration/hello-world/e2e/force-console.spec.ts,integration,integration,124,0,66,0,0,0,0,0,0,0,9,10,0,0,0,0,0,0,0,0,0,0,0,0,0,0,0,0,0,5,0,0,0,0,0,0,0,0,1,8,0,0,0,0,0,0,0,0,0,0,0,0,0,0,0,1,0,12,1,14,1,4
integration/hello-world/e2e/guards.spec.ts,integration,integration,55,1,16,3,1,0,0,0,0,1,1,2,0,0,1,0,0,0,0,0,1,1,0,0,0,0,0,0,0,0,0,1,0,0,0,0,0,0,0,0,0,0,0,0,0,0,0,0,0,0,0,0,0,0,0,1,0,0,1,1,0,1
integration/hello-world/e2e/hello-world.spec.ts,integration,integration,74,0,17,1,0,0,0,0,0,0,2,2,0,0,0,0,0,0,0,0,0,0,0,0,0,0,0,0,0,0,0,0,0,0,0,0,0,0,1,0,0,0,0,0,0,0,0,0,0,1,0,0,0,0,1,1,0,0,1,2,1,4
integration/hello-world/e2e/interceptors.spec.ts,integration,integration,123,4,38,7,1,0,0,1,0,0,1,6,2,1,0,0,0,0,0,0,1,4,4,0,0,0,0,0,0,0,0,0,0,0,0,0,0,0,0,0,0,0,0,0,0,0,1,0,0,0,0,0,0,0,0,1,0,0,1,1,0,6
integration/hello-world/e2e/local-pipes.spec.ts,integration,integration,42,0,12,0,0,0,0,0,0,0,2,2,0,0,0,0,0,0,0,0,0,0,0,0,0,0,0,0,0,0,0,0,0,0,0,0,0,0,1,0,0,0,0,0,0,0,0,0,0,0,0,0,0,0,0,1,0,0,1,2,0,3
integration/hello-world/e2e/middleware-class.spec.ts,integration,integration,76,0,18,3,0,0,0,0,0,0,1,1,0,0,0,0,0,0,0,0,0,3,0,0,0,0,0,0,0,0,0,0,0,0,0,0,0,0,0,0,0,0,0,0,0,0,0,0,0,0,0,0,0,0,0,1,2,0,1,2,0,4
integration/hello-world/e2e/middleware-execute-order.spec.ts,integration,integration,90,0,21,5,0,0,0,0,0,0,1,1,0,0,0,0,0,0,0,0,0,6,0,0,0,0,0,0,0,0,0,0,0,0,0,0,0,0,0,0,0,0,0,0,0,0,0,0,0,0,0,0,0,0,0,0,3,0,1,2,0,2
integration/hello-world/e2e/middleware-fastify.spec.ts,integration,integration,1036,0,191,50,5,0,0,0,0,2,4,17,0,0,0,0,0,0,0,0,0,21,6,0,0,0,0,0,1,0,0,0,0,0,11,0,0,3,0,0,0,0,0,0,0,2,0,0,0,0,0,0,0,0,0,1,0,3,1,25,1,38
integration/hello-world/e2e/middleware-run-match-route.ts,integration,integration,88,0,37,17,0,0,0,0,0,0,2,3,0,0,0,0,0,0,4,0,0,3,0,4,0,0,0,0,0,0,0,0,0,0,0,0,0,0,0,0,0,0,0,0,0,0,0,0,0,0,0,0,0,0,1,0,2,1,0,0,0,0
integration/hello-world/e2e/middleware-with-versioning.spec.ts,integration,integration,150,0,32,4,1,0,0,0,0,0,1,6,0,0,0,0,0,0,0,0,1,2,0,0,0,0,0,0,0,0,0,0,0,0,0,0,0,0,0,0,0,0,0,0,0,0,0,0,0,0,0,0,0,0,0,1,1,0,1,7,1,6
integration/hello-world/e2e/middleware.spec.ts,integration,integration,106,0,27,6,1,0,0,0,0,0,1,5,0,0,0,0,0,0,0,0,1,2,0,0,0,0,0,0,0,0,0,0,0,0,0,0,0,0,0,0,0,0,0,0,0,0,0,0,0,0,0,0,0,0,0,1,3,0,1,1,0,5
integration/hello-world/e2e/repro-11802.spec.ts,integration,integration,82,0,30,4,0,0,0,0,0,0,2,3,0,0,0,0,0,0,0,0,1,3,0,0,0,0,0,0,0,0,0,0,0,0,2,0,0,0,0,0,0,0,0,0,0,0,0,0,0,0,0,0,0,0,0,0,0,10,1,2,0,2
integration/hello-world/e2e/router-module-middleware.spec.ts,integration,integration,67,0,14,3,0,0,0,0,0,0,1,1,0,0,0,0,0,0,0,0,0,2,0,0,0,0,0,0,0,0,0,0,0,0,0,0,0,0,0,0,0,0,0,0,0,0,0,0,0,0,0,0,0,0,0,1,1,0,1,2,0,2
integration/hello-world/e2e/router-module.spec.ts,integration,integration,83,0,21,1,0,0,0,0,0,0,1,1,0,0,0,0,0,0,0,0,0,12,1,0,0,0,0,0,0,0,0,0,0,0,0,0,0,0,0,0,0,0,0,0,0,0,0,0,0,0,0,0,0,0,0,0,0,0,1,1,0,3
integration/hello-world/e2e/schema-in-pipes.spec.ts,integration,integration,141,0,40,7,0,0,0,0,0,0,2,2,0,0,0,0,0,0,0,0,0,3,0,1,0,0,0,0,0,0,0,0,0,0,5,12,0,0,0,0,0,0,0,0,0,0,0,0,0,0,0,0,0,0,0,0,0,1,1,1,0,5
integration/hello-world/e2e/standard-schema-serializer.spec.ts,integration,integration,277,0,62,18,0,0,0,0,0,0,1,3,0,0,0,0,0,0,0,0,0,5,0,0,0,0,0,0,0,0,0,0,0,0,3,0,0,3,0,0,0,0,0,0,0,0,0,0,1,1,0,0,0,0,0,0,3,10,1,4,1,8
integration/hello-world/src/app.module.ts,integration,integration,8,1,3,0,0,0,0,0,0,0,0,0,0,0,1,0,0,0,0,0,0,1,0,0,0,0,0,0,0,0,1,0,0,0,0,0,0,0,0,0,0,0,0,0,0,0,0,0,0,0,0,0,0,0,0,0,0,0,0,0,0,0
integration/hello-world/src/errors/errors.controller.ts,integration,integration,30,1,17,5,0,0,0,0,0,3,0,0,0,0,1,0,0,0,2,0,0,1,2,0,1,0,0,0,0,0,1,0,0,0,0,0,0,0,0,0,0,0,0,0,1,0,0,0,0,0,0,0,0,0,0,0,0,0,0,0,0,0
integration/hello-world/src/hello/dto/test.dto.ts,integration,integration,8,1,3,0,0,0,0,0,0,0,0,0,0,0,1,0,0,0,0,0,0,1,0,0,0,0,0,0,0,0,1,0,0,0,0,0,0,0,0,0,0,0,0,0,0,0,0,0,0,0,0,0,0,0,0,0,0,0,0,0,0,0
integration/hello-world/src/hello/hello.controller.ts,integration,integration,28,1,13,5,0,0,0,0,0,0,0,0,0,0,1,0,0,0,0,0,0,1,3,0,0,0,0,0,0,0,1,0,0,0,2,0,0,0,0,0,0,0,0,0,0,0,0,0,0,0,0,0,0,0,0,0,0,0,0,0,0,0
integration/hello-world/src/hello/hello.module.ts,integration,integration,9,1,3,0,0,0,0,0,0,0,0,0,0,0,1,0,0,0,0,0,0,1,0,0,0,0,0,0,0,0,1,0,0,0,0,0,0,0,0,0,0,0,0,0,0,0,0,0,0,0,0,0,0,0,0,0,0,0,0,0,0,0
integration/hello-world/src/hello/hello.service.ts,integration,integration,7,1,4,1,0,0,0,0,0,0,0,0,0,0,1,0,0,0,0,0,0,1,0,0,0,0,0,0,0,0,1,0,0,0,0,0,0,0,0,0,0,0,0,0,0,0,0,0,0,0,0,0,0,0,0,0,0,0,0,0,0,0
integration/hello-world/src/hello/users/user-by-id.pipe.ts,integration,integration,9,1,6,2,0,0,0,0,0,0,0,0,0,0,1,0,0,0,0,0,0,1,1,0,0,0,0,0,0,0,1,0,0,0,0,0,0,0,0,0,0,0,0,0,0,0,0,0,0,0,0,0,0,0,0,0,0,0,0,0,0,0
integration/hello-world/src/hello/users/users.service.ts,integration,integration,7,1,4,1,0,0,0,0,0,0,0,0,0,0,1,0,0,0,0,0,0,1,0,0,0,0,0,0,0,0,1,0,0,0,0,0,0,0,0,0,0,0,0,0,0,0,0,0,0,0,0,0,0,0,0,0,0,0,0,0,0,0
integration/hello-world/src/host-array/dto/test.dto.ts,integration,integration,8,1,3,0,0,0,0,0,0,0,0,0,0,0,1,0,0,0,0,0,0,1,0,0,0,0,0,0,0,0,1,0,0,0,0,0,0,0,0,0,0,0,0,0,0,0,0,0,0,0,0,0,0,0,0,0,0,0,0,0,0,0
integration/hello-world/src/host-array/host-array.controller.ts,integration,integration,32,1,13,5,0,0,0,0,0,0,0,0,0,0,1,0,0,0,0,0,0,1,3,0,0,0,0,0,0,0,1,0,0,0,2,0,0,0,0,0,0,0,0,0,0,0,0,0,0,0,0,0,0,0,0,0,0,0,0,0,0,0
integration/hello-world/src/host-array/host-array.module.ts,integration,integration,9,1,3,0,0,0,0,0,0,0,0,0,0,0,1,0,0,0,0,0,0,1,0,0,0,0,0,0,0,0,1,0,0,0,0,0,0,0,0,0,0,0,0,0,0,0,0,0,0,0,0,0,0,0,0,0,0,0,0,0,0,0
integration/hello-world/src/host-array/host-array.service.ts,integration,integration,7,1,4,1,0,0,0,0,0,0,0,0,0,0,1,0,0,0,0,0,0,1,0,0,0,0,0,0,0,0,1,0,0,0,0,0,0,0,0,0,0,0,0,0,0,0,0,0,0,0,0,0,0,0,0,0,0,0,0,0,0,0
integration/hello-world/src/host-array/users/user-by-id.pipe.ts,integration,integration,9,1,6,2,0,0,0,0,0,0,0,0,0,0,1,0,0,0,0,0,0,1,1,0,0,0,0,0,0,0,1,0,0,0,0,0,0,0,0,0,0,0,0,0,0,0,0,0,0,0,0,0,0,0,0,0,0,0,0,0,0,0
integration/hello-world/src/host-array/users/users.service.ts,integration,integration,7,1,4,1,0,0,0,0,0,0,0,0,0,0,1,0,0,0,0,0,0,1,0,0,0,0,0,0,0,0,1,0,0,0,0,0,0,0,0,0,0,0,0,0,0,0,0,0,0,0,0,0,0,0,0,0,0,0,0,0,0,0
integration/hello-world/src/host/dto/test.dto.ts,integration,integration,8,1,3,0,0,0,0,0,0,0,0,0,0,0,1,0,0,0,0,0,0,1,0,0,0,0,0,0,0,0,1,0,0,0,0,0,0,0,0,0,0,0,0,0,0,0,0,0,0,0,0,0,0,0,0,0,0,0,0,0,0,0
integration/hello-world/src/host/host.controller.ts,integration,integration,32,1,13,5,0,0,0,0,0,0,0,0,0,0,1,0,0,0,0,0,0,1,3,0,0,0,0,0,0,0,1,0,0,0,2,0,0,0,0,0,0,0,0,0,0,0,0,0,0,0,0,0,0,0,0,0,0,0,0,0,0,0
integration/hello-world/src/host/host.module.ts,integration,integration,9,1,3,0,0,0,0,0,0,0,0,0,0,0,1,0,0,0,0,0,0,1,0,0,0,0,0,0,0,0,1,0,0,0,0,0,0,0,0,0,0,0,0,0,0,0,0,0,0,0,0,0,0,0,0,0,0,0,0,0,0,0
integration/hello-world/src/host/host.service.ts,integration,integration,7,1,4,1,0,0,0,0,0,0,0,0,0,0,1,0,0,0,0,0,0,1,0,0,0,0,0,0,0,0,1,0,0,0,0,0,0,0,0,0,0,0,0,0,0,0,0,0,0,0,0,0,0,0,0,0,0,0,0,0,0,0
integration/hello-world/src/host/users/user-by-id.pipe.ts,integration,integration,9,1,6,2,0,0,0,0,0,0,0,0,0,0,1,0,0,0,0,0,0,1,1,0,0,0,0,0,0,0,1,0,0,0,0,0,0,0,0,0,0,0,0,0,0,0,0,0,0,0,0,0,0,0,0,0,0,0,0,0,0,0
integration/hello-world/src/host/users/users.service.ts,integration,integration,7,1,4,1,0,0,0,0,0,0,0,0,0,0,1,0,0,0,0,0,0,1,0,0,0,0,0,0,0,0,1,0,0,0,0,0,0,0,0,0,0,0,0,0,0,0,0,0,0,0,0,0,0,0,0,0,0,0,0,0,0,0
integration/hooks/e2e/before-app-shutdown.spec.ts,integration,integration,87,0,24,3,0,0,0,0,0,0,0,0,0,0,0,0,0,0,0,0,0,9,0,0,0,0,0,0,0,0,0,2,0,0,0,0,0,0,0,0,0,0,0,0,0,0,0,0,0,0,0,0,0,0,0,0,1,0,1,6,0,2
integration/hooks/e2e/enable-shutdown-hook.spec.ts,integration,integration,74,0,27,6,0,0,0,0,0,0,0,0,3,0,0,0,0,0,0,0,1,0,0,0,0,0,0,0,0,0,0,0,0,0,0,0,0,0,0,3,0,0,0,0,0,8,0,0,0,0,0,0,0,0,0,0,0,0,1,0,0,5
integration/hooks/e2e/lifecycle-hook-order.spec.ts,integration,integration,47,0,13,0,0,0,0,1,0,0,1,1,0,0,0,0,0,0,0,0,0,1,0,0,0,0,0,0,0,0,0,1,0,0,0,0,0,0,0,1,0,0,0,0,0,0,0,0,0,0,0,0,0,0,0,0,0,0,1,5,0,1
integration/hooks/e2e/on-app-bootstrap.spec.ts,integration,integration,111,0,27,5,0,0,0,0,0,0,0,0,0,0,0,0,0,0,0,0,0,9,3,0,0,0,0,0,0,0,0,2,0,0,0,0,0,0,0,0,0,0,0,0,0,0,0,0,0,0,0,0,0,0,0,0,1,0,1,4,0,2
integration/hooks/e2e/on-app-shutdown.spec.ts,integration,integration,107,0,27,4,0,0,0,0,0,1,0,0,0,0,0,0,0,0,0,0,0,10,0,0,0,0,0,0,0,0,0,2,0,0,0,0,0,0,0,0,0,0,0,0,0,0,0,0,0,0,0,0,0,0,0,0,1,0,1,6,0,2
integration/hooks/e2e/on-module-destroy.spec.ts,integration,integration,105,0,24,3,0,0,0,0,0,0,0,0,0,0,0,0,0,0,0,0,0,9,0,0,0,0,0,0,0,0,0,2,0,0,0,0,0,0,0,0,0,0,0,0,0,0,0,0,0,0,0,0,0,0,0,0,1,0,1,6,0,2
integration/hooks/e2e/on-module-init.spec.ts,integration,integration,135,0,35,8,0,0,0,0,0,0,0,0,0,0,0,0,0,0,0,0,0,12,5,0,0,0,0,0,0,0,0,2,0,0,0,0,0,0,0,0,0,0,0,0,0,0,0,0,0,0,0,0,0,0,0,0,1,0,1,4,0,2
integration/hooks/src/enable-shutdown-hooks-main.ts,integration,integration,37,0,20,3,2,0,1,0,0,0,0,0,1,0,0,0,0,0,4,0,1,2,0,0,0,0,0,0,0,3,0,0,0,0,0,0,0,0,0,0,0,0,0,0,0,0,0,0,0,0,0,0,0,0,0,0,3,0,0,0,0,0
integration/injector/e2e/circular-custom-providers.spec.ts,integration,integration,86,1,24,6,0,0,0,0,0,0,0,0,0,0,1,0,0,0,0,0,0,8,0,0,0,0,0,0,0,0,0,3,0,0,0,0,0,0,0,0,0,0,0,0,0,0,0,0,0,0,0,0,0,0,1,0,0,0,1,0,0,4
integration/injector/e2e/circular-modules.spec.ts,integration,integration,17,0,3,0,0,0,0,0,0,0,0,0,0,0,0,0,0,0,0,0,0,0,0,0,0,0,0,0,0,0,0,0,0,0,0,0,0,0,0,0,0,0,0,0,0,0,0,0,0,0,0,0,0,0,0,1,0,0,1,0,0,1
integration/injector/e2e/circular-property-injection.spec.ts,integration,integration,17,0,3,0,0,0,0,0,0,0,0,0,0,0,0,0,0,0,0,0,0,0,0,0,0,0,0,0,0,0,0,0,0,0,0,0,0,0,0,0,0,0,0,0,0,0,0,0,0,0,0,0,0,0,0,1,0,0,1,0,0,1
integration/injector/e2e/circular-structure-dynamic-modules.spec.ts,integration,integration,13,0,3,0,0,0,0,0,0,0,0,0,0,0,0,0,0,0,0,0,0,0,0,0,0,0,0,0,0,0,0,0,0,0,0,0,0,0,0,0,0,0,0,0,0,0,0,0,0,0,0,0,0,0,0,1,0,0,1,0,0,1
integration/injector/e2e/circular.spec.ts,integration,integration,16,0,3,0,0,0,0,0,0,0,0,0,0,0,0,0,0,0,0,0,0,0,0,0,0,0,0,0,0,0,0,0,0,0,0,0,0,0,0,0,0,0,0,0,0,0,0,0,0,0,0,0,0,0,0,1,0,0,1,0,0,1
integration/injector/e2e/core-injectables.spec.ts,integration,integration,33,0,10,0,0,0,0,0,0,0,1,1,0,0,0,0,0,0,0,0,0,0,0,0,0,0,0,0,0,0,0,0,0,0,0,0,0,0,1,0,0,0,0,0,0,0,0,0,0,0,0,0,0,0,0,1,0,0,1,2,0,3
integration/injector/e2e/default-values.spec.ts,integration,integration,14,0,4,0,0,0,0,0,0,0,0,0,0,0,0,0,0,0,0,0,0,0,0,0,0,0,0,0,0,0,0,0,0,0,0,0,0,0,0,0,0,0,0,0,0,0,0,0,0,0,0,0,0,0,0,1,0,0,1,0,1,1
integration/injector/e2e/for-root-for-feature-resolution.spec.ts,integration,integration,106,0,24,6,1,0,0,0,0,0,1,3,0,0,0,0,0,0,0,0,0,7,0,0,0,0,0,0,0,0,0,0,0,0,0,0,0,0,0,0,0,0,0,0,0,0,0,0,0,0,0,0,0,0,0,0,0,0,1,1,1,3
integration/injector/e2e/inherited-optional.spec.ts,integration,integration,69,0,18,5,0,0,0,0,0,0,0,0,0,0,0,0,0,0,0,0,0,7,1,0,0,0,0,0,0,0,1,0,0,0,0,0,0,0,0,0,0,0,0,0,0,0,0,0,0,0,0,0,0,0,0,0,0,1,1,0,1,1
integration/injector/e2e/injector.spec.ts,integration,integration,245,0,58,5,1,0,0,4,0,0,6,6,0,0,0,0,0,0,0,0,0,20,0,0,0,0,0,0,0,0,0,0,0,0,0,1,0,0,0,2,0,0,0,0,0,0,0,0,0,0,0,0,0,0,1,1,0,0,1,0,1,9
integration/injector/e2e/introspection.spec.ts,integration,integration,31,0,12,0,0,0,0,0,0,0,2,2,0,0,0,0,0,0,0,0,0,0,0,0,0,0,0,0,0,0,0,0,0,0,0,0,0,0,1,0,0,0,0,0,0,0,0,0,0,0,0,0,0,0,0,1,0,0,1,2,0,3
integration/injector/e2e/many-global-modules.spec.ts,integration,integration,130,15,31,3,0,0,0,0,0,0,0,0,0,1,0,0,0,0,0,0,0,18,3,1,0,0,0,0,0,0,0,0,0,0,0,0,0,0,0,0,0,0,0,0,0,0,0,0,0,0,0,0,0,0,1,0,0,1,1,1,0,1
integration/injector/e2e/multiple-providers.spec.ts,integration,integration,55,0,9,0,0,0,0,0,0,0,0,0,0,0,0,0,0,0,0,0,0,0,0,0,0,0,0,0,0,0,0,0,0,0,0,0,3,0,0,0,0,0,0,0,0,0,0,0,0,0,0,0,0,0,0,1,0,0,1,0,1,3
integration/injector/e2e/optional-factory-provider-dep.spec.ts,integration,integration,117,0,11,2,0,0,0,0,0,0,0,0,0,0,0,0,0,0,0,0,0,0,0,1,0,0,0,0,0,0,0,0,0,0,1,0,0,0,0,0,0,0,0,0,0,0,0,0,0,0,0,0,0,0,0,0,0,0,1,0,1,5
integration/injector/e2e/parallel-request-scoped-resolution.spec.ts,integration,integration,206,0,52,11,2,0,0,0,0,0,1,1,1,0,0,0,0,0,0,0,0,6,8,0,0,0,0,0,0,0,0,0,0,0,0,0,0,0,0,15,0,0,0,0,0,0,0,0,0,0,0,0,0,0,0,0,0,0,1,1,0,5
integration/injector/e2e/property-injection.spec.ts,integration,integration,33,0,4,0,0,0,0,0,0,0,0,0,0,0,0,0,0,0,0,0,0,0,0,0,0,0,0,0,0,0,0,0,0,0,0,0,0,0,0,0,0,0,0,0,0,0,0,0,0,0,0,0,0,0,0,1,0,1,1,0,0,1
integration/injector/e2e/request-scope-bubbling.spec.ts,integration,integration,38,0,18,1,0,0,0,0,0,0,0,0,0,0,0,0,0,0,0,0,0,3,0,0,0,0,0,0,0,1,0,0,0,0,0,0,0,0,0,0,0,0,0,0,0,0,0,0,0,0,0,0,0,0,1,0,0,10,1,0,0,1
integration/injector/e2e/request-scoped-factory-provider.spec.ts,integration,integration,207,0,49,12,3,0,1,0,0,0,1,1,1,0,0,0,0,0,0,0,0,10,9,0,0,0,1,0,0,0,0,0,0,0,0,0,0,3,0,2,0,0,0,0,0,0,0,0,0,0,0,0,0,0,1,0,0,0,1,2,0,1
integration/injector/e2e/scoped-instances.spec.ts,integration,integration,124,0,23,1,0,0,0,0,0,0,1,1,1,0,0,0,0,0,0,0,0,0,0,0,0,0,0,0,0,0,0,0,0,0,0,0,0,0,1,6,0,0,0,0,0,0,0,0,0,0,0,0,0,0,0,1,0,0,1,2,0,8
integration/injector/src/app.module.ts,integration,integration,6,1,3,0,0,0,0,0,0,0,0,0,0,0,1,0,0,0,0,0,0,1,0,0,0,0,0,0,0,0,1,0,0,0,0,0,0,0,0,0,0,0,0,0,0,0,0,0,0,0,0,0,0,0,0,0,0,0,0,0,0,0
integration/injector/src/circular-modules/circular.module.ts,integration,integration,9,1,3,0,0,0,0,0,0,0,0,0,0,0,1,0,0,0,0,0,0,1,0,0,0,0,0,0,0,0,1,0,0,0,0,0,0,0,0,0,0,0,0,0,0,0,0,0,0,0,0,0,0,0,0,0,0,0,0,0,0,0
integration/injector/src/circular-modules/circular.service.ts,integration,integration,12,1,12,1,0,0,0,0,0,0,1,1,0,0,1,0,0,0,0,0,0,1,0,0,0,0,0,0,0,0,1,1,0,0,2,0,0,0,0,0,0,0,0,0,0,0,0,0,0,0,0,0,0,0,0,0,1,2,0,0,0,0
integration/injector/src/circular-modules/input.module.ts,integration,integration,9,1,3,0,0,0,0,0,0,0,0,0,0,0,1,0,0,0,0,0,0,1,0,0,0,0,0,0,0,0,1,0,0,0,0,0,0,0,0,0,0,0,0,0,0,0,0,0,0,0,0,0,0,0,0,0,0,0,0,0,0,0
integration/injector/src/circular-modules/input.service.ts,integration,integration,15,1,13,1,0,0,0,0,0,0,1,1,0,0,1,0,0,0,0,0,0,1,0,0,0,0,0,0,0,0,1,1,0,0,2,0,0,0,0,0,0,0,0,0,0,0,0,0,0,0,0,0,0,0,0,0,1,3,0,0,0,0
integration/injector/src/circular-properties/circular-properties.module.ts,integration,integration,9,1,3,0,0,0,0,0,0,0,0,0,0,0,1,0,0,0,0,0,0,1,0,0,0,0,0,0,0,0,1,0,0,0,0,0,0,0,0,0,0,0,0,0,0,0,0,0,0,0,0,0,0,0,0,0,0,0,0,0,0,0
integration/injector/src/circular-properties/circular.service.ts,integration,integration,10,1,11,0,0,0,0,0,0,0,1,1,0,0,1,0,0,0,0,0,0,1,0,0,0,0,0,0,0,0,1,1,0,0,2,0,0,0,0,0,0,0,0,0,0,0,0,0,0,0,0,0,0,0,0,0,1,2,0,0,0,0
integration/injector/src/circular-properties/input-properties.module.ts,integration,integration,9,1,3,0,0,0,0,0,0,0,0,0,0,0,1,0,0,0,0,0,0,1,0,0,0,0,0,0,0,0,1,0,0,0,0,0,0,0,0,0,0,0,0,0,0,0,0,0,0,0,0,0,0,0,0,0,0,0,0,0,0,0
integration/injector/src/circular-properties/input.service.ts,integration,integration,12,1,11,0,0,0,0,0,0,0,1,1,0,0,1,0,0,0,0,0,0,1,0,0,0,0,0,0,0,0,1,1,0,0,2,0,0,0,0,0,0,0,0,0,0,0,0,0,0,0,0,0,0,0,0,0,1,2,0,0,0,0
integration/injector/src/circular-structure-dynamic-module/circular.module.ts,integration,integration,13,1,9,1,0,0,0,0,0,0,0,0,0,0,1,0,0,0,0,0,0,1,0,0,1,0,0,0,0,0,1,1,0,0,1,0,0,1,1,0,0,0,0,0,0,0,0,0,0,0,0,0,0,0,0,0,0,0,0,0,0,0
integration/injector/src/circular-structure-dynamic-module/input.service.ts,integration,integration,3,1,3,0,0,0,0,0,0,0,0,0,0,0,1,0,0,0,0,0,0,1,0,0,0,0,0,0,0,0,1,0,0,0,0,0,0,0,0,0,0,0,0,0,0,0,0,0,0,0,0,0,0,0,0,0,0,0,0,0,0,0
integration/injector/src/circular/circular.module.ts,integration,integration,7,1,3,0,0,0,0,0,0,0,0,0,0,0,1,0,0,0,0,0,0,1,0,0,0,0,0,0,0,0,1,0,0,0,0,0,0,0,0,0,0,0,0,0,0,0,0,0,0,0,0,0,0,0,0,0,0,0,0,0,0,0
integration/injector/src/circular/circular.service.ts,integration,integration,12,1,12,1,0,0,0,0,0,0,1,1,0,0,1,0,0,0,0,0,0,1,0,0,0,0,0,0,0,0,1,1,0,0,2,0,0,0,0,0,0,0,0,0,0,0,0,0,0,0,0,0,0,0,0,0,1,2,0,0,0,0
integration/injector/src/circular/input.service.ts,integration,integration,14,1,12,1,0,0,0,0,0,0,1,1,0,0,1,0,0,0,0,0,0,1,0,0,0,0,0,0,0,0,1,1,0,0,2,0,0,0,0,0,0,0,0,0,0,0,0,0,0,0,0,0,0,0,0,0,1,2,0,0,0,0
integration/injector/src/core-injectables/core-injectables.module.ts,integration,integration,3,1,3,0,0,0,0,0,0,0,0,0,0,0,1,0,0,0,0,0,0,1,0,0,0,0,0,0,0,0,1,0,0,0,0,0,0,0,0,0,0,0,0,0,0,0,0,0,0,0,0,0,0,0,0,0,0,0,0,0,0,0
integration/injector/src/defaults/core.service.ts,integration,integration,3,1,3,0,0,0,0,0,0,0,0,0,0,0,1,0,0,0,0,0,0,1,0,0,0,0,0,0,0,0,1,0,0,0,0,0,0,0,0,0,0,0,0,0,0,0,0,0,0,0,0,0,0,0,0,0,0,0,0,0,0,0
integration/injector/src/defaults/defaults.module.ts,integration,integration,6,1,3,0,0,0,0,0,0,0,0,0,0,0,1,0,0,0,0,0,0,1,0,0,0,0,0,0,0,0,1,0,0,0,0,0,0,0,0,0,0,0,0,0,0,0,0,0,0,0,0,0,0,0,0,0,0,0,0,0,0,0
integration/injector/src/defaults/defaults.service.ts,integration,integration,10,1,4,1,0,0,0,0,0,0,0,0,0,0,1,0,0,0,0,0,0,1,0,0,0,0,0,0,0,0,1,0,0,0,0,0,0,0,0,0,0,0,0,0,0,0,0,0,0,0,0,0,0,0,0,0,0,0,0,0,0,0
integration/injector/src/dynamic/dynamic.module.ts,integration,integration,24,4,8,2,0,0,0,0,0,0,0,0,0,1,0,0,0,0,0,2,0,1,0,0,0,0,0,0,0,0,1,0,0,0,0,0,0,0,0,0,0,0,0,0,0,0,0,0,0,0,0,0,0,0,0,0,1,0,0,0,0,0
integration/injector/src/exports/exports.module.ts,integration,integration,6,1,3,0,0,0,0,0,0,0,0,0,0,0,1,0,0,0,0,0,0,1,0,0,0,0,0,0,0,0,1,0,0,0,0,0,0,0,0,0,0,0,0,0,0,0,0,0,0,0,0,0,0,0,0,0,0,0,0,0,0,0
integration/injector/src/exports/exports.service.ts,integration,integration,3,1,3,0,0,0,0,0,0,0,0,0,0,0,1,0,0,0,0,0,0,1,0,0,0,0,0,0,0,0,1,0,0,0,0,0,0,0,0,0,0,0,0,0,0,0,0,0,0,0,0,0,0,0,0,0,0,0,0,0,0,0
integration/injector/src/inject/core.service.ts,integration,integration,3,1,3,0,0,0,0,0,0,0,0,0,0,0,1,0,0,0,0,0,0,1,0,0,0,0,0,0,0,0,1,0,0,0,0,0,0,0,0,0,0,0,0,0,0,0,0,0,0,0,0,0,0,0,0,0,0,0,0,0,0,0
integration/injector/src/inject/inject-same-name.module.ts,integration,integration,14,1,6,1,0,0,0,0,0,0,0,0,0,0,1,0,0,0,0,0,0,2,0,0,0,0,0,0,0,0,1,0,0,0,1,0,0,0,0,0,0,0,0,0,0,0,0,0,0,0,0,0,0,0,0,0,0,0,0,0,0,0
integration/injector/src/inject/inject.module.ts,integration,integration,6,1,3,0,0,0,0,0,0,0,0,0,0,0,1,0,0,0,0,0,0,1,0,0,0,0,0,0,0,0,1,0,0,0,0,0,0,0,0,0,0,0,0,0,0,0,0,0,0,0,0,0,0,0,0,0,0,0,0,0,0,0
integration/injector/src/inject/inject.service.ts,integration,integration,6,1,4,1,0,0,0,0,0,0,0,0,0,0,1,0,0,0,0,0,0,1,0,0,0,0,0,0,0,0,1,0,0,0,0,0,0,0,0,0,0,0,0,0,0,0,0,0,0,0,0,0,0,0,0,0,0,0,0,0,0,0
integration/injector/src/multiple-providers/a.module.ts,integration,integration,15,1,3,0,0,0,0,0,0,0,0,0,0,0,1,0,0,0,0,0,0,1,0,0,0,0,0,0,0,0,1,0,0,0,0,0,0,0,0,0,0,0,0,0,0,0,0,0,0,0,0,0,0,0,0,0,0,0,0,0,0,0
integration/injector/src/multiple-providers/b.module.ts,integration,integration,15,1,3,0,0,0,0,0,0,0,0,0,0,0,1,0,0,0,0,0,0,1,0,0,0,0,0,0,0,0,1,0,0,0,0,0,0,0,0,0,0,0,0,0,0,0,0,0,0,0,0,0,0,0,0,0,0,0,0,0,0,0
integration/injector/src/multiple-providers/c.module.ts,integration,integration,15,1,3,0,0,0,0,0,0,0,0,0,0,0,1,0,0,0,0,0,0,1,0,0,0,0,0,0,0,0,1,0,0,0,0,0,0,0,0,0,0,0,0,0,0,0,0,0,0,0,0,0,0,0,0,0,0,0,0,0,0,0
integration/injector/src/multiple-providers/multiple-providers.module.ts,integration,integration,8,1,3,0,0,0,0,0,0,0,0,0,0,0,1,0,0,0,0,0,0,1,0,0,0,0,0,0,0,0,1,0,0,0,0,0,0,0,0,0,0,0,0,0,0,0,0,0,0,0,0,0,0,0,0,0,0,0,0,0,0,0
integration/injector/src/properties/dependency.service.ts,integration,integration,3,1,3,0,0,0,0,0,0,0,0,0,0,0,1,0,0,0,0,0,0,1,0,0,0,0,0,0,0,0,1,0,0,0,0,0,0,0,0,0,0,0,0,0,0,0,0,0,0,0,0,0,0,0,0,0,0,0,0,0,0,0
integration/injector/src/properties/properties.module.ts,integration,integration,18,1,3,0,0,0,0,0,0,0,0,0,0,0,1,0,0,0,0,0,0,1,0,0,0,0,0,0,0,0,1,0,0,0,0,0,0,0,0,0,0,0,0,0,0,0,0,0,0,0,0,0,0,0,0,0,0,0,0,0,0,0
integration/injector/src/properties/properties.service.ts,integration,integration,9,2,3,0,0,0,0,0,0,0,0,0,0,1,0,0,0,0,0,0,0,1,0,0,0,0,0,0,0,0,1,0,0,0,0,0,0,0,0,0,0,0,0,0,0,0,0,0,0,0,0,0,0,0,0,0,0,0,0,0,0,0
integration/injector/src/scoped/scoped.controller.ts,integration,integration,6,1,3,0,0,0,0,0,0,0,0,0,0,0,1,0,0,0,0,0,0,1,0,0,0,0,0,0,0,0,1,0,0,0,0,0,0,0,0,0,0,0,0,0,0,0,0,0,0,0,0,0,0,0,0,0,0,0,0,0,0,0
integration/injector/src/scoped/scoped.module.ts,integration,integration,33,4,5,0,0,0,0,0,0,0,0,0,0,1,0,0,0,0,0,0,0,1,0,0,0,0,0,0,0,0,1,0,0,0,0,0,0,0,0,0,0,0,0,0,0,0,0,0,0,0,0,0,0,0,0,0,2,0,0,0,0,0
integration/injector/src/scoped/scoped.service.ts,integration,integration,6,1,4,1,0,0,0,0,0,0,0,0,0,0,1,0,0,0,0,0,0,1,0,0,0,0,0,0,0,0,1,0,0,0,0,0,0,0,0,0,0,0,0,0,0,0,0,0,0,0,0,0,0,0,0,0,0,0,0,0,0,0
integration/injector/src/scoped/transient.service.ts,integration,integration,6,1,4,1,0,0,0,0,0,0,0,0,0,0,1,0,0,0,0,0,0,1,0,0,0,0,0,0,0,0,1,0,0,0,0,0,0,0,0,0,0,0,0,0,0,0,0,0,0,0,0,0,0,0,0,0,0,0,0,0,0,0
integration/injector/src/scoped/transient2.service.ts,integration,integration,5,1,4,0,0,0,0,0,0,0,0,0,0,0,1,0,0,0,0,0,0,1,0,0,0,0,0,0,0,1,1,0,0,0,0,0,0,0,0,0,0,0,0,0,0,0,0,0,0,0,0,0,0,0,0,0,0,0,0,0,0,0
integration/injector/src/scoped/transient3.service.ts,integration,integration,6,1,4,1,0,0,0,0,0,0,0,0,0,0,1,0,0,0,0,0,0,1,0,0,0,0,0,0,0,0,1,0,0,0,0,0,0,0,0,0,0,0,0,0,0,0,0,0,0,0,0,0,0,0,0,0,0,0,0,0,0,0
integration/injector/src/self-injection/self-injection-provider.module.ts,integration,integration,34,3,12,3,0,0,0,0,0,0,0,0,0,1,0,0,0,0,0,0,0,6,0,0,0,0,0,0,0,0,1,0,0,0,1,0,0,0,0,0,0,0,0,0,0,0,0,0,0,0,0,0,0,0,0,0,0,0,0,0,0,0
integration/inspector/e2e/graph-inspector.spec.ts,integration,integration,57,0,21,0,0,0,0,0,0,0,1,1,0,0,0,0,0,0,0,0,0,0,0,0,0,0,0,0,0,0,0,0,0,0,1,0,0,1,2,0,0,0,0,0,0,0,0,0,0,0,0,0,0,0,0,1,0,10,1,1,0,2
integration/inspector/src/app-v1.controller.ts,integration,integration,14,1,5,2,0,0,0,0,0,0,0,0,0,0,1,0,0,0,0,0,0,1,0,0,0,0,0,0,0,0,1,0,0,0,0,0,0,0,0,0,0,0,0,0,0,0,0,0,0,0,0,0,0,0,0,0,0,0,0,0,0,0
integration/inspector/src/app-v2.controller.ts,integration,integration,15,1,5,2,0,0,0,0,0,0,0,0,0,0,1,0,0,0,0,0,0,1,0,0,0,0,0,0,0,0,1,0,0,0,0,0,0,0,0,0,0,0,0,0,0,0,0,0,0,0,0,0,0,0,0,0,0,0,0,0,0,0
integration/inspector/src/app.module.ts,integration,integration,44,1,6,1,0,0,0,0,0,0,0,0,0,0,1,0,0,0,0,0,0,2,0,0,1,0,0,0,0,0,1,0,0,0,0,0,0,0,0,0,0,0,0,0,0,0,0,0,0,0,0,0,0,0,0,0,0,0,0,0,0,0
integration/inspector/src/cats/cats.controller.ts,integration,integration,26,1,10,4,0,0,0,0,0,0,0,0,0,0,1,0,0,0,0,0,0,1,2,0,0,0,0,0,0,0,1,0,0,0,0,0,0,0,0,0,0,0,0,0,0,0,0,0,0,0,0,0,0,0,0,0,0,1,0,0,0,0
integration/inspector/src/cats/cats.module.ts,integration,integration,8,1,3,0,0,0,0,0,0,0,0,0,0,0,1,0,0,0,0,0,0,1,0,0,0,0,0,0,0,0,1,0,0,0,0,0,0,0,0,0,0,0,0,0,0,0,0,0,0,0,0,0,0,0,0,0,0,0,0,0,0,0
integration/inspector/src/cats/cats.service.ts,integration,integration,12,1,8,2,0,0,0,0,0,0,0,0,0,0,1,0,0,0,0,0,0,1,2,0,1,0,0,0,0,0,1,0,0,0,0,0,0,0,0,0,0,0,0,0,0,0,0,0,0,0,0,0,0,0,0,0,0,0,0,0,0,0
integration/inspector/src/cats/dto/create-cat.dto.ts,integration,integration,9,1,3,0,0,0,0,0,0,0,0,0,0,0,1,0,0,0,0,0,0,1,0,0,0,0,0,0,0,0,1,0,0,0,0,0,0,0,0,0,0,0,0,0,0,0,0,0,0,0,0,0,0,0,0,0,0,0,0,0,0,0
integration/inspector/src/cats/interfaces/cat.interface.ts,integration,integration,5,1,2,0,0,0,0,0,0,0,0,0,0,0,1,0,0,0,0,0,0,0,0,0,0,0,0,0,0,0,1,0,0,0,0,0,0,0,0,0,0,0,0,0,0,0,0,0,0,0,0,0,0,0,0,0,0,0,0,0,0,0
integration/inspector/src/chat/chat.gateway.ts,integration,integration,32,1,14,6,0,0,0,0,0,0,0,0,0,0,1,0,0,0,0,0,0,1,5,0,0,0,0,0,0,0,1,0,0,0,0,0,0,0,0,0,0,0,0,0,0,0,0,0,0,0,0,0,0,0,0,0,0,0,0,0,0,0
integration/inspector/src/chat/chat.module.ts,integration,integration,7,1,4,0,0,0,0,0,0,0,0,0,0,0,1,0,0,0,0,0,0,1,0,0,0,0,0,0,0,0,1,0,0,0,0,0,0,0,0,0,0,0,0,0,0,0,0,0,0,0,0,0,0,0,1,0,0,0,0,0,0,0
integration/inspector/src/chat/chat.service.ts,integration,integration,21,1,8,5,0,0,0,0,0,0,0,0,0,0,1,0,0,0,0,0,0,1,0,0,0,0,0,0,0,0,1,0,0,0,0,0,0,0,0,0,0,0,0,0,0,0,0,0,0,0,0,0,0,0,0,0,0,0,0,0,0,0
integration/inspector/src/chat/dto/create-chat.dto.ts,integration,integration,1,1,3,0,0,0,0,0,0,0,0,0,0,0,1,0,0,0,0,0,0,1,0,0,0,0,0,0,0,0,1,0,0,0,0,0,0,0,0,0,0,0,0,0,0,0,0,0,0,0,0,0,0,0,0,0,0,0,0,0,0,0
integration/inspector/src/chat/dto/update-chat.dto.ts,integration,integration,5,1,3,0,0,0,0,0,0,0,0,0,0,0,1,0,0,0,0,0,0,1,0,0,0,0,0,0,0,0,1,0,0,0,0,0,0,0,0,0,0,0,0,0,0,0,0,0,0,0,0,0,0,0,0,0,0,0,0,0,0,0
integration/inspector/src/chat/entities/chat.entity.ts,integration,integration,1,1,3,0,0,0,0,0,0,0,0,0,0,0,1,0,0,0,0,0,0,1,0,0,0,0,0,0,0,0,1,0,0,0,0,0,0,0,0,0,0,0,0,0,0,0,0,0,0,0,0,0,0,0,0,0,0,0,0,0,0,0
integration/inspector/src/circular-hello/dto/test.dto.ts,integration,integration,8,1,3,0,0,0,0,0,0,0,0,0,0,0,1,0,0,0,0,0,0,1,0,0,0,0,0,0,0,0,1,0,0,0,0,0,0,0,0,0,0,0,0,0,0,0,0,0,0,0,0,0,0,0,0,0,0,0,0,0,0,0
integration/inspector/src/circular-hello/guards/request-scoped.guard.ts,integration,integration,19,1,6,2,0,0,0,0,0,0,0,0,0,0,1,0,0,0,0,0,0,1,0,0,1,0,0,0,0,0,1,0,0,0,0,0,0,0,0,0,0,0,0,0,0,0,0,0,0,0,0,0,0,0,0,0,0,0,0,0,0,0
integration/inspector/src/circular-hello/hello.controller.ts,integration,integration,28,1,7,2,0,0,0,0,0,0,0,0,0,0,1,0,0,0,0,0,0,1,1,0,1,0,0,0,0,0,1,0,0,0,0,0,0,0,0,0,0,0,0,0,0,0,0,0,0,0,0,0,0,0,0,0,0,0,0,0,0,0
integration/inspector/src/circular-hello/hello.module.ts,integration,integration,17,1,5,2,0,0,0,0,0,0,0,0,0,0,1,0,0,0,0,0,0,1,0,0,0,0,0,0,0,0,1,0,0,0,0,0,0,0,0,0,0,0,0,0,0,0,0,0,0,0,0,0,0,0,0,0,0,0,0,0,0,0
integration/inspector/src/circular-hello/hello.service.ts,integration,integration,11,1,6,2,0,0,0,0,0,0,0,0,0,0,1,0,0,0,0,0,0,1,0,0,1,0,0,0,0,0,1,0,0,0,0,0,0,0,0,0,0,0,0,0,0,0,0,0,0,0,0,0,0,0,0,0,0,0,0,0,0,0
integration/inspector/src/circular-hello/interceptors/logging.interceptor.ts,integration,integration,18,1,7,2,0,0,0,0,0,0,0,0,0,0,1,0,0,0,0,0,0,1,0,0,1,0,0,0,0,0,1,0,0,0,1,0,0,0,0,0,0,0,0,0,0,0,0,0,0,0,0,0,0,0,0,0,0,0,0,0,0,0
integration/inspector/src/circular-hello/users/user-by-id.pipe.ts,integration,integration,12,1,7,2,0,0,0,0,0,0,0,0,0,0,1,0,0,0,0,0,0,1,1,0,1,0,0,0,0,0,1,0,0,0,0,0,0,0,0,0,0,0,0,0,0,0,0,0,0,0,0,0,0,0,0,0,0,0,0,0,0,0
integration/inspector/src/circular-hello/users/users.service.ts,integration,integration,11,1,6,2,0,0,0,0,0,0,0,0,0,0,1,0,0,0,0,0,0,1,0,0,1,0,0,0,0,0,1,0,0,0,0,0,0,0,0,0,0,0,0,0,0,0,0,0,0,0,0,0,0,0,0,0,0,0,0,0,0,0
integration/inspector/src/circular-modules/circular.module.ts,integration,integration,9,1,3,0,0,0,0,0,0,0,0,0,0,0,1,0,0,0,0,0,0,1,0,0,0,0,0,0,0,0,1,0,0,0,0,0,0,0,0,0,0,0,0,0,0,0,0,0,0,0,0,0,0,0,0,0,0,0,0,0,0,0
integration/inspector/src/circular-modules/circular.service.ts,integration,integration,9,1,4,1,0,0,0,0,0,0,0,0,0,0,1,0,0,0,0,0,0,1,0,0,0,0,0,0,0,0,1,0,0,0,0,0,0,0,0,0,0,0,0,0,0,0,0,0,0,0,0,0,0,0,0,0,0,0,0,0,0,0
integration/inspector/src/circular-modules/input.module.ts,integration,integration,9,1,3,0,0,0,0,0,0,0,0,0,0,0,1,0,0,0,0,0,0,1,0,0,0,0,0,0,0,0,1,0,0,0,0,0,0,0,0,0,0,0,0,0,0,0,0,0,0,0,0,0,0,0,0,0,0,0,0,0,0,0
integration/inspector/src/circular-modules/input.service.ts,integration,integration,9,1,4,1,0,0,0,0,0,0,0,0,0,0,1,0,0,0,0,0,0,1,0,0,0,0,0,0,0,0,1,0,0,0,0,0,0,0,0,0,0,0,0,0,0,0,0,0,0,0,0,0,0,0,0,0,0,0,0,0,0,0
integration/inspector/src/common/filters/http-exception.filter.ts,integration,integration,20,1,6,1,0,0,0,0,0,0,0,0,1,0,1,0,0,0,0,0,0,1,0,0,0,0,0,0,0,1,1,0,0,0,0,0,0,0,0,0,0,0,0,0,0,0,0,0,0,0,0,0,0,0,0,0,0,0,0,0,0,0
integration/inspector/src/common/guards/roles.guard.ts,integration,integration,17,1,11,2,1,0,0,0,0,0,0,0,1,0,1,0,0,0,0,0,0,1,1,0,0,0,0,0,0,0,1,0,0,0,0,0,0,0,0,2,0,0,0,0,0,0,0,1,0,0,0,0,0,0,0,0,0,0,0,0,0,0
integration/inspector/src/common/interceptors/timeout.interceptor.ts,integration,integration,14,1,6,1,0,0,0,0,0,0,0,0,0,0,1,0,0,0,1,0,0,1,0,0,0,0,0,0,0,0,1,0,0,0,1,0,0,0,0,0,0,0,0,0,0,0,0,0,0,0,0,0,0,0,0,0,0,0,0,0,0,0
integration/inspector/src/common/middleware/logger.middleware.ts,integration,integration,8,1,7,1,0,0,0,0,0,0,0,0,0,0,1,0,0,0,0,0,0,1,0,0,0,0,0,0,0,1,1,0,0,0,2,0,0,0,0,0,0,0,0,0,0,0,0,0,0,0,0,0,0,0,0,0,0,0,0,0,0,0
integration/inspector/src/common/pipes/parse-int.pipe.ts,integration,integration,16,1,7,1,1,0,0,0,0,1,0,0,0,0,1,0,0,0,1,0,0,1,0,0,0,0,0,0,0,0,1,0,0,0,0,0,0,0,0,0,0,0,0,0,0,0,0,0,0,0,0,0,0,0,0,0,0,0,0,0,0,0
integration/inspector/src/core/core.module.ts,integration,integration,17,1,4,1,0,0,0,0,0,0,0,0,0,0,1,0,0,0,0,0,0,1,0,0,0,0,0,0,0,0,1,0,0,0,0,0,0,0,0,0,0,0,0,0,0,0,0,0,0,0,0,0,0,0,0,0,0,0,0,0,0,0
integration/inspector/src/core/interceptors/logging.interceptor.ts,integration,integration,18,1,9,1,0,0,0,0,0,0,0,0,0,0,1,0,0,0,0,0,0,1,0,0,0,0,0,0,0,4,1,0,0,0,1,0,0,0,0,0,0,0,0,0,0,0,0,0,0,0,0,0,0,0,0,0,0,0,0,0,0,0
integration/inspector/src/core/interceptors/transform.interceptor.ts,integration,integration,23,2,5,1,0,0,0,0,0,0,0,0,0,1,0,0,0,1,0,0,0,1,0,0,0,0,0,0,0,0,1,0,0,0,0,0,0,0,0,0,0,0,0,0,0,0,0,0,0,0,0,0,0,0,0,0,0,0,0,0,0,0
integration/inspector/src/database/database.controller.ts,integration,integration,39,1,14,6,0,0,0,0,0,0,0,0,0,0,1,0,0,0,0,0,0,1,5,0,0,0,0,0,0,0,1,0,0,0,0,0,0,0,0,0,0,0,0,0,0,0,0,0,0,0,0,0,0,0,0,0,0,0,0,0,0,0
integration/inspector/src/database/database.module.ts,integration,integration,8,1,4,0,0,0,0,0,0,0,0,0,0,0,1,0,0,0,0,0,0,1,0,0,0,0,0,0,0,0,1,0,0,0,0,0,0,0,0,0,0,0,0,0,0,0,0,0,0,0,0,0,0,0,1,0,0,0,0,0,0,0
integration/inspector/src/database/database.service.ts,integration,integration,21,1,8,5,0,0,0,0,0,0,0,0,0,0,1,0,0,0,0,0,0,1,0,0,0,0,0,0,0,0,1,0,0,0,0,0,0,0,0,0,0,0,0,0,0,0,0,0,0,0,0,0,0,0,0,0,0,0,0,0,0,0
integration/inspector/src/database/dto/create-database.dto.ts,integration,integration,1,1,3,0,0,0,0,0,0,0,0,0,0,0,1,0,0,0,0,0,0,1,0,0,0,0,0,0,0,0,1,0,0,0,0,0,0,0,0,0,0,0,0,0,0,0,0,0,0,0,0,0,0,0,0,0,0,0,0,0,0,0
integration/inspector/src/database/dto/update-database.dto.ts,integration,integration,3,1,3,0,0,0,0,0,0,0,0,0,0,0,1,0,0,0,0,0,0,1,0,0,0,0,0,0,0,0,1,0,0,0,0,0,0,0,0,0,0,0,0,0,0,0,0,0,0,0,0,0,0,0,0,0,0,0,0,0,0,0
integration/inspector/src/database/entities/database.entity.ts,integration,integration,1,1,3,0,0,0,0,0,0,0,0,0,0,0,1,0,0,0,0,0,0,1,0,0,0,0,0,0,0,0,1,0,0,0,0,0,0,0,0,0,0,0,0,0,0,0,0,0,0,0,0,0,0,0,0,0,0,0,0,0,0,0
integration/inspector/src/defaults/core.service.ts,integration,integration,3,1,3,0,0,0,0,0,0,0,0,0,0,0,1,0,0,0,0,0,0,1,0,0,0,0,0,0,0,0,1,0,0,0,0,0,0,0,0,0,0,0,0,0,0,0,0,0,0,0,0,0,0,0,0,0,0,0,0,0,0,0
integration/inspector/src/defaults/defaults.module.ts,integration,integration,6,1,3,0,0,0,0,0,0,0,0,0,0,0,1,0,0,0,0,0,0,1,0,0,0,0,0,0,0,0,1,0,0,0,0,0,0,0,0,0,0,0,0,0,0,0,0,0,0,0,0,0,0,0,0,0,0,0,0,0,0,0
integration/inspector/src/defaults/defaults.service.ts,integration,integration,10,1,4,1,0,0,0,0,0,0,0,0,0,0,1,0,0,0,0,0,0,1,0,0,0,0,0,0,0,0,1,0,0,0,0,0,0,0,0,0,0,0,0,0,0,0,0,0,0,0,0,0,0,0,0,0,0,0,0,0,0,0
integration/inspector/src/dogs/dogs.controller.ts,integration,integration,36,1,14,6,0,0,0,0,0,0,0,0,0,0,1,0,0,0,0,0,0,1,5,0,0,0,0,0,0,0,1,0,0,0,0,0,0,0,0,0,0,0,0,0,0,0,0,0,0,0,0,0,0,0,0,0,0,0,0,0,0,0
integration/inspector/src/dogs/dogs.module.ts,integration,integration,8,1,4,0,0,0,0,0,0,0,0,0,0,0,1,0,0,0,0,0,0,1,0,0,0,0,0,0,0,0,1,0,0,0,0,0,0,0,0,0,0,0,0,0,0,0,0,0,0,0,0,0,0,0,1,0,0,0,0,0,0,0
integration/inspector/src/dogs/dogs.service.ts,integration,integration,21,1,8,5,0,0,0,0,0,0,0,0,0,0,1,0,0,0,0,0,0,1,0,0,0,0,0,0,0,0,1,0,0,0,0,0,0,0,0,0,0,0,0,0,0,0,0,0,0,0,0,0,0,0,0,0,0,0,0,0,0,0
integration/inspector/src/dogs/dto/create-dog.dto.ts,integration,integration,1,1,3,0,0,0,0,0,0,0,0,0,0,0,1,0,0,0,0,0,0,1,0,0,0,0,0,0,0,0,1,0,0,0,0,0,0,0,0,0,0,0,0,0,0,0,0,0,0,0,0,0,0,0,0,0,0,0,0,0,0,0
integration/inspector/src/dogs/dto/update-dog.dto.ts,integration,integration,3,1,3,0,0,0,0,0,0,0,0,0,0,0,1,0,0,0,0,0,0,1,0,0,0,0,0,0,0,0,1,0,0,0,0,0,0,0,0,0,0,0,0,0,0,0,0,0,0,0,0,0,0,0,0,0,0,0,0,0,0,0
integration/inspector/src/dogs/entities/dog.entity.ts,integration,integration,1,1,3,0,0,0,0,0,0,0,0,0,0,0,1,0,0,0,0,0,0,1,0,0,0,0,0,0,0,0,1,0,0,0,0,0,0,0,0,0,0,0,0,0,0,0,0,0,0,0,0,0,0,0,0,0,0,0,0,0,0,0
integration/inspector/src/durable/durable-context-id.strategy.ts,integration,integration,20,1,15,1,1,0,1,0,0,0,1,2,0,0,1,0,0,0,0,0,0,1,0,0,0,0,0,0,0,0,1,0,0,0,0,0,0,2,4,0,0,0,0,0,0,0,0,0,0,0,0,0,0,0,0,0,0,0,0,0,0,0
integration/inspector/src/durable/durable.controller.ts,integration,integration,14,1,8,3,0,0,0,0,0,0,0,0,0,0,1,0,0,0,0,0,0,1,2,0,0,0,0,0,0,0,1,0,0,0,0,0,0,0,0,0,0,0,0,0,0,0,0,0,0,0,0,0,0,0,0,0,0,0,0,0,0,0
integration/inspector/src/durable/durable.module.ts,integration,integration,8,1,3,0,0,0,0,0,0,0,0,0,0,0,1,0,0,0,0,0,0,1,0,0,0,0,0,0,0,0,1,0,0,0,0,0,0,0,0,0,0,0,0,0,0,0,0,0,0,0,0,0,0,0,0,0,0,0,0,0,0,0
integration/inspector/src/durable/durable.service.ts,integration,integration,11,1,8,2,0,0,0,0,0,0,0,0,0,0,1,0,0,0,0,0,0,1,2,0,1,0,0,0,0,0,1,0,0,0,0,0,0,0,0,0,0,0,0,0,0,0,0,0,0,0,0,0,0,0,0,0,0,0,0,0,0,0
integration/inspector/src/external-svc/dto/create-external-svc.dto.ts,integration,integration,1,1,3,0,0,0,0,0,0,0,0,0,0,0,1,0,0,0,0,0,0,1,0,0,0,0,0,0,0,0,1,0,0,0,0,0,0,0,0,0,0,0,0,0,0,0,0,0,0,0,0,0,0,0,0,0,0,0,0,0,0,0
integration/inspector/src/external-svc/dto/update-external-svc.dto.ts,integration,integration,5,1,3,0,0,0,0,0,0,0,0,0,0,0,1,0,0,0,0,0,0,1,0,0,0,0,0,0,0,0,1,0,0,0,0,0,0,0,0,0,0,0,0,0,0,0,0,0,0,0,0,0,0,0,0,0,0,0,0,0,0,0
integration/inspector/src/external-svc/entities/external-svc.entity.ts,integration,integration,1,1,3,0,0,0,0,0,0,0,0,0,0,0,1,0,0,0,0,0,0,1,0,0,0,0,0,0,0,0,1,0,0,0,0,0,0,0,0,0,0,0,0,0,0,0,0,0,0,0,0,0,0,0,0,0,0,0,0,0,0,0
integration/inspector/src/external-svc/external-svc.controller.ts,integration,integration,32,1,14,6,0,0,0,0,0,0,0,0,0,0,1,0,0,0,0,0,0,1,5,0,0,0,0,0,0,0,1,0,0,0,0,0,0,0,0,0,0,0,0,0,0,0,0,0,0,0,0,0,0,0,0,0,0,0,0,0,0,0
integration/inspector/src/external-svc/external-svc.module.ts,integration,integration,8,1,4,0,0,0,0,0,0,0,0,0,0,0,1,0,0,0,0,0,0,1,0,0,0,0,0,0,0,0,1,0,0,0,0,0,0,0,0,0,0,0,0,0,0,0,0,0,0,0,0,0,0,0,1,0,0,0,0,0,0,0
integration/inspector/src/external-svc/external-svc.service.ts,integration,integration,21,1,8,5,0,0,0,0,0,0,0,0,0,0,1,0,0,0,0,0,0,1,0,0,0,0,0,0,0,0,1,0,0,0,0,0,0,0,0,0,0,0,0,0,0,0,0,0,0,0,0,0,0,0,0,0,0,0,0,0,0,0
integration/inspector/src/properties/dependency.service.ts,integration,integration,3,1,3,0,0,0,0,0,0,0,0,0,0,0,1,0,0,0,0,0,0,1,0,0,0,0,0,0,0,0,1,0,0,0,0,0,0,0,0,0,0,0,0,0,0,0,0,0,0,0,0,0,0,0,0,0,0,0,0,0,0,0
integration/inspector/src/properties/properties.module.ts,integration,integration,18,1,3,0,0,0,0,0,0,0,0,0,0,0,1,0,0,0,0,0,0,1,0,0,0,0,0,0,0,0,1,0,0,0,0,0,0,0,0,0,0,0,0,0,0,0,0,0,0,0,0,0,0,0,0,0,0,0,0,0,0,0
integration/inspector/src/properties/properties.service.ts,integration,integration,9,2,3,0,0,0,0,0,0,0,0,0,0,1,0,0,0,0,0,0,0,1,0,0,0,0,0,0,0,0,1,0,0,0,0,0,0,0,0,0,0,0,0,0,0,0,0,0,0,0,0,0,0,0,0,0,0,0,0,0,0,0
integration/inspector/src/request-chain/helper/helper.module.ts,integration,integration,7,1,3,0,0,0,0,0,0,0,0,0,0,0,1,0,0,0,0,0,0,1,0,0,0,0,0,0,0,0,1,0,0,0,0,0,0,0,0,0,0,0,0,0,0,0,0,0,0,0,0,0,0,0,0,0,0,0,0,0,0,0
integration/inspector/src/request-chain/helper/helper.service.ts,integration,integration,7,1,5,2,0,0,0,0,0,0,0,0,0,0,1,0,0,0,0,0,0,1,0,0,0,0,0,0,0,0,1,0,0,0,0,0,0,0,0,0,0,0,0,0,0,0,0,0,0,0,0,0,0,0,0,0,0,0,0,0,0,0
integration/inspector/src/request-chain/interceptors/logging.interceptor.ts,integration,integration,19,1,10,2,1,0,0,0,0,1,0,0,0,0,1,0,0,0,0,0,0,1,2,0,0,0,0,0,0,0,1,0,0,0,1,0,0,0,0,0,0,0,0,0,0,0,0,0,0,0,0,0,0,0,0,0,0,0,0,0,0,0
integration/inspector/src/request-chain/request-chain.controller.ts,integration,integration,12,1,6,2,0,0,0,0,0,0,0,0,0,0,1,0,0,0,0,0,0,1,1,0,0,0,0,0,0,0,1,0,0,0,0,0,0,0,0,0,0,0,0,0,0,0,0,0,0,0,0,0,0,0,0,0,0,0,0,0,0,0
integration/inspector/src/request-chain/request-chain.module.ts,integration,integration,10,1,3,0,0,0,0,0,0,0,0,0,0,0,1,0,0,0,0,0,0,1,0,0,0,0,0,0,0,0,1,0,0,0,0,0,0,0,0,0,0,0,0,0,0,0,0,0,0,0,0,0,0,0,0,0,0,0,0,0,0,0
integration/inspector/src/request-chain/request-chain.service.ts,integration,integration,13,1,7,2,0,0,0,0,0,0,0,0,0,0,1,0,0,0,0,0,0,1,1,0,1,0,0,0,0,0,1,0,0,0,0,0,0,0,0,0,0,0,0,0,0,0,0,0,0,0,0,0,0,0,0,0,0,0,0,0,0,0
integration/inspector/src/users/dto/create-user.dto.ts,integration,integration,1,1,3,0,0,0,0,0,0,0,0,0,0,0,1,0,0,0,0,0,0,1,0,0,0,0,0,0,0,0,1,0,0,0,0,0,0,0,0,0,0,0,0,0,0,0,0,0,0,0,0,0,0,0,0,0,0,0,0,0,0,0
integration/inspector/src/users/dto/update-user.dto.ts,integration,integration,3,1,3,0,0,0,0,0,0,0,0,0,0,0,1,0,0,0,0,0,0,1,0,0,0,0,0,0,0,0,1,0,0,0,0,0,0,0,0,0,0,0,0,0,0,0,0,0,0,0,0,0,0,0,0,0,0,0,0,0,0,0
integration/inspector/src/users/entities/user.entity.ts,integration,integration,1,1,3,0,0,0,0,0,0,0,0,0,0,0,1,0,0,0,0,0,0,1,0,0,0,0,0,0,0,0,1,0,0,0,0,0,0,0,0,0,0,0,0,0,0,0,0,0,0,0,0,0,0,0,0,0,0,0,0,0,0,0
integration/inspector/src/users/users.controller.ts,integration,integration,36,1,15,6,0,0,0,0,0,0,0,0,0,0,1,0,0,0,0,0,0,1,5,0,0,0,0,0,0,0,1,0,0,0,0,0,0,0,0,0,0,0,0,0,0,0,0,0,0,0,0,0,0,0,1,0,0,0,0,0,0,0
integration/inspector/src/users/users.module.ts,integration,integration,8,1,4,0,0,0,0,0,0,0,0,0,0,0,1,0,0,0,0,0,0,1,0,0,0,0,0,0,0,0,1,0,0,0,0,0,0,0,0,0,0,0,0,0,0,0,0,0,0,0,0,0,0,0,1,0,0,0,0,0,0,0
integration/inspector/src/users/users.service.ts,integration,integration,21,1,8,5,0,0,0,0,0,0,0,0,0,0,1,0,0,0,0,0,0,1,0,0,0,0,0,0,0,0,1,0,0,0,0,0,0,0,0,0,0,0,0,0,0,0,0,0,0,0,0,0,0,0,0,0,0,0,0,0,0,0
integration/lazy-modules/e2e/lazy-import-global-modules.spec.ts,integration,integration,18,0,8,0,0,0,0,0,0,0,1,1,0,0,0,0,0,0,0,0,0,0,0,0,0,0,0,0,0,0,0,0,0,0,0,0,0,0,1,0,0,0,0,0,0,0,0,0,0,0,0,0,0,0,0,1,0,0,1,2,0,1
integration/lazy-modules/e2e/lazy-import-request-providers.spec.ts,integration,integration,25,0,8,0,0,0,0,0,0,0,1,1,0,0,0,0,0,0,0,0,0,0,0,0,0,0,0,0,0,0,0,0,0,0,0,0,0,0,1,0,0,0,0,0,0,0,0,0,0,0,0,0,0,0,0,1,0,0,1,2,0,1
integration/lazy-modules/e2e/lazy-import-transient-providers.spec.ts,integration,integration,25,0,8,0,0,0,0,0,0,0,1,1,0,0,0,0,0,0,0,0,0,0,0,0,0,0,0,0,0,0,0,0,0,0,0,0,0,0,1,0,0,0,0,0,0,0,0,0,0,0,0,0,0,0,0,1,0,0,1,2,0,1
integration/lazy-modules/src/app.module.ts,integration,integration,14,1,6,2,0,0,0,0,0,0,0,0,0,0,1,0,0,0,0,0,0,1,1,0,0,0,0,0,0,0,1,0,0,0,0,0,0,0,0,0,0,0,0,0,0,0,0,0,0,0,0,0,0,0,0,0,0,0,0,0,0,0
integration/lazy-modules/src/eager.module.ts,integration,integration,15,2,9,2,0,0,0,0,0,0,0,0,0,1,0,0,0,0,0,0,0,2,2,0,1,0,0,0,0,0,1,0,0,0,0,0,0,0,0,0,0,0,0,0,0,0,0,0,0,0,0,0,0,0,0,0,0,0,0,0,0,0
integration/lazy-modules/src/global.module.ts,integration,integration,11,2,5,1,0,0,0,0,0,0,0,0,0,1,0,0,0,0,0,0,0,2,0,0,0,0,0,0,0,0,1,0,0,0,0,0,0,0,0,0,0,0,0,0,0,0,0,0,0,0,0,0,0,0,0,0,0,0,0,0,0,0
integration/lazy-modules/src/lazy.controller.ts,integration,integration,22,1,10,3,0,0,0,0,0,0,0,0,2,0,1,0,0,0,0,0,0,1,2,0,0,0,0,0,0,0,1,0,0,0,0,0,0,0,0,0,0,0,0,0,0,0,0,0,0,0,0,0,0,0,0,0,0,0,0,0,0,0
integration/lazy-modules/src/lazy.module.ts,integration,integration,10,2,5,1,0,0,0,0,0,0,0,0,0,1,0,0,0,0,0,0,0,2,0,0,0,0,0,0,0,0,1,0,0,0,0,0,0,0,0,0,0,0,0,0,0,0,0,0,0,0,0,0,0,0,0,0,0,0,0,0,0,0
integration/lazy-modules/src/main.ts,integration,integration,7,0,4,1,0,0,0,0,0,0,0,0,0,0,0,0,0,0,1,0,1,0,0,0,0,0,0,0,0,0,0,0,0,0,0,0,0,0,0,0,0,0,0,0,0,0,0,0,0,0,0,0,0,0,0,0,1,0,0,0,0,0
integration/lazy-modules/src/request.module.ts,integration,integration,10,1,3,0,0,0,0,0,0,0,0,0,0,0,1,0,0,0,0,0,0,1,0,0,0,0,0,0,0,0,1,0,0,0,0,0,0,0,0,0,0,0,0,0,0,0,0,0,0,0,0,0,0,0,0,0,0,0,0,0,0,0
integration/lazy-modules/src/request.service.ts,integration,integration,9,1,6,2,0,0,0,0,0,0,0,0,0,0,1,0,0,0,0,0,0,1,1,0,0,0,0,0,0,0,1,0,0,0,0,0,0,0,0,0,0,0,0,0,0,0,0,0,0,0,0,0,0,0,0,0,0,0,0,0,0,0
integration/lazy-modules/src/transient.module.ts,integration,integration,10,1,4,0,0,0,0,0,0,0,0,0,0,0,1,0,0,0,0,0,0,1,0,0,0,0,0,0,0,0,1,0,0,0,0,0,0,0,0,0,0,0,0,0,0,0,0,0,0,0,0,0,0,0,1,0,0,0,0,0,0,0
integration/lazy-modules/src/transient.service.ts,integration,integration,9,1,6,2,0,0,0,0,0,0,0,0,0,0,1,0,0,0,0,0,0,1,1,0,0,0,0,0,0,0,1,0,0,0,0,0,0,0,0,0,0,0,0,0,0,0,0,0,0,0,0,0,0,0,0,0,0,0,0,0,0,0
integration/microservices/e2e/binary-redis.spec.ts,integration,integration,98,0,32,3,1,0,2,0,0,0,4,4,2,0,0,0,0,0,0,0,0,1,0,0,0,0,0,0,0,0,0,0,0,0,0,0,0,0,4,3,0,0,0,0,0,0,0,0,0,0,0,1,0,0,1,0,0,0,1,2,0,3
integration/microservices/e2e/broadcast-mqtt.spec.ts,integration,integration,36,0,11,0,0,0,0,0,0,0,2,2,0,0,0,0,0,0,0,0,0,0,0,0,0,0,0,0,0,0,0,0,0,0,0,0,0,0,2,0,0,0,0,0,0,0,0,0,0,0,0,0,0,0,0,1,0,0,1,2,0,1
integration/microservices/e2e/broadcast-nats.spec.ts,integration,integration,36,0,11,0,0,0,0,0,0,0,2,2,0,0,0,0,0,0,0,0,0,0,0,0,0,0,0,0,0,0,0,0,0,0,0,0,0,0,2,0,0,0,0,0,0,0,0,0,0,0,0,0,0,0,0,1,0,0,1,2,0,1
integration/microservices/e2e/broadcast-redis.spec.ts,integration,integration,38,0,11,0,0,0,0,0,0,0,2,2,0,0,0,0,0,0,0,0,0,0,0,0,0,0,0,0,0,0,0,0,0,0,0,0,0,0,2,0,0,0,0,0,0,0,0,0,0,0,0,0,0,0,0,1,0,0,1,2,0,1
integration/microservices/e2e/buffer-logs-tcp.spec.ts,integration,integration,70,0,21,3,0,0,0,0,0,0,2,4,0,0,0,0,0,0,0,0,0,2,3,0,0,0,0,0,0,0,0,0,0,0,3,0,0,0,0,0,0,0,0,0,0,0,0,0,0,0,0,0,0,0,0,0,0,0,1,2,0,1
integration/microservices/e2e/concurrent-kafka.spec.ts,integration,integration,251,0,106,16,4,0,0,1,4,0,2,2,4,0,0,0,0,0,0,0,1,0,0,5,0,0,0,0,0,4,0,6,0,0,1,1,0,0,4,10,0,0,0,0,0,0,0,0,0,0,1,0,0,0,0,1,0,32,1,1,0,5
integration/microservices/e2e/disconnected-client.spec.ts,integration,integration,75,0,15,0,0,0,0,0,0,0,2,2,0,0,0,0,0,0,0,0,0,0,0,0,0,0,0,0,0,0,0,0,0,0,0,0,0,0,2,0,0,0,0,0,0,0,0,0,0,0,0,0,0,0,0,1,0,0,1,2,0,5
integration/microservices/e2e/edge-cases-grpc.spec.ts,integration,integration,87,0,31,3,0,0,0,0,0,0,2,2,0,0,0,0,0,0,0,0,0,0,0,0,0,0,0,0,0,1,0,0,0,0,8,0,0,1,2,0,0,0,0,0,0,0,0,0,0,1,0,2,0,0,0,1,1,0,1,0,0,6
integration/microservices/e2e/fanout-exchange-rmq.spec.ts,integration,integration,40,0,16,0,0,0,0,0,0,0,3,3,0,0,0,0,0,0,0,0,0,0,0,0,0,0,0,0,0,0,0,0,0,0,1,0,0,0,3,0,0,0,0,0,0,0,0,0,0,0,0,0,0,0,1,1,0,0,1,2,0,1
integration/microservices/e2e/hybrid-shutdown-hooks.spec.ts,integration,integration,32,0,12,0,0,0,0,0,0,0,1,3,0,0,0,0,0,0,0,0,0,0,0,0,0,0,0,0,0,0,0,0,0,0,0,0,0,1,3,0,0,0,0,0,0,0,0,0,0,0,0,0,0,0,0,1,0,0,1,1,0,1
integration/microservices/e2e/math-grpc.spec.ts,integration,integration,187,0,74,13,4,0,0,0,0,0,4,4,0,0,0,0,0,0,0,0,0,0,0,0,0,0,0,0,0,1,0,1,0,0,6,0,0,3,2,2,0,0,0,0,0,2,0,0,0,1,0,0,0,0,0,1,0,18,1,3,1,7
integration/microservices/e2e/mqtt-record-builder.spec.ts,integration,integration,40,0,11,0,0,0,0,0,0,0,2,2,0,0,0,0,0,0,0,0,0,0,0,0,0,0,0,0,0,0,0,0,0,0,0,0,0,0,2,0,0,0,0,0,0,0,0,0,0,0,0,0,0,0,0,1,0,0,1,2,0,1
integration/microservices/e2e/orders-grpc.spec.ts,integration,integration,212,0,64,13,4,0,0,0,0,2,3,3,0,0,0,0,0,0,0,0,0,0,0,0,0,0,0,0,0,0,0,0,0,0,5,0,0,2,2,3,0,0,0,0,0,2,0,0,0,0,0,0,0,0,0,1,0,16,1,0,0,7
integration/microservices/e2e/packet-metadata-tcp.spec.ts,integration,integration,106,0,21,6,0,0,0,0,0,0,2,2,0,0,0,0,0,0,0,0,0,2,0,0,0,0,0,0,0,0,0,0,0,0,0,0,0,0,0,0,0,0,0,0,0,0,0,0,0,0,0,1,0,0,0,0,0,1,1,2,0,4
integration/microservices/e2e/sum-kafka.spec.ts,integration,integration,127,0,36,3,0,0,0,1,0,0,3,3,0,0,0,0,0,0,0,0,2,0,0,0,0,0,0,0,0,0,0,0,0,0,2,0,0,1,4,0,0,1,0,0,0,0,0,0,0,0,0,0,0,0,0,1,0,2,1,1,0,11
integration/microservices/e2e/sum-mqtt.spec.ts,integration,integration,155,0,60,15,0,0,0,0,0,0,2,2,0,0,0,0,0,0,0,0,1,0,0,0,0,0,0,0,0,0,0,20,0,0,0,0,0,0,2,0,0,0,0,0,0,0,0,0,0,0,0,0,0,0,0,1,0,0,1,2,0,14
integration/microservices/e2e/sum-nats.spec.ts,integration,integration,102,0,41,3,0,0,0,0,0,0,2,2,0,0,0,0,0,0,0,0,0,0,0,0,0,0,0,0,0,0,0,20,0,0,0,0,0,0,2,0,0,0,0,0,0,0,0,0,0,0,0,0,0,0,0,1,0,0,1,2,0,8
integration/microservices/e2e/sum-redis.spec.ts,integration,integration,82,0,40,3,0,0,0,0,0,0,2,2,0,0,0,0,0,0,0,0,1,0,0,0,0,0,0,0,0,0,0,20,0,0,0,0,0,0,2,0,0,0,0,0,0,0,0,0,0,0,0,0,0,0,0,1,0,0,1,2,0,6
integration/microservices/e2e/sum-rmq.spec.ts,integration,integration,103,0,41,3,0,0,0,0,0,0,2,2,0,0,0,0,0,0,0,0,0,0,0,0,0,0,0,0,0,0,0,20,0,0,0,0,0,0,2,0,0,0,0,0,0,0,0,0,0,0,0,0,0,0,0,1,0,0,1,2,0,8
integration/microservices/e2e/sum-rpc-async.spec.ts,integration,integration,88,0,25,4,0,0,0,1,0,0,4,4,0,0,0,0,0,0,0,0,0,3,0,0,0,0,0,0,0,1,0,2,0,0,0,0,0,0,0,1,0,0,0,1,0,0,0,0,0,0,0,0,0,0,0,0,0,0,1,2,0,1
integration/microservices/e2e/sum-rpc-tls.spec.ts,integration,integration,131,0,48,3,0,0,0,0,0,0,4,4,0,0,0,0,0,0,0,0,0,0,0,0,0,0,0,0,0,0,0,20,0,0,0,0,0,0,1,0,0,0,0,0,0,0,0,0,0,0,0,0,0,0,0,1,0,1,1,2,0,11
integration/microservices/e2e/sum-rpc.spec.ts,integration,integration,111,0,44,3,0,0,0,0,0,0,2,2,0,0,0,0,0,0,0,0,0,0,0,0,0,0,0,0,0,0,0,20,0,0,0,0,0,0,2,0,0,0,0,0,0,0,0,0,0,0,0,0,0,0,0,1,0,0,1,2,0,11
integration/microservices/e2e/tcp-json-socket-pipeline.spec.ts,integration,integration,135,0,40,7,4,0,1,1,1,0,3,3,2,0,0,0,0,0,0,0,2,1,0,0,0,0,0,0,0,0,0,2,0,0,0,0,0,2,0,5,0,0,0,0,0,1,0,0,0,0,0,0,0,0,0,0,0,1,1,2,0,1
integration/microservices/e2e/tcp-memory-bounds.spec.ts,integration,integration,133,0,53,4,0,0,0,5,0,0,8,8,1,0,0,0,0,0,0,0,3,1,0,0,0,0,0,0,0,0,0,2,0,0,0,0,0,1,0,6,0,0,0,0,0,1,0,0,0,0,3,1,0,0,0,0,0,1,1,1,1,5
integration/microservices/e2e/tcp-reconnect.spec.ts,integration,integration,88,0,32,3,2,0,2,2,0,0,5,5,0,0,0,0,0,0,0,0,0,0,0,0,0,0,0,0,0,0,0,0,0,0,0,2,0,1,0,3,0,0,0,0,0,0,0,0,0,0,0,0,0,0,0,0,0,3,1,2,0,1
integration/microservices/e2e/tcp-shutdown.spec.ts,integration,integration,106,0,30,4,0,0,0,0,1,0,3,4,1,0,0,0,0,0,0,0,3,1,0,0,0,0,0,0,0,0,0,0,0,0,1,0,0,2,0,2,0,0,0,0,0,0,0,0,0,0,0,1,0,0,0,0,0,1,1,2,0,3
integration/microservices/e2e/topic-exchange-rmq.spec.ts,integration,integration,32,0,12,0,0,0,0,0,0,0,2,2,0,0,0,0,0,0,0,0,0,0,0,0,0,0,0,0,0,0,0,0,0,0,1,0,0,0,2,0,0,0,0,0,0,0,0,0,0,0,0,0,0,0,0,1,0,0,1,2,0,1
integration/microservices/src/app.controller.ts,integration,integration,112,1,56,14,0,0,1,0,0,0,0,0,1,0,1,0,0,0,6,0,0,1,8,1,1,0,1,0,0,0,1,12,0,0,2,0,0,0,0,6,0,0,0,0,0,0,0,0,0,0,0,0,0,0,0,0,0,0,0,0,0,0
integration/microservices/src/app.module.ts,integration,integration,70,1,14,4,0,0,0,0,0,0,0,0,0,0,1,0,0,0,0,0,0,5,2,0,0,0,0,0,0,0,1,0,0,0,0,0,0,0,0,0,0,0,0,0,0,0,0,0,0,0,0,0,0,0,1,0,0,0,0,0,0,0
integration/microservices/src/disconnected.controller.ts,integration,integration,39,1,13,1,0,0,1,0,0,0,0,0,0,0,1,0,0,0,2,0,0,1,0,0,0,0,0,0,0,0,1,0,0,0,0,0,0,0,0,2,0,0,0,0,0,0,0,0,0,0,0,0,0,0,0,0,0,4,0,0,0,0
integration/microservices/src/grpc-advanced/advanced.grpc.controller.ts,integration,integration,162,1,48,12,0,0,0,0,0,0,0,0,3,0,1,0,0,0,2,0,0,1,2,0,0,0,0,0,0,0,1,4,0,0,12,0,0,0,0,1,0,0,0,0,0,0,0,0,0,0,0,1,0,0,0,0,0,8,0,0,0,0
integration/microservices/src/grpc-edge/edge.controller.ts,integration,integration,59,1,16,6,0,0,0,0,0,2,0,0,0,0,1,0,0,0,0,0,0,1,2,0,2,0,0,0,0,0,1,0,0,0,0,0,0,0,0,0,0,0,0,0,0,0,0,0,0,0,0,1,0,0,0,0,0,0,0,0,0,0
integration/microservices/src/grpc/grpc.controller.ts,integration,integration,170,1,94,23,2,0,1,0,0,2,1,1,1,0,1,0,0,0,9,0,0,2,8,1,1,0,1,0,0,0,1,9,0,0,16,0,0,1,0,4,0,0,0,0,0,1,0,0,0,0,0,0,0,0,0,0,0,8,0,0,0,0
integration/microservices/src/kafka-concurrent/dto/sum.dto.ts,integration,integration,4,1,3,0,0,0,0,0,0,0,0,0,0,0,1,0,0,0,0,0,0,1,0,0,0,0,0,0,0,0,1,0,0,0,0,0,0,0,0,0,0,0,0,0,0,0,0,0,0,0,0,0,0,0,0,0,0,0,0,0,0,0
integration/microservices/src/kafka-concurrent/kafka-concurrent.controller.ts,integration,integration,63,1,22,6,0,0,0,0,0,0,0,0,0,0,1,0,0,0,2,0,0,1,4,2,0,0,0,0,0,1,1,0,0,0,0,2,0,0,0,0,0,0,0,0,0,0,0,0,0,1,0,0,0,0,0,0,0,1,0,0,0,0
integration/microservices/src/kafka-concurrent/kafka-concurrent.messages.controller.ts,integration,integration,31,1,17,4,0,0,0,0,0,0,0,0,0,0,1,0,0,0,1,0,0,1,3,2,0,0,0,0,0,0,1,0,0,0,1,0,0,0,0,0,0,0,0,0,0,0,0,0,0,0,0,0,0,0,0,0,0,3,0,0,0,0
integration/microservices/src/kafka/dtos/business.dto.ts,integration,integration,6,1,4,0,0,0,0,0,0,0,0,0,0,0,1,0,0,0,0,0,0,1,0,0,0,0,0,0,0,0,1,0,0,0,0,0,0,0,1,0,0,0,0,0,0,0,0,0,0,0,0,0,0,0,0,0,0,0,0,0,0,0
integration/microservices/src/kafka/dtos/user.dto.ts,integration,integration,6,1,3,0,0,0,0,0,0,0,0,0,0,0,1,0,0,0,0,0,0,1,0,0,0,0,0,0,0,0,1,0,0,0,0,0,0,0,0,0,0,0,0,0,0,0,0,0,0,0,0,0,0,0,0,0,0,0,0,0,0,0
integration/microservices/src/kafka/entities/business.entity.ts,integration,integration,18,1,20,1,0,0,0,0,0,0,0,0,0,0,1,0,0,0,1,0,0,1,5,0,5,0,0,0,0,2,1,0,0,0,0,0,0,0,2,0,0,0,0,0,0,0,0,0,0,0,0,0,0,0,1,0,0,0,0,0,0,0
integration/microservices/src/kafka/entities/user.entity.ts,integration,integration,17,1,20,1,0,0,0,0,0,0,0,0,0,0,1,0,0,0,1,0,0,1,6,0,6,0,0,0,0,2,1,0,0,0,0,0,0,0,1,0,0,0,0,0,0,0,0,0,0,0,0,0,0,0,0,0,0,0,0,0,0,0
integration/microservices/src/kafka/kafka.controller.ts,integration,integration,161,1,57,13,0,0,0,0,0,0,0,0,0,0,1,0,0,0,9,0,0,1,13,0,0,0,0,0,0,1,1,0,0,0,9,0,0,0,0,0,0,0,0,0,0,0,0,0,0,1,0,0,0,0,0,0,0,8,0,0,0,0
integration/microservices/src/kafka/kafka.messages.controller.ts,integration,integration,63,1,57,12,0,0,0,0,0,0,0,0,0,0,1,0,0,0,0,0,0,1,0,2,1,0,0,0,0,1,1,16,0,0,8,0,0,0,0,9,0,0,0,0,0,2,0,0,0,0,0,0,0,0,0,0,0,3,0,0,0,0
integration/microservices/src/main.ts,integration,integration,7,0,4,1,0,0,0,0,0,0,0,0,0,0,0,0,0,0,1,0,1,0,0,0,0,0,0,0,0,0,0,0,0,0,0,0,0,0,0,0,0,0,0,0,0,0,0,0,0,0,0,0,0,0,0,0,1,0,0,0,0,0
integration/microservices/src/mqtt/mqtt-broadcast.controller.ts,integration,integration,25,1,9,2,0,0,0,0,0,0,0,0,0,0,1,0,0,0,1,0,0,1,1,0,0,0,0,0,0,0,1,2,0,0,0,0,0,0,0,0,0,0,0,0,0,0,0,0,0,0,0,0,0,0,0,0,0,0,0,0,0,0
integration/microservices/src/mqtt/mqtt.controller.ts,integration,integration,180,1,100,26,2,0,0,0,0,0,0,0,1,0,1,0,0,0,4,0,0,1,18,0,5,0,0,0,0,0,1,20,0,0,9,0,0,2,0,10,0,0,0,0,0,0,0,0,0,0,0,0,0,0,0,0,0,0,0,0,0,0
integration/microservices/src/nats/nats-broadcast.controller.ts,integration,integration,30,1,9,2,0,0,0,0,0,0,0,0,0,0,1,0,0,0,1,0,0,1,1,0,0,0,0,0,0,0,1,2,0,0,0,0,0,0,0,0,0,0,0,0,0,0,0,0,0,0,0,0,0,0,0,0,0,0,0,0,0,0
integration/microservices/src/nats/nats.controller.ts,integration,integration,117,1,54,15,0,0,0,0,0,0,0,0,2,0,1,0,0,0,4,0,0,1,7,0,2,0,0,0,0,0,1,12,0,0,3,0,0,0,0,6,0,0,0,0,0,0,0,0,0,0,0,0,0,0,0,0,0,0,0,0,0,0
integration/microservices/src/nats/nats.service.ts,integration,integration,6,1,4,1,0,0,0,0,0,0,0,0,0,0,1,0,0,0,0,0,0,1,0,0,0,0,0,0,0,0,1,0,0,0,0,0,0,0,0,0,0,0,0,0,0,0,0,0,0,0,0,0,0,0,0,0,0,0,0,0,0,0
integration/microservices/src/redis/redis-broadcast.controller.ts,integration,integration,25,1,9,2,0,0,0,0,0,0,0,0,0,0,1,0,0,0,1,0,0,1,1,0,0,0,0,0,0,0,1,2,0,0,0,0,0,0,0,0,0,0,0,0,0,0,0,0,0,0,0,0,0,0,0,0,0,0,0,0,0,0
integration/microservices/src/redis/redis.controller.ts,integration,integration,66,1,40,9,0,0,0,0,0,0,0,0,1,0,1,0,0,0,3,0,0,1,4,0,1,0,0,0,0,0,1,12,0,0,1,0,0,0,0,6,0,0,0,0,0,0,0,0,0,0,0,0,0,0,0,0,0,0,0,0,0,0
integration/microservices/src/rmq/fanout-exchange-consumer-rmq.controller.ts,integration,integration,10,1,5,2,0,0,0,0,0,0,0,0,0,0,1,0,0,0,0,0,0,1,0,0,0,0,0,0,0,0,1,0,0,0,0,0,0,0,0,0,0,0,0,0,0,0,0,0,0,0,0,0,0,0,0,0,0,0,0,0,0,0
integration/microservices/src/rmq/fanout-exchange-producer-rmq.controller.ts,integration,integration,25,1,8,2,0,0,0,0,0,0,0,0,0,0,1,0,0,0,0,0,0,1,2,0,1,0,0,0,0,0,1,0,0,0,0,0,0,0,0,0,0,0,0,0,0,0,0,0,0,0,0,0,0,0,0,0,0,0,0,0,0,0
integration/microservices/src/rmq/rmq-broadcast.controller.ts,integration,integration,35,1,12,3,0,0,0,0,0,0,0,0,0,0,1,0,0,0,1,0,0,1,2,0,1,0,0,0,0,0,1,2,0,0,0,0,0,0,0,0,0,0,0,0,0,0,0,0,0,0,0,0,0,0,0,0,0,0,0,0,0,0
integration/microservices/src/rmq/rmq.controller.ts,integration,integration,123,1,54,12,0,0,0,0,0,0,0,0,1,0,1,0,0,0,6,0,0,1,6,0,2,0,0,0,0,0,1,14,0,0,3,0,0,0,0,7,0,0,0,0,0,0,0,0,0,0,0,0,0,0,0,0,0,0,0,0,0,0
integration/microservices/src/rmq/topic-exchange-rmq.controller.ts,integration,integration,32,1,9,3,0,0,0,0,0,0,0,0,0,0,1,0,0,0,0,0,0,1,2,0,1,0,0,0,0,0,1,0,0,0,0,0,0,0,0,0,0,0,0,0,0,0,0,0,0,0,0,0,0,0,0,0,0,0,0,0,0,0
integration/microservices/src/tcp-tls/app.controller.ts,integration,integration,128,1,57,14,0,0,1,0,0,0,0,0,1,0,1,0,0,0,6,0,0,1,8,1,1,0,1,0,0,0,1,12,0,0,2,0,0,0,0,6,0,0,0,0,0,0,0,0,0,0,0,0,0,0,1,0,0,0,0,0,0,0
integration/microservices/src/tcp-tls/app.module.ts,integration,integration,84,1,16,5,0,0,0,0,0,0,0,0,0,0,1,0,0,0,0,0,0,5,2,0,0,0,0,0,0,0,1,0,0,0,1,0,0,0,0,0,0,0,0,0,0,0,0,0,0,0,0,0,0,0,1,0,0,0,0,0,0,0
integration/module-utils/src/integration.module-definition.ts,integration,integration,16,2,3,0,0,0,0,0,0,0,0,0,0,1,0,0,0,0,0,0,0,0,0,0,0,0,0,0,0,0,1,0,0,0,0,0,0,0,1,0,0,0,0,0,0,0,0,0,0,0,0,0,0,0,0,0,0,0,0,0,0,0
integration/module-utils/src/integration.module.ts,integration,integration,15,1,4,1,0,0,0,0,0,0,0,0,0,0,1,0,0,0,0,0,0,1,0,0,0,0,0,0,0,0,1,0,0,0,0,0,0,0,0,0,0,0,0,0,0,0,0,0,0,0,0,0,0,0,0,0,0,0,0,0,0,0
integration/module-utils/src/interfaces/integration-module-options.interface.ts,integration,integration,4,1,2,0,0,0,0,0,0,0,0,0,0,0,1,0,0,0,0,0,0,0,0,0,0,0,0,0,0,0,1,0,0,0,0,0,0,0,0,0,0,0,0,0,0,0,0,0,0,0,0,0,0,0,0,0,0,0,0,0,0,0
integration/module-utils/test/integration-module.spec.ts,integration,integration,40,0,6,1,0,0,0,0,0,0,0,0,0,0,0,0,0,0,0,0,0,0,0,1,0,0,0,0,0,0,0,0,0,0,0,0,0,0,0,0,0,0,0,0,0,0,0,0,0,0,0,0,0,0,0,1,0,0,1,0,0,2
integration/mongoose/e2e/async-class-options.spec.ts,integration,integration,31,0,10,0,0,0,0,0,0,0,2,2,0,0,0,0,0,0,0,0,0,0,0,0,0,0,0,0,0,0,0,0,0,0,0,0,0,0,1,0,0,0,0,0,0,0,0,0,0,0,0,0,0,0,0,1,0,0,1,2,0,1
integration/mongoose/e2e/async-existing-options.spec.ts,integration,integration,31,0,10,0,0,0,0,0,0,0,2,2,0,0,0,0,0,0,0,0,0,0,0,0,0,0,0,0,0,0,0,0,0,0,0,0,0,0,1,0,0,0,0,0,0,0,0,0,0,0,0,0,0,0,0,1,0,0,1,2,0,1
integration/mongoose/e2e/async-options.spec.ts,integration,integration,31,0,10,0,0,0,0,0,0,0,2,2,0,0,0,0,0,0,0,0,0,0,0,0,0,0,0,0,0,0,0,0,0,0,0,0,0,0,1,0,0,0,0,0,0,0,0,0,0,0,0,0,0,0,0,1,0,0,1,2,0,1
integration/mongoose/e2e/mongoose.spec.ts,integration,integration,31,0,10,0,0,0,0,0,0,0,2,2,0,0,0,0,0,0,0,0,0,0,0,0,0,0,0,0,0,0,0,0,0,0,0,0,0,0,1,0,0,0,0,0,0,0,0,0,0,0,0,0,0,0,0,1,0,0,1,2,0,1
integration/mongoose/src/app.module.ts,integration,integration,10,1,3,0,0,0,0,0,0,0,0,0,0,0,1,0,0,0,0,0,0,1,0,0,0,0,0,0,0,0,1,0,0,0,0,0,0,0,0,0,0,0,0,0,0,0,0,0,0,0,0,0,0,0,0,0,0,0,0,0,0,0
integration/mongoose/src/async-class-options.module.ts,integration,integration,23,1,5,1,0,0,0,0,0,0,0,0,0,0,1,0,0,0,0,0,0,2,0,0,0,0,0,0,0,0,1,0,0,0,0,0,0,0,0,0,0,0,0,0,0,0,0,0,0,0,0,0,0,0,0,0,0,0,0,0,0,0
integration/mongoose/src/async-existing-options.module.ts,integration,integration,29,1,6,1,0,0,0,0,0,0,0,0,0,0,1,0,0,0,0,0,0,3,0,0,0,0,0,0,0,0,1,0,0,0,0,0,0,0,0,0,0,0,0,0,0,0,0,0,0,0,0,0,0,0,0,0,0,0,0,0,0,0
integration/mongoose/src/async-options.module.ts,integration,integration,14,1,3,0,0,0,0,0,0,0,0,0,0,0,1,0,0,0,0,0,0,1,0,0,0,0,0,0,0,0,1,0,0,0,0,0,0,0,0,0,0,0,0,0,0,0,0,0,0,0,0,0,0,0,0,0,0,0,0,0,0,0
integration/mongoose/src/cats/cats.controller.ts,integration,integration,16,1,8,3,0,0,0,0,0,0,0,0,0,0,1,0,0,0,0,0,0,1,2,0,0,0,0,0,0,0,1,0,0,0,0,0,0,0,0,0,0,0,0,0,0,0,0,0,0,0,0,0,0,0,0,0,0,0,0,0,0,0
integration/mongoose/src/cats/cats.module.ts,integration,integration,11,1,3,0,0,0,0,0,0,0,0,0,0,0,1,0,0,0,0,0,0,1,0,0,0,0,0,0,0,0,1,0,0,0,0,0,0,0,0,0,0,0,0,0,0,0,0,0,0,0,0,0,0,0,0,0,0,0,0,0,0,0
integration/mongoose/src/cats/cats.service.ts,integration,integration,16,1,9,3,0,0,0,0,0,0,0,0,0,0,1,0,0,0,0,0,0,1,2,0,0,0,0,0,0,0,1,0,0,0,0,0,0,0,0,1,0,0,0,0,0,0,0,0,0,0,0,0,0,0,0,0,0,0,0,0,0,0
integration/mongoose/src/cats/dto/create-cat.dto.ts,integration,integration,5,1,3,0,0,0,0,0,0,0,0,0,0,0,1,0,0,0,0,0,0,1,0,0,0,0,0,0,0,0,1,0,0,0,0,0,0,0,0,0,0,0,0,0,0,0,0,0,0,0,0,0,0,0,0,0,0,0,0,0,0,0
integration/mongoose/src/cats/interfaces/cat.interface.ts,integration,integration,6,1,3,0,0,0,0,0,0,0,0,0,0,0,1,0,0,0,0,0,0,0,0,0,0,0,0,0,0,0,1,0,0,0,0,0,0,0,1,0,0,0,0,0,0,0,0,0,0,0,0,0,0,0,0,0,0,0,0,0,0,0
integration/mongoose/src/cats/schemas/cat.schema.ts,integration,integration,6,1,2,0,0,0,0,0,0,0,0,0,0,0,1,0,0,0,0,0,0,0,0,0,0,0,0,0,0,0,1,0,0,0,0,0,0,0,0,0,0,0,0,0,0,0,0,0,0,0,0,0,0,0,0,0,0,0,0,0,0,0
integration/mongoose/src/main.ts,integration,integration,7,0,4,1,0,0,0,0,0,0,0,0,0,0,0,0,0,0,1,0,1,0,0,0,0,0,0,0,0,0,0,0,0,0,0,0,0,0,0,0,0,0,0,0,0,0,0,0,0,0,0,0,0,0,0,0,1,0,0,0,0,0
integration/nest-application/app-locals/e2e/express.spec.ts,integration,integration,31,0,13,0,0,0,0,0,0,0,2,2,0,0,0,0,0,0,0,0,0,0,0,0,0,0,0,0,0,0,0,0,0,0,0,0,0,0,2,0,0,0,0,0,0,0,0,0,0,0,0,0,0,0,0,1,0,0,1,3,0,2
integration/nest-application/app-locals/src/app.controller.ts,integration,integration,9,1,4,1,0,0,0,0,0,0,0,0,0,0,1,0,0,0,0,0,0,1,0,0,0,0,0,0,0,0,1,0,0,0,0,0,0,0,0,0,0,0,0,0,0,0,0,0,0,0,0,0,0,0,0,0,0,0,0,0,0,0
integration/nest-application/app-locals/src/app.module.ts,integration,integration,6,1,3,0,0,0,0,0,0,0,0,0,0,0,1,0,0,0,0,0,0,1,0,0,0,0,0,0,0,0,1,0,0,0,0,0,0,0,0,0,0,0,0,0,0,0,0,0,0,0,0,0,0,0,0,0,0,0,0,0,0,0
integration/nest-application/get-url/e2e/express.spec.ts,integration,integration,52,0,17,1,0,0,0,0,0,0,2,2,0,0,0,0,0,0,0,0,0,0,0,0,0,0,0,0,0,0,0,0,0,0,0,0,0,0,1,0,0,0,0,0,0,0,0,0,0,0,0,0,0,0,0,1,0,2,1,2,0,5
integration/nest-application/get-url/e2e/fastify.spec.ts,integration,integration,43,0,15,1,0,0,0,0,0,0,2,2,0,0,0,0,0,0,0,0,0,0,0,0,0,0,0,0,0,0,0,0,0,0,0,0,0,0,1,0,0,0,0,0,0,0,0,0,0,0,0,0,0,0,0,1,0,1,1,2,0,4
integration/nest-application/get-url/e2e/utils.ts,integration,integration,28,3,12,5,1,0,0,0,0,0,1,1,0,1,0,0,0,0,0,0,2,0,0,0,0,0,0,0,0,0,0,0,0,0,0,0,0,1,0,0,0,0,0,0,0,0,0,0,0,0,0,0,0,0,0,0,0,0,0,0,0,0
integration/nest-application/get-url/src/app.controller.ts,integration,integration,10,1,6,2,0,0,0,0,0,0,0,0,0,0,1,0,0,0,0,0,0,1,1,0,0,0,0,0,0,0,1,0,0,0,0,0,0,0,0,0,0,0,0,0,0,0,0,0,0,0,0,0,0,0,0,0,0,0,0,0,0,0
integration/nest-application/get-url/src/app.module.ts,integration,integration,8,1,3,0,0,0,0,0,0,0,0,0,0,0,1,0,0,0,0,0,0,1,0,0,0,0,0,0,0,0,1,0,0,0,0,0,0,0,0,0,0,0,0,0,0,0,0,0,0,0,0,0,0,0,0,0,0,0,0,0,0,0
integration/nest-application/get-url/src/app.service.ts,integration,integration,7,1,4,1,0,0,0,0,0,0,0,0,0,0,1,0,0,0,0,0,0,1,0,0,0,0,0,0,0,0,1,0,0,0,0,0,0,0,0,0,0,0,0,0,0,0,0,0,0,0,0,0,0,0,0,0,0,0,0,0,0,0
integration/nest-application/global-prefix/e2e/global-prefix.spec.ts,integration,integration,109,0,24,0,0,0,0,0,0,0,2,9,0,0,0,0,0,0,0,0,0,0,0,0,0,0,0,0,0,0,0,0,0,0,0,0,0,0,1,0,0,0,0,0,0,0,0,0,0,0,0,0,0,0,0,1,0,0,1,2,0,8
integration/nest-application/global-prefix/src/app.controller.ts,integration,integration,32,1,11,7,0,0,0,0,0,0,0,0,0,0,1,0,0,0,0,0,0,1,0,0,0,0,0,0,0,0,1,0,0,0,1,0,0,0,0,0,0,0,0,0,0,0,0,0,0,0,0,0,0,0,0,0,0,0,0,0,0,0
integration/nest-application/global-prefix/src/app.module.ts,integration,integration,43,3,16,4,0,0,0,0,0,0,0,0,0,1,0,0,0,0,2,0,0,1,2,0,4,0,0,0,0,0,1,0,0,0,0,0,0,0,0,0,0,0,0,0,0,0,0,0,0,0,0,0,0,0,0,0,1,0,0,0,0,0
integration/nest-application/listen/e2e/express.spec.ts,integration,integration,36,0,13,0,0,0,0,0,0,0,2,2,0,0,0,0,0,0,0,0,0,0,0,0,0,0,0,0,0,0,0,0,0,0,0,0,0,0,2,0,0,0,0,0,0,0,0,0,0,0,0,0,0,0,0,1,0,0,1,2,0,3
integration/nest-application/listen/e2e/fastify.spec.ts,integration,integration,50,0,19,0,0,0,0,0,0,0,2,2,0,0,0,0,0,0,0,0,0,0,0,0,0,0,0,0,0,1,0,0,0,0,0,0,0,1,3,0,0,0,0,0,0,0,0,0,0,0,0,0,0,0,0,1,0,2,1,2,0,4
integration/nest-application/listen/src/app.controller.ts,integration,integration,10,1,6,2,0,0,0,0,0,0,0,0,0,0,1,0,0,0,0,0,0,1,1,0,0,0,0,0,0,0,1,0,0,0,0,0,0,0,0,0,0,0,0,0,0,0,0,0,0,0,0,0,0,0,0,0,0,0,0,0,0,0
integration/nest-application/listen/src/app.module.ts,integration,integration,8,1,3,0,0,0,0,0,0,0,0,0,0,0,1,0,0,0,0,0,0,1,0,0,0,0,0,0,0,0,1,0,0,0,0,0,0,0,0,0,0,0,0,0,0,0,0,0,0,0,0,0,0,0,0,0,0,0,0,0,0,0
integration/nest-application/listen/src/app.service.ts,integration,integration,7,1,4,1,0,0,0,0,0,0,0,0,0,0,1,0,0,0,0,0,0,1,0,0,0,0,0,0,0,0,1,0,0,0,0,0,0,0,0,0,0,0,0,0,0,0,0,0,0,0,0,0,0,0,0,0,0,0,0,0,0,0
integration/nest-application/observable-response/e2e/express.spec.ts,integration,integration,72,0,21,0,0,0,0,0,0,0,2,2,0,0,0,0,0,0,0,0,0,0,0,0,0,0,0,0,0,0,0,0,0,0,0,0,0,0,1,5,0,0,0,0,0,0,0,0,0,0,0,0,0,0,1,1,0,0,1,2,0,6
integration/nest-application/observable-response/e2e/fastify.spec.ts,integration,integration,73,0,21,0,0,0,0,0,0,0,2,2,0,0,0,0,0,0,0,0,0,0,0,0,0,0,0,0,0,0,0,0,0,0,0,0,0,0,1,5,0,0,0,0,0,0,0,0,0,0,0,0,0,0,1,1,0,0,1,2,0,6
integration/nest-application/observable-response/e2e/utils.ts,integration,integration,74,5,40,12,2,0,0,1,1,0,1,1,0,1,0,0,0,0,2,0,4,0,0,0,0,1,0,0,0,2,0,0,0,0,1,0,0,2,0,0,0,0,0,0,0,0,0,0,0,0,1,5,0,0,0,0,0,3,0,0,0,0
integration/nest-application/observable-response/src/app.controller.ts,integration,integration,103,7,48,16,0,0,0,0,0,1,2,3,0,1,0,0,0,0,8,0,3,4,2,0,6,0,0,0,0,0,1,0,0,0,0,0,0,0,0,0,0,0,0,0,0,0,0,0,0,0,0,0,0,0,0,0,1,0,0,0,0,0
integration/nest-application/observable-response/src/app.module.ts,integration,integration,8,1,3,0,0,0,0,0,0,0,0,0,0,0,1,0,0,0,0,0,0,1,0,0,0,0,0,0,0,0,1,0,0,0,0,0,0,0,0,0,0,0,0,0,0,0,0,0,0,0,0,0,0,0,0,0,0,0,0,0,0,0
integration/nest-application/raw-body/e2e/express.spec.ts,integration,integration,63,0,12,0,0,0,0,0,0,0,1,1,0,0,0,0,0,0,0,0,0,0,0,0,0,0,0,0,0,0,0,0,0,0,0,0,0,0,1,0,0,0,0,0,0,0,0,0,0,0,0,0,0,0,0,1,0,0,1,2,1,4
integration/nest-application/raw-body/e2e/fastify.spec.ts,integration,integration,82,0,15,0,0,0,0,0,0,0,1,1,0,0,0,0,0,0,0,0,0,0,0,0,0,0,0,0,0,0,0,0,0,0,0,0,0,0,1,0,0,0,0,0,0,0,0,0,0,0,0,0,0,0,0,1,0,3,1,2,1,4
integration/nest-application/raw-body/src/express.controller.ts,integration,integration,12,1,5,1,0,0,0,0,0,0,0,0,0,0,1,0,0,0,0,0,0,1,0,0,0,0,0,0,0,0,1,0,0,0,0,1,0,0,0,0,0,0,0,0,0,0,0,0,0,0,0,0,0,0,0,0,0,0,0,0,0,0
integration/nest-application/raw-body/src/express.module.ts,integration,integration,6,1,3,0,0,0,0,0,0,0,0,0,0,0,1,0,0,0,0,0,0,1,0,0,0,0,0,0,0,0,1,0,0,0,0,0,0,0,0,0,0,0,0,0,0,0,0,0,0,0,0,0,0,0,0,0,0,0,0,0,0,0
integration/nest-application/raw-body/src/fastify.controller.ts,integration,integration,12,1,5,1,0,0,0,0,0,0,0,0,0,0,1,0,0,0,0,0,0,1,0,0,0,0,0,0,0,0,1,0,0,0,0,1,0,0,0,0,0,0,0,0,0,0,0,0,0,0,0,0,0,0,0,0,0,0,0,0,0,0
integration/nest-application/raw-body/src/fastify.module.ts,integration,integration,6,1,3,0,0,0,0,0,0,0,0,0,0,0,1,0,0,0,0,0,0,1,0,0,0,0,0,0,0,0,1,0,0,0,0,0,0,0,0,0,0,0,0,0,0,0,0,0,0,0,0,0,0,0,0,0,0,0,0,0,0,0
integration/nest-application/sse/e2e/express.spec.ts,integration,integration,400,0,82,9,2,0,0,1,0,1,3,9,0,0,0,0,0,0,0,0,0,0,0,0,0,0,0,6,0,14,0,1,0,0,0,0,0,0,1,2,0,0,0,0,0,2,0,0,0,0,1,1,0,0,0,1,0,3,1,12,1,11
integration/nest-application/sse/e2e/fastify.spec.ts,integration,integration,415,0,82,9,2,0,0,1,0,1,3,9,0,0,0,0,0,0,0,0,0,0,0,0,0,0,0,6,0,14,0,1,0,0,0,0,0,0,1,2,0,0,0,0,0,2,0,0,0,0,1,1,0,0,0,1,0,3,1,12,1,11
integration/nest-application/sse/e2e/utils.ts,integration,integration,195,20,79,17,4,0,0,4,0,4,0,0,2,1,0,0,0,1,8,0,0,0,0,0,0,13,0,0,0,14,0,0,0,0,0,0,0,2,0,0,0,0,0,0,0,0,0,0,0,0,9,0,0,0,0,0,0,0,0,0,0,0
integration/nest-application/sse/src/app.controller.ts,integration,integration,343,1,182,45,5,0,0,1,0,0,5,5,5,0,1,0,0,0,8,0,0,3,51,0,29,0,0,0,0,0,1,2,0,0,1,0,0,1,0,2,0,0,0,0,0,1,0,0,0,2,0,0,0,0,0,0,0,14,0,0,0,0
integration/nest-application/sse/src/app.module.ts,integration,integration,6,1,3,0,0,0,0,0,0,0,0,0,0,0,1,0,0,0,0,0,0,1,0,0,0,0,0,0,0,0,1,0,0,0,0,0,0,0,0,0,0,0,0,0,0,0,0,0,0,0,0,0,0,0,0,0,0,0,0,0,0,0
integration/nest-application/use-body-parser/e2e/express.spec.ts,integration,integration,78,0,14,0,0,0,0,0,0,0,1,2,0,0,0,0,0,0,0,0,0,0,0,0,0,0,0,0,0,0,0,0,0,0,0,0,0,0,1,0,0,0,0,0,0,0,0,0,0,0,0,0,0,0,0,1,0,0,1,3,1,4
integration/nest-application/use-body-parser/e2e/fastify.spec.ts,integration,integration,87,0,14,0,0,0,0,0,0,0,1,2,0,0,0,0,0,0,0,0,0,0,0,0,0,0,0,0,0,0,0,0,0,0,0,0,0,0,1,0,0,0,0,0,0,0,0,0,0,0,0,0,0,0,0,1,0,0,1,3,1,4
integration/nest-application/use-body-parser/src/app.controller.ts,integration,integration,11,1,4,1,0,0,0,0,0,0,0,0,0,0,1,0,0,0,0,0,0,1,0,0,0,0,0,0,0,0,1,0,0,0,0,0,0,0,0,0,0,0,0,0,0,0,0,0,0,0,0,0,0,0,0,0,0,0,0,0,0,0
integration/nest-application/use-body-parser/src/app.module.ts,integration,integration,6,1,3,0,0,0,0,0,0,0,0,0,0,0,1,0,0,0,0,0,0,1,0,0,0,0,0,0,0,0,1,0,0,0,0,0,0,0,0,0,0,0,0,0,0,0,0,0,0,0,0,0,0,0,0,0,0,0,0,0,0,0
integration/query-method/e2e/query-method-fastify.spec.ts,integration,integration,81,0,22,0,0,0,0,0,0,0,1,1,0,0,0,0,0,0,0,0,0,0,0,0,0,0,0,0,0,0,0,0,0,0,4,0,0,4,1,0,0,0,0,0,0,0,0,0,0,0,0,0,0,1,0,1,0,1,1,2,0,5
integration/query-method/e2e/query-method.spec.ts,integration,integration,107,0,31,4,1,0,2,0,0,0,3,3,1,0,0,0,0,0,0,0,1,0,0,0,0,0,0,0,0,0,0,0,0,0,1,1,0,1,1,0,0,0,0,0,0,0,0,0,0,0,0,0,0,1,1,1,0,1,1,2,0,5
integration/query-method/src/query-method.controller.ts,integration,integration,83,5,26,9,0,0,1,0,0,1,0,0,1,1,0,0,0,1,1,0,0,5,1,0,0,0,0,0,0,0,1,0,0,0,0,0,0,0,0,0,0,0,1,0,0,1,0,0,0,0,0,0,0,0,0,0,0,2,0,0,0,0
integration/query-method/src/query-method.module.ts,integration,integration,4,1,4,0,0,0,0,0,0,0,0,0,0,0,1,0,0,0,0,0,0,1,0,0,0,0,0,0,0,0,1,0,0,0,0,0,0,0,0,0,0,0,0,0,0,0,0,0,0,0,0,0,0,1,0,0,0,0,0,0,0,0
integration/repl/e2e/repl-process.spec.ts,integration,integration,62,0,22,8,5,0,0,0,0,0,1,1,0,0,0,0,0,0,0,0,1,0,0,0,0,0,0,0,0,0,0,0,0,0,0,0,0,0,0,2,0,0,0,0,0,0,0,0,0,0,0,0,0,0,0,0,0,0,1,2,0,1
integration/repl/e2e/repl.spec.ts,integration,integration,209,0,84,10,0,0,0,0,0,0,10,15,0,0,0,0,0,0,0,0,0,0,0,0,0,0,0,0,0,0,0,0,0,0,0,0,0,10,1,0,0,0,0,0,0,0,0,0,0,0,0,0,0,0,0,1,0,1,1,24,1,10
integration/repl/src/app.module.ts,integration,integration,6,1,3,0,0,0,0,0,0,0,0,0,0,0,1,0,0,0,0,0,0,1,0,0,0,0,0,0,0,0,1,0,0,0,0,0,0,0,0,0,0,0,0,0,0,0,0,0,0,0,0,0,0,0,0,0,0,0,0,0,0,0
integration/repl/src/database/database.connection.ts,integration,integration,20,1,13,4,1,0,0,0,0,0,0,0,0,0,1,0,0,0,1,0,0,1,3,0,1,0,0,0,0,0,1,0,0,0,0,0,0,0,0,0,0,0,0,0,0,0,0,0,0,0,0,0,0,0,0,0,0,0,0,0,0,0
integration/repl/src/database/database.module.ts,integration,integration,19,1,5,1,0,0,0,0,0,0,0,0,0,0,1,0,0,0,0,0,0,1,0,1,0,0,0,0,0,0,1,0,0,0,0,0,0,0,0,0,0,0,0,0,0,0,0,0,0,0,0,0,0,0,0,0,0,0,0,0,0,0
integration/repl/src/long-living-app.module.ts,integration,integration,6,1,3,0,0,0,0,0,0,0,0,0,0,0,1,0,0,0,0,0,0,1,0,0,0,0,0,0,0,0,1,0,0,0,0,0,0,0,0,0,0,0,0,0,0,0,0,0,0,0,0,0,0,0,0,0,0,0,0,0,0,0
integration/repl/src/repl.ts,integration,integration,9,0,7,2,0,0,0,0,0,0,0,0,0,0,0,0,0,0,0,0,1,0,0,0,0,0,0,1,0,2,0,0,0,0,0,0,0,0,0,0,0,0,0,0,0,0,0,0,0,0,0,0,0,0,0,0,1,0,0,0,0,0
integration/repl/src/users/dto/create-user.dto.ts,integration,integration,1,1,3,0,0,0,0,0,0,0,0,0,0,0,1,0,0,0,0,0,0,1,0,0,0,0,0,0,0,0,1,0,0,0,0,0,0,0,0,0,0,0,0,0,0,0,0,0,0,0,0,0,0,0,0,0,0,0,0,0,0,0
integration/repl/src/users/dto/update-user.dto.ts,integration,integration,3,1,3,0,0,0,0,0,0,0,0,0,0,0,1,0,0,0,0,0,0,1,0,0,0,0,0,0,0,0,1,0,0,0,0,0,0,0,0,0,0,0,0,0,0,0,0,0,0,0,0,0,0,0,0,0,0,0,0,0,0,0
integration/repl/src/users/entities/user.entity.ts,integration,integration,1,1,3,0,0,0,0,0,0,0,0,0,0,0,1,0,0,0,0,0,0,1,0,0,0,0,0,0,0,0,1,0,0,0,0,0,0,0,0,0,0,0,0,0,0,0,0,0,0,0,0,0,0,0,0,0,0,0,0,0,0,0
integration/repl/src/users/users.controller.ts,integration,integration,36,1,15,6,0,0,0,0,0,0,0,0,0,0,1,0,0,0,0,0,0,1,5,0,0,0,0,0,0,0,1,0,0,0,0,0,0,0,0,0,0,0,0,0,0,0,0,0,0,0,0,0,0,0,1,0,0,0,0,0,0,0
integration/repl/src/users/users.module.ts,integration,integration,15,1,3,0,0,0,0,0,0,0,0,0,0,0,1,0,0,0,0,0,0,1,0,0,0,0,0,0,0,0,1,0,0,0,0,0,0,0,0,0,0,0,0,0,0,0,0,0,0,0,0,0,0,0,0,0,0,0,0,0,0,0
integration/repl/src/users/users.repository.ts,integration,integration,7,1,4,1,0,0,0,0,0,0,0,0,0,0,1,0,0,0,0,0,0,1,0,0,0,0,0,0,0,0,1,0,0,0,0,0,0,0,0,0,0,0,0,0,0,0,0,0,0,0,0,0,0,0,0,0,0,0,0,0,0,0
integration/repl/src/users/users.service.ts,integration,integration,26,1,9,6,0,0,0,0,0,0,0,0,0,0,1,0,0,0,0,0,0,1,0,0,0,0,0,0,0,0,1,0,0,0,0,0,0,0,0,0,0,0,0,0,0,0,0,0,0,0,0,0,0,0,0,0,0,0,0,0,0,0
integration/route-conflict/e2e/conflict-policy-fastify.spec.ts,integration,integration,126,0,50,6,2,0,0,1,0,0,1,5,1,0,0,0,0,1,0,0,2,0,0,0,0,0,0,0,0,0,0,0,0,0,14,0,0,0,2,0,0,0,0,0,0,0,0,0,0,0,1,5,0,0,0,1,0,0,1,1,1,5
integration/route-conflict/e2e/conflict-policy.spec.ts,integration,integration,235,0,67,7,3,0,1,0,0,0,2,8,1,0,0,0,0,1,0,0,2,0,0,0,0,0,0,0,2,0,0,0,0,0,14,0,0,0,3,1,0,0,0,0,0,0,0,0,0,1,0,5,0,0,0,1,0,4,1,2,1,7
integration/route-conflict/e2e/resolution-strategy.spec.ts,integration,integration,108,0,45,2,1,0,0,0,0,0,1,4,0,0,0,0,0,0,0,0,1,0,0,0,0,0,0,0,0,0,0,1,0,0,0,10,0,0,2,0,0,0,0,0,0,0,0,0,0,0,0,0,0,0,0,1,0,6,1,2,1,12
integration/route-conflict/e2e/versioned-wildcard-fastify.spec.ts,integration,integration,111,0,39,1,1,0,0,0,0,0,1,4,1,0,0,0,0,0,0,0,1,0,0,0,0,0,0,0,0,0,0,0,0,0,0,5,0,0,2,0,0,0,0,0,0,0,0,0,0,0,0,0,0,0,0,1,0,11,1,2,1,7
integration/route-conflict/e2e/wildcard-conflict-policy.spec.ts,integration,integration,99,0,51,6,1,0,0,0,0,0,1,5,1,0,0,0,0,1,0,0,2,0,0,0,0,0,0,0,0,0,0,0,0,0,13,0,0,0,2,1,0,0,0,0,0,0,0,0,0,0,0,5,0,0,0,1,0,5,1,1,0,5
integration/route-conflict/e2e/wildcard-resolution-strategy.spec.ts,integration,integration,65,0,28,1,1,0,0,0,0,0,1,2,0,0,0,0,0,0,0,0,1,0,0,0,0,0,0,0,0,0,0,0,0,0,0,8,0,0,2,0,0,0,0,0,0,0,0,0,0,0,0,0,0,0,0,1,0,0,1,2,0,8
integration/route-conflict/src/app.module.ts,integration,integration,6,1,3,0,0,0,0,0,0,0,0,0,0,0,1,0,0,0,0,0,0,1,0,0,0,0,0,0,0,0,1,0,0,0,0,0,0,0,0,0,0,0,0,0,0,0,0,0,0,0,0,0,0,0,0,0,0,0,0,0,0,0
integration/route-conflict/src/duplicate/duplicate-a.controller.ts,integration,integration,8,1,4,1,0,0,0,0,0,0,0,0,0,0,1,0,0,0,0,0,0,1,0,0,0,0,0,0,0,0,1,0,0,0,0,0,0,0,0,0,0,0,0,0,0,0,0,0,0,0,0,0,0,0,0,0,0,0,0,0,0,0
integration/route-conflict/src/duplicate/duplicate-b.controller.ts,integration,integration,8,1,4,1,0,0,0,0,0,0,0,0,0,0,1,0,0,0,0,0,0,1,0,0,0,0,0,0,0,0,1,0,0,0,0,0,0,0,0,0,0,0,0,0,0,0,0,0,0,0,0,0,0,0,0,0,0,0,0,0,0,0
integration/route-conflict/src/duplicate/duplicate.module.ts,integration,integration,7,1,3,0,0,0,0,0,0,0,0,0,0,0,1,0,0,0,0,0,0,1,0,0,0,0,0,0,0,0,1,0,0,0,0,0,0,0,0,0,0,0,0,0,0,0,0,0,0,0,0,0,0,0,0,0,0,0,0,0,0,0
integration/route-conflict/src/main.ts,integration,integration,8,0,5,1,0,0,0,0,0,0,0,0,0,0,0,0,0,0,1,0,1,0,0,0,0,0,0,0,0,1,0,0,0,0,0,0,0,0,0,0,0,0,0,0,0,0,0,0,0,0,0,0,0,0,0,0,1,0,0,0,0,0
integration/route-conflict/src/multi-user/multi-user.module.ts,integration,integration,7,1,3,0,0,0,0,0,0,0,0,0,0,0,1,0,0,0,0,0,0,1,0,0,0,0,0,0,0,0,1,0,0,0,0,0,0,0,0,0,0,0,0,0,0,0,0,0,0,0,0,0,0,0,0,0,0,0,0,0,0,0
integration/route-conflict/src/multi-user/user-images.controller.ts,integration,integration,12,1,5,2,0,0,0,0,0,0,0,0,0,0,1,0,0,0,0,0,0,1,0,0,0,0,0,0,0,0,1,0,0,0,0,0,0,0,0,0,0,0,0,0,0,0,0,0,0,0,0,0,0,0,0,0,0,0,0,0,0,0
integration/route-conflict/src/multi-user/users.controller.ts,integration,integration,12,1,5,2,0,0,0,0,0,0,0,0,0,0,1,0,0,0,0,0,0,1,0,0,0,0,0,0,0,0,1,0,0,0,0,0,0,0,0,0,0,0,0,0,0,0,0,0,0,0,0,0,0,0,0,0,0,0,0,0,0,0
integration/route-conflict/src/versioned-wildcard/users-me.controller.ts,integration,integration,8,1,4,1,0,0,0,0,0,0,0,0,0,0,1,0,0,0,0,0,0,1,0,0,0,0,0,0,0,0,1,0,0,0,0,0,0,0,0,0,0,0,0,0,0,0,0,0,0,0,0,0,0,0,0,0,0,0,0,0,0,0
integration/route-conflict/src/versioned-wildcard/users-wildcard.controller.ts,integration,integration,20,1,12,2,0,0,0,0,0,0,0,0,0,0,1,0,0,0,0,0,0,1,0,0,0,0,0,0,0,0,1,0,0,0,0,0,0,0,0,0,0,0,0,0,0,0,0,0,0,0,0,0,0,0,0,0,0,7,0,0,0,0
integration/route-conflict/src/versioned-wildcard/versioned-wildcard.module.ts,integration,integration,18,1,14,0,0,0,0,0,0,0,0,0,0,0,1,0,0,0,0,0,0,1,0,0,0,0,0,0,0,0,1,0,0,0,0,0,0,0,0,0,0,0,0,0,0,0,0,0,0,0,0,0,0,0,0,0,0,11,0,0,0,0
integration/route-conflict/src/wildcard/wildcard.controller.ts,integration,integration,16,1,6,3,0,0,0,0,0,0,0,0,0,0,1,0,0,0,0,0,0,1,0,0,0,0,0,0,0,0,1,0,0,0,0,0,0,0,0,0,0,0,0,0,0,0,0,0,0,0,0,0,0,0,0,0,0,0,0,0,0,0
integration/route-conflict/src/wildcard/wildcard.module.ts,integration,integration,6,1,3,0,0,0,0,0,0,0,0,0,0,0,1,0,0,0,0,0,0,1,0,0,0,0,0,0,0,0,1,0,0,0,0,0,0,0,0,0,0,0,0,0,0,0,0,0,0,0,0,0,0,0,0,0,0,0,0,0,0,0
integration/scopes/e2e/circular-request-scope.spec.ts,integration,integration,60,0,16,2,1,0,0,0,0,0,2,2,0,0,0,0,0,0,0,0,0,1,0,0,0,0,0,0,0,0,0,0,0,0,0,0,0,0,1,0,0,0,0,0,0,0,0,0,0,0,0,0,0,0,0,1,0,0,1,0,1,4
integration/scopes/e2e/circular-transient-scope.spec.ts,integration,integration,60,0,16,2,1,0,0,0,0,0,2,2,0,0,0,0,0,0,0,0,0,1,0,0,0,0,0,0,0,0,0,0,0,0,0,0,0,0,1,0,0,0,0,0,0,0,0,0,0,0,0,0,0,0,0,1,0,0,1,0,1,4
integration/scopes/e2e/durable-cross-module-forward-ref.spec.ts,integration,integration,41,0,11,0,0,0,0,1,0,0,2,2,0,0,0,0,0,0,0,0,0,0,0,0,0,0,0,0,0,0,0,0,0,0,1,0,0,0,1,0,0,0,0,0,0,0,0,0,0,0,1,0,0,0,0,1,0,0,1,0,0,1
integration/scopes/e2e/durable-forward-ref.spec.ts,integration,integration,47,0,10,0,0,0,0,0,0,0,2,2,0,0,0,0,0,0,0,0,0,0,0,0,0,0,0,0,0,0,0,0,0,0,1,0,0,0,1,0,0,0,0,0,0,0,0,0,0,0,0,0,0,0,0,1,0,1,1,0,0,1
integration/scopes/e2e/durable-providers.spec.ts,integration,integration,177,0,54,1,1,0,2,0,0,0,9,18,0,0,0,0,0,0,0,0,0,0,0,0,0,0,0,0,0,0,0,0,0,0,2,0,0,0,1,8,0,0,0,0,0,0,0,0,0,0,0,0,0,0,0,1,0,1,1,0,1,8
integration/scopes/e2e/inject-inquirer.spec.ts,integration,integration,50,0,16,0,0,0,0,0,0,0,3,3,0,0,0,0,0,0,0,0,0,0,0,0,0,0,0,0,0,0,0,0,0,0,2,0,0,0,1,0,0,0,0,0,0,0,0,0,0,0,0,0,0,0,0,1,0,0,1,3,0,2
integration/scopes/e2e/msvc-request-scope.spec.ts,integration,integration,68,0,21,2,1,0,0,0,0,0,2,2,0,0,0,0,0,0,0,0,0,1,0,0,0,0,0,0,0,0,0,0,0,0,3,0,0,0,2,0,0,0,0,0,0,0,0,0,0,0,0,0,0,0,0,1,0,0,1,0,1,5
integration/scopes/e2e/request-modules-scope.spec.ts,integration,integration,62,0,23,1,1,0,0,0,0,0,5,5,0,0,0,0,0,0,0,0,0,0,0,0,0,0,0,0,0,0,0,0,0,0,3,0,0,0,1,1,0,0,0,0,0,0,0,0,0,0,0,0,0,0,0,1,0,0,1,0,1,3
integration/scopes/e2e/request-scope.spec.ts,integration,integration,130,0,51,2,1,0,0,0,0,0,12,12,0,0,0,0,0,0,0,0,0,1,0,0,0,0,0,0,0,0,0,0,0,0,3,0,0,0,1,7,0,0,0,0,0,0,0,0,0,0,0,0,0,0,0,1,0,0,1,0,1,9
integration/scopes/e2e/resolve-scoped.spec.ts,integration,integration,31,0,9,0,0,0,0,0,0,0,1,1,0,0,0,0,0,0,0,0,0,0,0,0,0,0,0,0,0,0,0,0,0,0,0,0,0,0,1,0,0,0,0,0,0,0,0,0,0,0,0,0,0,0,0,1,0,0,1,2,0,2
integration/scopes/e2e/transient-scope.spec.ts,integration,integration,489,0,126,30,2,0,0,0,0,0,10,10,0,0,0,0,0,0,0,0,0,28,9,0,0,0,0,0,0,0,0,0,0,0,7,0,0,0,0,8,0,0,0,0,0,0,0,0,0,0,0,0,0,0,0,1,0,0,1,2,1,17
integration/scopes/src/app.module.ts,integration,integration,6,1,3,0,0,0,0,0,0,0,0,0,0,0,1,0,0,0,0,0,0,1,0,0,0,0,0,0,0,0,1,0,0,0,0,0,0,0,0,0,0,0,0,0,0,0,0,0,0,0,0,0,0,0,0,0,0,0,0,0,0,0
integration/scopes/src/circular-hello/dto/test.dto.ts,integration,integration,8,1,3,0,0,0,0,0,0,0,0,0,0,0,1,0,0,0,0,0,0,1,0,0,0,0,0,0,0,0,1,0,0,0,0,0,0,0,0,0,0,0,0,0,0,0,0,0,0,0,0,0,0,0,0,0,0,0,0,0,0,0
integration/scopes/src/circular-hello/guards/request-scoped.guard.ts,integration,integration,19,1,6,2,0,0,0,0,0,0,0,0,0,0,1,0,0,0,0,0,0,1,0,0,1,0,0,0,0,0,1,0,0,0,0,0,0,0,0,0,0,0,0,0,0,0,0,0,0,0,0,0,0,0,0,0,0,0,0,0,0,0
integration/scopes/src/circular-hello/hello.controller.ts,integration,integration,28,1,7,2,0,0,0,0,0,0,0,0,0,0,1,0,0,0,0,0,0,1,1,0,1,0,0,0,0,0,1,0,0,0,0,0,0,0,0,0,0,0,0,0,0,0,0,0,0,0,0,0,0,0,0,0,0,0,0,0,0,0
integration/scopes/src/circular-hello/hello.module.ts,integration,integration,17,1,5,2,0,0,0,0,0,0,0,0,0,0,1,0,0,0,0,0,0,1,0,0,0,0,0,0,0,0,1,0,0,0,0,0,0,0,0,0,0,0,0,0,0,0,0,0,0,0,0,0,0,0,0,0,0,0,0,0,0,0
integration/scopes/src/circular-hello/hello.service.ts,integration,integration,11,1,6,2,0,0,0,0,0,0,0,0,0,0,1,0,0,0,0,0,0,1,0,0,1,0,0,0,0,0,1,0,0,0,0,0,0,0,0,0,0,0,0,0,0,0,0,0,0,0,0,0,0,0,0,0,0,0,0,0,0,0
integration/scopes/src/circular-hello/interceptors/logging.interceptor.ts,integration,integration,18,1,7,2,0,0,0,0,0,0,0,0,0,0,1,0,0,0,0,0,0,1,0,0,1,0,0,0,0,0,1,0,0,0,1,0,0,0,0,0,0,0,0,0,0,0,0,0,0,0,0,0,0,0,0,0,0,0,0,0,0,0
integration/scopes/src/circular-hello/users/user-by-id.pipe.ts,integration,integration,12,1,7,2,0,0,0,0,0,0,0,0,0,0,1,0,0,0,0,0,0,1,1,0,1,0,0,0,0,0,1,0,0,0,0,0,0,0,0,0,0,0,0,0,0,0,0,0,0,0,0,0,0,0,0,0,0,0,0,0,0,0
integration/scopes/src/circular-hello/users/users.service.ts,integration,integration,11,1,6,2,0,0,0,0,0,0,0,0,0,0,1,0,0,0,0,0,0,1,0,0,1,0,0,0,0,0,1,0,0,0,0,0,0,0,0,0,0,0,0,0,0,0,0,0,0,0,0,0,0,0,0,0,0,0,0,0,0,0
integration/scopes/src/circular-transient/dto/test.dto.ts,integration,integration,8,1,3,0,0,0,0,0,0,0,0,0,0,0,1,0,0,0,0,0,0,1,0,0,0,0,0,0,0,0,1,0,0,0,0,0,0,0,0,0,0,0,0,0,0,0,0,0,0,0,0,0,0,0,0,0,0,0,0,0,0,0
integration/scopes/src/circular-transient/guards/request-scoped.guard.ts,integration,integration,19,1,6,2,0,0,0,0,0,0,0,0,0,0,1,0,0,0,0,0,0,1,0,0,1,0,0,0,0,0,1,0,0,0,0,0,0,0,0,0,0,0,0,0,0,0,0,0,0,0,0,0,0,0,0,0,0,0,0,0,0,0
integration/scopes/src/circular-transient/hello.controller.ts,integration,integration,28,1,7,2,0,0,0,0,0,0,0,0,0,0,1,0,0,0,0,0,0,1,1,0,1,0,0,0,0,0,1,0,0,0,0,0,0,0,0,0,0,0,0,0,0,0,0,0,0,0,0,0,0,0,0,0,0,0,0,0,0,0
integration/scopes/src/circular-transient/hello.module.ts,integration,integration,18,1,5,2,0,0,0,0,0,0,0,0,0,0,1,0,0,0,0,0,0,1,0,0,0,0,0,0,0,0,1,0,0,0,0,0,0,0,0,0,0,0,0,0,0,0,0,0,0,0,0,0,0,0,0,0,0,0,0,0,0,0
integration/scopes/src/circular-transient/hello.service.ts,integration,integration,11,1,6,2,0,0,0,0,0,0,0,0,0,0,1,0,0,0,0,0,0,1,0,0,1,0,0,0,0,0,1,0,0,0,0,0,0,0,0,0,0,0,0,0,0,0,0,0,0,0,0,0,0,0,0,0,0,0,0,0,0,0
integration/scopes/src/circular-transient/interceptors/logging.interceptor.ts,integration,integration,18,1,7,2,0,0,0,0,0,0,0,0,0,0,1,0,0,0,0,0,0,1,0,0,1,0,0,0,0,0,1,0,0,0,1,0,0,0,0,0,0,0,0,0,0,0,0,0,0,0,0,0,0,0,0,0,0,0,0,0,0,0
integration/scopes/src/circular-transient/test.controller.ts,integration,integration,19,1,4,1,0,0,0,0,0,0,0,0,0,0,1,0,0,0,0,0,0,1,0,0,0,0,0,0,0,0,1,0,0,0,0,0,0,0,0,0,0,0,0,0,0,0,0,0,0,0,0,0,0,0,0,0,0,0,0,0,0,0
integration/scopes/src/circular-transient/users/user-by-id.pipe.ts,integration,integration,16,1,6,2,0,0,0,0,0,0,0,0,0,0,1,0,0,0,0,0,0,1,0,0,1,0,0,0,0,0,1,0,0,0,0,0,0,0,0,0,0,0,0,0,0,0,0,0,0,0,0,0,0,0,0,0,0,0,0,0,0,0
integration/scopes/src/circular-transient/users/users.service.ts,integration,integration,11,1,6,2,0,0,0,0,0,0,0,0,0,0,1,0,0,0,0,0,0,1,0,0,1,0,0,0,0,0,1,0,0,0,0,0,0,0,0,0,0,0,0,0,0,0,0,0,0,0,0,0,0,0,0,0,0,0,0,0,0,0
integration/scopes/src/durable/durable-context-id.strategy.ts,integration,integration,29,2,21,1,2,0,1,0,0,0,1,2,1,1,0,0,0,1,0,0,0,1,0,0,1,0,0,0,0,0,1,0,1,0,0,1,0,2,4,0,0,0,0,0,0,0,0,0,0,0,0,0,0,0,0,0,0,0,0,0,0,0
integration/scopes/src/durable/durable-cross-module.modules.ts,integration,integration,23,3,5,0,0,0,0,0,0,0,0,0,0,1,0,0,0,0,0,0,0,3,0,0,0,0,0,0,0,0,1,0,0,0,0,0,0,0,0,0,0,0,0,0,0,0,0,0,0,0,0,0,0,0,0,0,0,0,0,0,0,0
integration/scopes/src/durable/durable-elephants.service.ts,integration,integration,28,1,8,2,0,0,0,0,0,0,0,0,0,0,1,0,0,0,0,0,0,1,2,0,0,0,0,0,0,0,1,0,0,0,0,0,0,0,0,0,0,0,0,0,0,0,0,0,0,0,0,0,0,0,0,0,0,1,0,0,0,0
integration/scopes/src/durable/durable-forward-ref.services.ts,integration,integration,27,2,12,4,0,0,0,0,0,0,0,0,0,1,0,0,0,0,0,0,0,2,4,0,0,0,0,0,0,0,1,0,0,0,0,0,0,0,0,0,0,0,0,0,0,0,0,0,0,0,0,0,0,0,0,0,0,0,0,0,0,0
integration/scopes/src/durable/durable-lions.service.ts,integration,integration,18,1,6,2,0,0,0,0,0,0,0,0,0,0,1,0,0,0,0,0,0,1,1,0,0,0,0,0,0,0,1,0,0,0,0,0,0,0,0,0,0,0,0,0,0,0,0,0,0,0,0,0,0,0,0,0,0,0,0,0,0,0
integration/scopes/src/durable/durable-tenant-connection.provider.ts,integration,integration,22,3,6,0,0,0,0,0,0,0,0,0,0,1,0,0,0,0,0,1,0,0,0,0,0,0,0,0,0,0,1,0,0,0,0,0,0,0,2,0,0,0,0,0,0,0,0,0,0,0,0,0,0,0,0,0,0,1,0,0,0,0
integration/scopes/src/durable/durable-zoo.service.ts,integration,integration,30,1,9,2,0,0,0,0,0,0,0,0,0,0,1,0,0,0,0,0,0,1,3,0,0,0,0,0,0,0,1,0,0,0,0,0,0,0,0,0,0,0,0,0,0,0,0,0,0,0,0,0,0,0,0,0,0,1,0,0,0,0
integration/scopes/src/durable/durable.controller.ts,integration,integration,43,1,18,7,0,0,0,0,0,1,0,0,0,0,1,0,0,0,0,0,0,1,6,0,0,0,0,0,0,0,1,0,0,0,0,0,0,0,0,0,0,0,0,0,0,0,0,0,0,0,0,0,0,0,1,0,0,0,0,0,0,0
integration/scopes/src/durable/durable.filter.ts,integration,integration,27,1,8,2,0,0,0,0,0,0,0,0,0,0,1,0,0,0,0,0,0,1,2,0,1,0,0,0,0,0,1,0,0,0,0,0,0,0,0,0,0,0,0,0,0,0,0,0,0,0,0,0,0,0,0,0,0,0,0,0,0,0
integration/scopes/src/durable/durable.guard.ts,integration,integration,19,1,11,2,1,0,0,0,0,1,0,0,0,0,1,0,0,0,0,0,0,1,2,0,1,0,0,0,1,0,1,0,0,0,0,0,0,0,0,0,0,0,0,0,0,0,0,0,0,0,0,0,0,0,0,0,0,0,0,0,0,0
integration/scopes/src/durable/durable.module.ts,integration,integration,31,1,4,0,0,0,0,0,0,0,0,0,0,0,1,0,0,0,0,0,0,1,0,0,0,0,0,0,0,0,1,0,0,0,0,0,0,0,0,0,0,0,0,0,0,0,0,0,0,0,0,0,0,0,1,0,0,0,0,0,0,0
integration/scopes/src/durable/durable.service.ts,integration,integration,24,1,12,3,1,0,0,0,0,1,0,0,0,0,1,0,0,0,0,0,0,1,3,0,1,0,0,0,0,0,1,0,0,0,0,0,0,0,0,0,0,0,0,0,0,0,0,0,0,0,0,0,0,0,0,0,0,0,0,0,0,0
integration/scopes/src/durable/non-durable.service.ts,integration,integration,12,1,6,2,0,0,0,0,0,0,0,0,0,0,1,0,0,0,0,0,0,1,1,0,0,0,0,0,0,0,1,0,0,0,0,0,0,0,0,0,0,0,0,0,0,0,0,0,0,0,0,0,0,0,0,0,0,0,0,0,0,0
integration/scopes/src/hello/dto/test.dto.ts,integration,integration,8,1,3,0,0,0,0,0,0,0,0,0,0,0,1,0,0,0,0,0,0,1,0,0,0,0,0,0,0,0,1,0,0,0,0,0,0,0,0,0,0,0,0,0,0,0,0,0,0,0,0,0,0,0,0,0,0,0,0,0,0,0
integration/scopes/src/hello/guards/request-scoped.guard.ts,integration,integration,22,1,9,2,0,0,0,0,0,0,0,0,0,0,1,0,0,0,0,0,0,1,1,0,2,0,0,0,0,0,1,0,0,0,0,0,0,1,0,0,0,0,0,0,0,0,0,0,0,0,0,0,0,0,0,0,0,0,0,0,0,0
integration/scopes/src/hello/hello.controller.ts,integration,integration,28,1,7,2,0,0,0,0,0,0,0,0,0,0,1,0,0,0,0,0,0,1,1,0,1,0,0,0,0,0,1,0,0,0,0,0,0,0,0,0,0,0,0,0,0,0,0,0,0,0,0,0,0,0,0,0,0,0,0,0,0,0
integration/scopes/src/hello/hello.module.ts,integration,integration,25,1,5,2,0,0,0,0,0,0,0,0,0,0,1,0,0,0,0,0,0,1,0,0,0,0,0,0,0,0,1,0,0,0,0,0,0,0,0,0,0,0,0,0,0,0,0,0,0,0,0,0,0,0,0,0,0,0,0,0,0,0
integration/scopes/src/hello/hello.service.ts,integration,integration,8,1,5,2,0,0,0,0,0,0,0,0,0,0,1,0,0,0,0,0,0,1,0,0,0,0,0,0,0,0,1,0,0,0,0,0,0,0,0,0,0,0,0,0,0,0,0,0,0,0,0,0,0,0,0,0,0,0,0,0,0,0
integration/scopes/src/hello/interceptors/logging.interceptor.ts,integration,integration,21,1,10,2,0,0,0,0,0,0,0,0,0,0,1,0,0,0,0,0,0,1,1,0,2,0,0,0,0,0,1,0,0,0,1,0,0,1,0,0,0,0,0,0,0,0,0,0,0,0,0,0,0,0,0,0,0,0,0,0,0,0
integration/scopes/src/hello/users/user-by-id.pipe.ts,integration,integration,22,1,10,2,0,0,0,0,0,0,0,0,0,0,1,0,0,0,0,0,0,1,2,0,2,0,0,0,0,0,1,0,0,0,0,0,0,1,0,0,0,0,0,0,0,0,0,0,0,0,0,0,0,0,0,0,0,0,0,0,0,0
integration/scopes/src/hello/users/users.service.ts,integration,integration,11,1,6,2,0,0,0,0,0,0,0,0,0,0,1,0,0,0,0,0,0,1,0,0,1,0,0,0,0,0,1,0,0,0,0,0,0,0,0,0,0,0,0,0,0,0,0,0,0,0,0,0,0,0,0,0,0,0,0,0,0,0
integration/scopes/src/inject-inquirer/hello-request/hello-request.service.ts,integration,integration,17,1,10,3,0,0,0,0,0,0,0,0,0,0,1,0,0,0,0,0,0,1,2,0,0,0,0,0,0,2,1,0,0,0,0,0,0,0,0,0,0,0,0,0,0,0,0,0,0,0,0,0,0,0,0,0,0,0,0,0,0,0
integration/scopes/src/inject-inquirer/hello-request/request-logger.service.ts,integration,integration,22,1,22,3,1,0,0,0,0,0,0,0,0,0,1,0,0,0,1,0,0,1,7,0,2,0,0,0,0,3,1,0,0,0,0,0,0,0,0,0,0,0,0,1,0,0,0,1,0,0,0,0,0,0,0,0,0,0,0,0,0,0
integration/scopes/src/inject-inquirer/hello-transient/hello-transient.service.ts,integration,integration,10,1,7,2,0,0,0,0,0,0,0,0,0,0,1,0,0,0,0,0,0,1,1,0,0,0,0,0,0,1,1,0,0,0,0,0,0,0,0,0,0,0,0,0,0,0,0,0,0,0,0,0,0,0,0,0,0,0,0,0,0,0
integration/scopes/src/inject-inquirer/hello-transient/transient-logger.service.ts,integration,integration,17,1,12,2,0,0,0,0,0,0,0,0,0,0,1,0,0,0,0,0,0,1,3,0,1,0,0,0,0,1,1,0,0,0,1,0,0,0,0,0,0,0,0,0,0,0,0,1,0,0,0,0,0,0,0,0,0,0,0,0,0,0
integration/scopes/src/inject-inquirer/hello.controller.ts,integration,integration,22,1,9,3,0,0,0,0,0,0,0,0,0,0,1,0,0,0,0,0,0,1,3,0,0,0,0,0,0,0,1,0,0,0,0,0,0,0,0,0,0,0,0,0,0,0,0,0,0,0,0,0,0,0,0,0,0,0,0,0,0,0
integration/scopes/src/inject-inquirer/hello.module.ts,integration,integration,17,1,4,0,0,0,0,0,0,0,0,0,0,0,1,0,0,0,0,0,0,1,0,0,0,0,0,0,0,0,1,0,0,0,0,0,0,0,0,0,0,0,0,0,0,0,0,0,0,0,0,0,0,0,1,0,0,0,0,0,0,0
integration/scopes/src/main.ts,integration,integration,7,0,4,1,0,0,0,0,0,0,0,0,0,0,0,0,0,0,1,0,1,0,0,0,0,0,0,0,0,0,0,0,0,0,0,0,0,0,0,0,0,0,0,0,0,0,0,0,0,0,0,0,0,0,0,0,1,0,0,0,0,0
integration/scopes/src/msvc/dto/test.dto.ts,integration,integration,8,1,3,0,0,0,0,0,0,0,0,0,0,0,1,0,0,0,0,0,0,1,0,0,0,0,0,0,0,0,1,0,0,0,0,0,0,0,0,0,0,0,0,0,0,0,0,0,0,0,0,0,0,0,0,0,0,0,0,0,0,0
integration/scopes/src/msvc/guards/request-scoped.guard.ts,integration,integration,22,1,9,2,0,0,0,0,0,0,0,0,0,0,1,0,0,0,0,0,0,1,1,0,2,0,0,0,0,0,1,0,0,0,0,0,0,1,0,0,0,0,0,0,0,0,0,0,0,0,0,0,0,0,0,0,0,0,0,0,0,0
integration/scopes/src/msvc/hello.controller.ts,integration,integration,22,1,7,2,0,0,0,0,0,0,0,0,0,0,1,0,0,0,0,0,0,1,1,0,1,0,0,0,0,0,1,0,0,0,0,0,0,0,0,0,0,0,0,0,0,0,0,0,0,0,0,0,0,0,0,0,0,0,0,0,0,0
integration/scopes/src/msvc/hello.module.ts,integration,integration,26,1,5,2,0,0,0,0,0,0,0,0,0,0,1,0,0,0,0,0,0,1,0,0,0,0,0,0,0,0,1,0,0,0,0,0,0,0,0,0,0,0,0,0,0,0,0,0,0,0,0,0,0,0,0,0,0,0,0,0,0,0
integration/scopes/src/msvc/hello.service.ts,integration,integration,8,1,5,2,0,0,0,0,0,0,0,0,0,0,1,0,0,0,0,0,0,1,0,0,0,0,0,0,0,0,1,0,0,0,0,0,0,0,0,0,0,0,0,0,0,0,0,0,0,0,0,0,0,0,0,0,0,0,0,0,0,0
integration/scopes/src/msvc/http.controller.ts,integration,integration,12,1,4,1,0,0,0,0,0,0,0,0,0,0,1,0,0,0,0,0,0,1,0,0,0,0,0,0,0,0,1,0,0,0,0,0,0,0,0,0,0,0,0,0,0,0,0,0,0,0,0,0,0,0,0,0,0,0,0,0,0,0
integration/scopes/src/msvc/interceptors/logging.interceptor.ts,integration,integration,21,1,10,2,0,0,0,0,0,0,0,0,0,0,1,0,0,0,0,0,0,1,1,0,2,0,0,0,0,0,1,0,0,0,1,0,0,1,0,0,0,0,0,0,0,0,0,0,0,0,0,0,0,0,0,0,0,0,0,0,0,0
integration/scopes/src/msvc/users/users.service.ts,integration,integration,11,1,6,2,0,0,0,0,0,0,0,0,0,0,1,0,0,0,0,0,0,1,0,0,1,0,0,0,0,0,1,0,0,0,0,0,0,0,0,0,0,0,0,0,0,0,0,0,0,0,0,0,0,0,0,0,0,0,0,0,0,0
integration/scopes/src/nested-transient/first-request.service.ts,integration,integration,10,1,6,1,0,0,0,0,0,0,0,0,0,0,1,0,0,0,0,0,0,1,1,0,1,0,0,0,0,0,1,0,0,0,0,0,0,0,0,0,0,0,0,0,0,0,0,0,0,0,0,0,0,0,0,0,0,0,0,0,0,0
integration/scopes/src/nested-transient/nested-transient.controller.ts,integration,integration,22,1,10,2,0,0,0,0,0,0,0,0,0,0,1,0,0,0,0,0,0,1,4,0,1,0,0,0,0,0,1,0,0,0,0,0,0,0,0,0,0,0,0,0,0,0,0,0,0,0,0,0,0,0,0,0,0,0,0,0,0,0
integration/scopes/src/nested-transient/nested-transient.module.ts,integration,integration,16,1,4,0,0,0,0,0,0,0,0,0,0,0,1,0,0,0,0,0,0,1,0,0,0,0,0,0,0,0,1,0,0,0,0,0,0,0,0,0,0,0,0,0,0,0,0,0,0,0,0,0,0,0,1,0,0,0,0,0,0,0
integration/scopes/src/nested-transient/nested-transient.service.ts,integration,integration,17,1,12,3,0,0,0,0,0,0,0,0,0,0,1,0,0,0,0,0,0,1,3,0,3,0,0,0,0,0,1,0,0,0,0,0,0,0,0,0,0,0,0,0,0,0,0,0,0,0,0,0,0,0,0,0,0,0,0,0,0,0
integration/scopes/src/nested-transient/second-request.service.ts,integration,integration,10,1,6,1,0,0,0,0,0,0,0,0,0,0,1,0,0,0,0,0,0,1,1,0,1,0,0,0,0,0,1,0,0,0,0,0,0,0,0,0,0,0,0,0,0,0,0,0,0,0,0,0,0,0,0,0,0,0,0,0,0,0
integration/scopes/src/nested-transient/transient-logger.service.ts,integration,integration,20,1,13,4,0,0,0,0,0,0,0,0,0,0,1,0,0,0,0,0,0,1,4,0,2,0,0,0,0,0,1,0,0,0,0,0,0,0,0,0,0,0,0,0,0,0,0,0,0,0,0,0,0,0,0,0,0,0,0,0,0,0
integration/scopes/src/request-chain/helper/helper.module.ts,integration,integration,7,1,3,0,0,0,0,0,0,0,0,0,0,0,1,0,0,0,0,0,0,1,0,0,0,0,0,0,0,0,1,0,0,0,0,0,0,0,0,0,0,0,0,0,0,0,0,0,0,0,0,0,0,0,0,0,0,0,0,0,0,0
integration/scopes/src/request-chain/helper/helper.service.ts,integration,integration,7,1,5,2,0,0,0,0,0,0,0,0,0,0,1,0,0,0,0,0,0,1,0,0,0,0,0,0,0,0,1,0,0,0,0,0,0,0,0,0,0,0,0,0,0,0,0,0,0,0,0,0,0,0,0,0,0,0,0,0,0,0
integration/scopes/src/request-chain/interceptors/logging.interceptor.ts,integration,integration,19,1,10,2,1,0,0,0,0,1,0,0,0,0,1,0,0,0,0,0,0,1,2,0,0,0,0,0,0,0,1,0,0,0,1,0,0,0,0,0,0,0,0,0,0,0,0,0,0,0,0,0,0,0,0,0,0,0,0,0,0,0
integration/scopes/src/request-chain/request-chain.controller.ts,integration,integration,12,1,6,2,0,0,0,0,0,0,0,0,0,0,1,0,0,0,0,0,0,1,1,0,0,0,0,0,0,0,1,0,0,0,0,0,0,0,0,0,0,0,0,0,0,0,0,0,0,0,0,0,0,0,0,0,0,0,0,0,0,0
integration/scopes/src/request-chain/request-chain.module.ts,integration,integration,10,1,3,0,0,0,0,0,0,0,0,0,0,0,1,0,0,0,0,0,0,1,0,0,0,0,0,0,0,0,1,0,0,0,0,0,0,0,0,0,0,0,0,0,0,0,0,0,0,0,0,0,0,0,0,0,0,0,0,0,0,0
integration/scopes/src/request-chain/request-chain.service.ts,integration,integration,13,1,7,2,0,0,0,0,0,0,0,0,0,0,1,0,0,0,0,0,0,1,1,0,1,0,0,0,0,0,1,0,0,0,0,0,0,0,0,0,0,0,0,0,0,0,0,0,0,0,0,0,0,0,0,0,0,0,0,0,0,0
integration/scopes/src/resolve-scoped/logger.provider.ts,integration,integration,8,2,7,1,0,0,0,0,0,0,0,0,0,1,0,0,0,0,0,1,0,0,0,1,0,0,0,0,0,0,1,0,0,0,0,0,0,0,1,0,0,0,0,0,0,0,0,0,0,0,0,0,0,0,0,0,1,0,0,0,0,0
integration/scopes/src/resolve-scoped/logger.service.ts,integration,integration,6,1,4,1,0,0,0,0,0,0,0,0,0,0,1,0,0,0,0,0,0,1,0,0,0,0,0,0,0,0,1,0,0,0,0,0,0,0,0,0,0,0,0,0,0,0,0,0,0,0,0,0,0,0,0,0,0,0,0,0,0,0
integration/scopes/src/resolve-scoped/request-logger.service.ts,integration,integration,6,1,4,1,0,0,0,0,0,0,0,0,0,0,1,0,0,0,0,0,0,1,0,0,0,0,0,0,0,0,1,0,0,0,0,0,0,0,0,0,0,0,0,0,0,0,0,0,0,0,0,0,0,0,0,0,0,0,0,0,0,0
integration/scopes/src/transient/dto/test.dto.ts,integration,integration,8,1,3,0,0,0,0,0,0,0,0,0,0,0,1,0,0,0,0,0,0,1,0,0,0,0,0,0,0,0,1,0,0,0,0,0,0,0,0,0,0,0,0,0,0,0,0,0,0,0,0,0,0,0,0,0,0,0,0,0,0,0
integration/scopes/src/transient/guards/request-scoped.guard.ts,integration,integration,19,1,6,2,0,0,0,0,0,0,0,0,0,0,1,0,0,0,0,0,0,1,0,0,1,0,0,0,0,0,1,0,0,0,0,0,0,0,0,0,0,0,0,0,0,0,0,0,0,0,0,0,0,0,0,0,0,0,0,0,0,0
integration/scopes/src/transient/hello.controller.ts,integration,integration,28,1,7,2,0,0,0,0,0,0,0,0,0,0,1,0,0,0,0,0,0,1,1,0,1,0,0,0,0,0,1,0,0,0,0,0,0,0,0,0,0,0,0,0,0,0,0,0,0,0,0,0,0,0,0,0,0,0,0,0,0,0
integration/scopes/src/transient/hello.module.ts,integration,integration,18,1,5,2,0,0,0,0,0,0,0,0,0,0,1,0,0,0,0,0,0,1,0,0,0,0,0,0,0,0,1,0,0,0,0,0,0,0,0,0,0,0,0,0,0,0,0,0,0,0,0,0,0,0,0,0,0,0,0,0,0,0
integration/scopes/src/transient/hello.service.ts,integration,integration,8,1,5,2,0,0,0,0,0,0,0,0,0,0,1,0,0,0,0,0,0,1,0,0,0,0,0,0,0,0,1,0,0,0,0,0,0,0,0,0,0,0,0,0,0,0,0,0,0,0,0,0,0,0,0,0,0,0,0,0,0,0
integration/scopes/src/transient/interceptors/logging.interceptor.ts,integration,integration,18,1,7,2,0,0,0,0,0,0,0,0,0,0,1,0,0,0,0,0,0,1,0,0,1,0,0,0,0,0,1,0,0,0,1,0,0,0,0,0,0,0,0,0,0,0,0,0,0,0,0,0,0,0,0,0,0,0,0,0,0,0
integration/scopes/src/transient/test.controller.ts,integration,integration,19,1,4,1,0,0,0,0,0,0,0,0,0,0,1,0,0,0,0,0,0,1,0,0,0,0,0,0,0,0,1,0,0,0,0,0,0,0,0,0,0,0,0,0,0,0,0,0,0,0,0,0,0,0,0,0,0,0,0,0,0,0
integration/scopes/src/transient/users/user-by-id.pipe.ts,integration,integration,11,1,6,2,0,0,0,0,0,0,0,0,0,0,1,0,0,0,0,0,0,1,0,0,1,0,0,0,0,0,1,0,0,0,0,0,0,0,0,0,0,0,0,0,0,0,0,0,0,0,0,0,0,0,0,0,0,0,0,0,0,0
integration/scopes/src/transient/users/users.service.ts,integration,integration,11,1,6,2,0,0,0,0,0,0,0,0,0,0,1,0,0,0,0,0,0,1,0,0,1,0,0,0,0,0,1,0,0,0,0,0,0,0,0,0,0,0,0,0,0,0,0,0,0,0,0,0,0,0,0,0,0,0,0,0,0,0
integration/security/e2e/csrf-protection.spec.ts,integration,integration,266,0,51,5,0,0,1,0,0,0,1,1,1,0,0,0,0,0,0,0,0,1,0,0,0,0,0,0,0,0,0,0,0,0,0,1,0,1,0,0,0,0,0,0,0,0,0,0,0,0,0,1,0,0,0,1,0,12,1,5,1,18
integration/security/e2e/security-headers.spec.ts,integration,integration,213,0,54,3,2,0,0,3,0,0,2,2,0,0,0,0,0,0,0,0,0,0,0,0,0,0,0,0,0,0,0,2,0,0,2,0,0,1,1,2,2,0,0,0,0,3,0,0,0,0,0,1,0,0,0,1,0,5,1,7,1,13
integration/security/src/app.controller.ts,integration,integration,52,1,12,8,0,0,0,0,0,1,0,0,0,0,1,0,0,0,0,0,0,1,0,0,0,0,0,0,0,0,1,0,0,0,0,0,0,0,0,0,0,0,0,0,0,0,0,0,0,0,0,0,0,0,0,0,0,0,0,0,0,0
integration/security/src/app.module.ts,integration,integration,7,1,3,0,0,0,0,0,0,0,0,0,0,0,1,0,0,0,0,0,0,1,0,0,0,0,0,0,0,0,1,0,0,0,0,0,0,0,0,0,0,0,0,0,0,0,0,0,0,0,0,0,0,0,0,0,0,0,0,0,0,0
integration/security/src/deny.guard.ts,integration,integration,7,1,5,1,0,0,0,0,0,1,0,0,0,0,1,0,0,0,0,0,0,1,0,0,0,0,0,0,0,0,1,0,0,0,0,0,0,0,0,0,0,0,0,0,0,0,0,0,0,0,0,0,0,0,0,0,0,0,0,0,0,0
integration/security/src/hooks.controller.ts,integration,integration,21,1,7,3,0,0,0,0,0,0,0,0,0,0,1,0,0,0,0,0,0,1,0,0,0,0,0,0,0,0,1,0,0,0,0,0,0,0,0,0,0,0,0,0,0,0,0,0,0,0,0,0,0,0,0,0,0,1,0,0,0,0
integration/send-files/e2e/express.spec.ts,integration,integration,78,0,21,4,0,0,0,0,0,0,1,1,0,0,0,0,0,0,0,0,0,0,0,0,0,0,0,0,0,1,0,0,0,0,0,0,0,0,1,0,0,0,0,0,0,0,0,0,0,0,0,0,0,0,0,1,1,1,1,2,0,7
integration/send-files/e2e/fastify.spec.ts,integration,integration,94,0,23,6,0,0,0,0,0,0,1,1,0,0,0,0,0,0,0,0,0,0,0,0,0,0,0,0,0,1,0,0,0,0,0,0,0,0,1,0,0,0,0,0,0,0,0,0,0,0,0,0,0,0,0,1,1,1,1,3,0,6
integration/send-files/e2e/utils.ts,integration,integration,44,3,28,11,0,0,0,0,0,0,0,0,0,1,0,0,0,0,0,0,0,0,0,2,0,2,0,0,0,0,0,0,0,0,0,0,0,0,2,0,0,0,0,0,0,0,0,0,0,0,0,1,0,0,0,0,0,9,0,0,0,0
integration/send-files/src/app.controller.ts,integration,integration,36,1,18,8,0,0,0,0,0,0,0,0,0,0,1,0,0,0,0,0,0,1,7,0,0,0,0,0,0,0,1,0,0,0,0,0,0,0,0,0,0,0,0,0,0,0,0,0,0,0,0,0,0,0,0,0,0,0,0,0,0,0
integration/send-files/src/app.module.ts,integration,integration,8,1,3,0,0,0,0,0,0,0,0,0,0,0,1,0,0,0,0,0,0,1,0,0,0,0,0,0,0,0,1,0,0,0,0,0,0,0,0,0,0,0,0,0,0,0,0,0,0,0,0,0,0,0,0,0,0,0,0,0,0,0
integration/send-files/src/app.service.ts,integration,integration,47,1,24,8,0,0,0,0,0,0,0,0,0,0,1,0,0,0,2,0,0,1,2,0,2,0,0,0,0,4,1,0,0,0,0,0,0,0,0,0,0,0,0,0,0,0,0,0,0,0,0,1,0,0,0,0,0,2,0,0,0,0
integration/send-files/src/non-file.ts,integration,integration,6,1,4,2,0,0,0,0,0,0,0,0,0,0,0,0,0,0,0,0,0,1,1,0,0,0,0,0,0,0,0,0,0,0,0,0,0,0,0,0,0,0,0,0,0,0,0,0,0,0,0,0,0,0,0,0,0,0,0,0,0,0
integration/testing-module-override/circular-dependency/a.module.ts,integration,integration,10,2,4,0,0,0,0,0,0,0,0,0,0,1,0,0,0,0,0,0,0,2,0,0,0,0,0,0,0,0,1,0,0,0,0,0,0,0,0,0,0,0,0,0,0,0,0,0,0,0,0,0,0,0,0,0,0,0,0,0,0,0
integration/testing-module-override/circular-dependency/b.module.ts,integration,integration,10,2,4,0,0,0,0,0,0,0,0,0,0,1,0,0,0,0,0,0,0,2,0,0,0,0,0,0,0,0,1,0,0,0,0,0,0,0,0,0,0,0,0,0,0,0,0,0,0,0,0,0,0,0,0,0,0,0,0,0,0,0
integration/testing-module-override/e2e/modules-override.spec.ts,integration,integration,255,0,61,6,0,0,0,0,0,0,6,6,0,0,0,0,0,0,0,0,0,27,1,0,0,0,0,0,0,0,0,0,0,0,0,0,0,0,0,0,0,0,0,0,0,0,0,0,0,0,0,0,0,0,0,1,0,0,1,6,1,6
integration/typeorm/e2e/typeorm-async-class.spec.ts,integration,integration,24,0,10,0,0,0,0,0,0,0,2,2,0,0,0,0,0,0,0,0,0,0,0,0,0,0,0,0,0,0,0,0,0,0,0,0,0,0,1,0,0,0,0,0,0,0,0,0,0,0,0,0,0,0,0,1,0,0,1,2,0,1
integration/typeorm/e2e/typeorm-async-existing.spec.ts,integration,integration,24,0,10,0,0,0,0,0,0,0,2,2,0,0,0,0,0,0,0,0,0,0,0,0,0,0,0,0,0,0,0,0,0,0,0,0,0,0,1,0,0,0,0,0,0,0,0,0,0,0,0,0,0,0,0,1,0,0,1,2,0,1
integration/typeorm/e2e/typeorm-async-options.spec.ts,integration,integration,24,0,10,0,0,0,0,0,0,0,2,2,0,0,0,0,0,0,0,0,0,0,0,0,0,0,0,0,0,0,0,0,0,0,0,0,0,0,1,0,0,0,0,0,0,0,0,0,0,0,0,0,0,0,0,1,0,0,1,2,0,1
integration/typeorm/e2e/typeorm-async.spec.ts,integration,integration,24,0,10,0,0,0,0,0,0,0,2,2,0,0,0,0,0,0,0,0,0,0,0,0,0,0,0,0,0,0,0,0,0,0,0,0,0,0,1,0,0,0,0,0,0,0,0,0,0,0,0,0,0,0,0,1,0,0,1,2,0,1
integration/typeorm/e2e/typeorm.spec.ts,integration,integration,24,0,10,0,0,0,0,0,0,0,2,2,0,0,0,0,0,0,0,0,0,0,0,0,0,0,0,0,0,0,0,0,0,0,0,0,0,0,1,0,0,0,0,0,0,0,0,0,0,0,0,0,0,0,0,1,0,0,1,2,0,1
integration/typeorm/src/app-async.module.ts,integration,integration,7,1,3,0,0,0,0,0,0,0,0,0,0,0,1,0,0,0,0,0,0,1,0,0,0,0,0,0,0,0,1,0,0,0,0,0,0,0,0,0,0,0,0,0,0,0,0,0,0,0,0,0,0,0,0,0,0,0,0,0,0,0
integration/typeorm/src/app.module.ts,integration,integration,22,1,6,0,0,0,0,0,0,0,0,0,0,0,1,0,0,0,3,0,0,1,0,0,0,0,0,0,0,0,1,0,0,0,0,0,0,0,0,0,0,0,0,0,0,0,0,0,0,0,0,0,0,0,0,0,0,0,0,0,0,0
integration/typeorm/src/async-class-options.module.ts,integration,integration,33,1,8,1,0,0,0,0,0,0,0,0,0,0,1,0,0,0,3,0,0,2,0,0,0,0,0,0,0,0,1,0,0,0,0,0,0,0,0,0,0,0,0,0,0,0,0,0,0,0,0,0,0,0,0,0,0,0,0,0,0,0
integration/typeorm/src/async-existing-options.module.ts,integration,integration,39,1,9,1,0,0,0,0,0,0,0,0,0,0,1,0,0,0,3,0,0,3,0,0,0,0,0,0,0,0,1,0,0,0,0,0,0,0,0,0,0,0,0,0,0,0,0,0,0,0,0,0,0,0,0,0,0,0,0,0,0,0
integration/typeorm/src/async-options.module.ts,integration,integration,24,1,6,0,0,0,0,0,0,0,0,0,0,0,1,0,0,0,3,0,0,1,0,0,0,0,0,0,0,0,1,0,0,0,0,0,0,0,0,0,0,0,0,0,0,0,0,0,0,0,0,0,0,0,0,0,0,0,0,0,0,0
integration/typeorm/src/database.module.ts,integration,integration,26,1,8,1,0,0,0,0,0,0,0,0,0,0,1,0,0,0,4,0,0,1,0,0,0,0,0,0,0,0,1,0,0,0,0,0,0,0,0,0,0,0,0,0,0,0,0,0,0,0,0,0,0,0,0,0,0,0,0,0,0,0
integration/typeorm/src/main.ts,integration,integration,7,0,4,1,0,0,0,0,0,0,0,0,0,0,0,0,0,0,1,0,1,0,0,0,0,0,0,0,0,0,0,0,0,0,0,0,0,0,0,0,0,0,0,0,0,0,0,0,0,0,0,0,0,0,0,0,1,0,0,0,0,0
integration/typeorm/src/photo/photo.controller.ts,integration,integration,15,1,8,3,0,0,0,0,0,0,0,0,0,0,1,0,0,0,0,0,0,1,2,0,0,0,0,0,0,0,1,0,0,0,0,0,0,0,0,0,0,0,0,0,0,0,0,0,0,0,0,0,0,0,0,0,0,0,0,0,0,0
integration/typeorm/src/photo/photo.entity.ts,integration,integration,11,1,4,0,0,0,0,0,0,0,0,0,0,0,1,0,0,0,1,0,0,1,0,0,0,0,0,0,0,0,1,0,0,0,0,0,0,0,0,0,0,0,0,0,0,0,0,0,0,0,0,0,0,0,0,0,0,0,0,0,0,0
integration/typeorm/src/photo/photo.module.ts,integration,integration,11,1,5,0,0,0,0,0,0,0,0,0,0,0,1,0,0,0,0,0,0,1,0,0,0,0,0,0,0,0,1,0,0,0,0,0,0,0,0,0,0,0,0,0,0,0,0,0,0,0,0,0,0,0,2,0,0,0,0,0,0,0
integration/typeorm/src/photo/photo.service.ts,integration,integration,21,1,13,3,0,0,0,0,0,0,0,0,0,0,1,0,0,0,1,0,0,1,2,0,3,0,0,0,0,0,1,0,0,0,0,0,0,0,0,1,0,0,0,0,0,0,0,0,0,0,0,0,0,0,0,0,0,0,0,0,0,0
integration/versioning/e2e/custom-versioning-fastify.spec.ts,integration,integration,864,0,117,1,0,0,0,0,0,0,1,2,0,0,0,0,0,0,0,0,0,0,0,0,0,0,0,0,0,0,0,1,0,0,0,1,0,0,3,6,0,0,0,0,0,1,0,1,0,0,0,0,0,0,0,1,0,2,1,0,1,95
integration/versioning/e2e/custom-versioning.spec.ts,integration,integration,633,0,113,1,0,0,0,0,0,0,1,2,0,0,0,0,0,0,0,0,0,0,0,0,0,0,0,0,0,0,0,0,0,0,0,2,0,0,2,5,0,0,0,0,0,1,0,1,0,0,0,0,0,0,0,1,0,26,1,0,1,69
integration/versioning/e2e/default-versioning.spec.ts,integration,integration,86,0,18,0,0,0,0,0,0,0,2,2,0,0,0,0,0,0,0,0,0,0,0,0,0,0,0,0,0,0,0,0,0,0,0,0,0,0,2,0,0,0,0,0,0,0,0,0,0,0,0,0,0,0,0,1,0,3,1,0,1,6
integration/versioning/e2e/header-versioning-fastify.spec.ts,integration,integration,598,0,78,0,0,0,0,0,0,0,1,2,0,0,0,0,0,0,0,0,0,0,0,0,0,0,0,0,0,0,0,0,0,0,0,0,0,0,2,0,0,0,0,0,0,0,0,0,0,0,0,0,0,0,0,1,0,2,1,0,1,68
integration/versioning/e2e/header-versioning.spec.ts,integration,integration,588,0,77,0,0,0,0,0,0,0,1,2,0,0,0,0,0,0,0,0,0,0,0,0,0,0,0,0,0,0,0,0,0,0,0,0,0,0,1,0,0,0,0,0,0,0,0,0,0,0,0,0,0,0,0,1,0,2,1,0,1,68
integration/versioning/e2e/media-type-versioning-fastify.spec.ts,integration,integration,659,0,85,0,0,0,0,0,0,0,1,2,0,0,0,0,0,0,0,0,0,0,0,0,0,0,0,0,0,0,0,0,0,0,0,0,0,0,2,0,0,0,0,0,0,0,0,0,0,0,0,0,0,0,0,1,0,2,1,0,1,75
integration/versioning/e2e/media-type-versioning.spec.ts,integration,integration,649,0,84,0,0,0,0,0,0,0,1,2,0,0,0,0,0,0,0,0,0,0,0,0,0,0,0,0,0,0,0,0,0,0,0,0,0,0,1,0,0,0,0,0,0,0,0,0,0,0,0,0,0,0,0,1,0,2,1,0,1,75
integration/versioning/e2e/uri-versioning-fastify.spec.ts,integration,integration,308,0,60,0,0,0,0,0,0,0,1,2,0,0,0,0,0,0,0,0,0,0,0,0,0,0,0,0,0,0,0,0,0,0,0,0,0,0,2,0,0,0,0,0,0,0,0,0,0,0,0,0,0,0,0,1,0,2,1,0,1,50
integration/versioning/e2e/uri-versioning.spec.ts,integration,integration,408,0,76,0,0,0,0,0,0,0,1,4,0,0,0,0,0,0,0,0,0,0,0,0,0,0,0,0,0,0,0,0,0,0,0,0,0,0,1,0,0,0,0,0,0,0,0,0,0,0,0,0,0,0,0,1,0,4,1,0,1,63
integration/versioning/src/app-v1.controller.ts,integration,integration,14,1,5,2,0,0,0,0,0,0,0,0,0,0,1,0,0,0,0,0,0,1,0,0,0,0,0,0,0,0,1,0,0,0,0,0,0,0,0,0,0,0,0,0,0,0,0,0,0,0,0,0,0,0,0,0,0,0,0,0,0,0
integration/versioning/src/app-v2.controller.ts,integration,integration,14,1,5,2,0,0,0,0,0,0,0,0,0,0,1,0,0,0,0,0,0,1,0,0,0,0,0,0,0,0,1,0,0,0,0,0,0,0,0,0,0,0,0,0,0,0,0,0,0,0,0,0,0,0,0,0,0,0,0,0,0,0
integration/versioning/src/app.module.ts,integration,integration,39,1,4,1,0,0,0,0,0,0,0,0,0,0,1,0,0,0,0,0,0,1,0,0,0,0,0,0,0,0,1,0,0,0,0,0,0,0,0,0,0,0,0,0,0,0,0,0,0,0,0,0,0,0,0,0,0,0,0,0,0,0
integration/versioning/src/main.ts,integration,integration,13,0,5,1,0,0,0,0,0,0,0,0,0,0,0,0,0,0,1,0,1,0,0,0,0,0,0,0,0,1,0,0,0,0,0,0,0,0,0,0,0,0,0,0,0,0,0,0,0,0,0,0,0,0,0,0,1,0,0,0,0,0
integration/versioning/src/middleware.controller.ts,integration,integration,16,1,5,2,0,0,0,0,0,0,0,0,0,0,1,0,0,0,0,0,0,1,0,0,0,0,0,0,0,0,1,0,0,0,0,0,0,0,0,0,0,0,0,0,0,0,0,0,0,0,0,0,0,0,0,0,0,0,0,0,0,0
integration/versioning/src/multiple-middleware.controller.ts,integration,integration,11,1,4,1,0,0,0,0,0,0,0,0,0,0,1,0,0,0,0,0,0,1,0,0,0,0,0,0,0,0,1,0,0,0,0,0,0,0,0,0,0,0,0,0,0,0,0,0,0,0,0,0,0,0,0,0,0,0,0,0,0,0
integration/versioning/src/multiple-neutral.controller.ts,integration,integration,9,1,4,1,0,0,0,0,0,0,0,0,0,0,1,0,0,0,0,0,0,1,0,0,0,0,0,0,0,0,1,0,0,0,0,0,0,0,0,0,0,0,0,0,0,0,0,0,0,0,0,0,0,0,0,0,0,0,0,0,0,0
integration/versioning/src/multiple.controller.ts,integration,integration,10,1,4,1,0,0,0,0,0,0,0,0,0,0,1,0,0,0,0,0,0,1,0,0,0,0,0,0,0,0,1,0,0,0,0,0,0,0,0,0,0,0,0,0,0,0,0,0,0,0,0,0,0,0,0,0,0,0,0,0,0,0
integration/versioning/src/neutral-middleware.controller.ts,integration,integration,11,1,4,1,0,0,0,0,0,0,0,0,0,0,1,0,0,0,0,0,0,1,0,0,0,0,0,0,0,0,1,0,0,0,0,0,0,0,0,0,0,0,0,0,0,0,0,0,0,0,0,0,0,0,0,0,0,0,0,0,0,0
integration/versioning/src/neutral.controller.ts,integration,integration,10,1,4,1,0,0,0,0,0,0,0,0,0,0,1,0,0,0,0,0,0,1,0,0,0,0,0,0,0,0,1,0,0,0,0,0,0,0,0,0,0,0,0,0,0,0,0,0,0,0,0,0,0,0,0,0,0,0,0,0,0,0
integration/versioning/src/no-versioning.controller.ts,integration,integration,8,1,4,1,0,0,0,0,0,0,0,0,0,0,1,0,0,0,0,0,0,1,0,0,0,0,0,0,0,0,1,0,0,0,0,0,0,0,0,0,0,0,0,0,0,0,0,0,0,0,0,0,0,0,0,0,0,0,0,0,0,0
integration/versioning/src/override-partial.controller.ts,integration,integration,15,1,5,2,0,0,0,0,0,0,0,0,0,0,1,0,0,0,0,0,0,1,0,0,0,0,0,0,0,0,1,0,0,0,0,0,0,0,0,0,0,0,0,0,0,0,0,0,0,0,0,0,0,0,0,0,0,0,0,0,0,0
integration/versioning/src/override.controller.ts,integration,integration,14,1,5,2,0,0,0,0,0,0,0,0,0,0,1,0,0,0,0,0,0,1,0,0,0,0,0,0,0,0,1,0,0,0,0,0,0,0,0,0,0,0,0,0,0,0,0,0,0,0,0,0,0,0,0,0,0,0,0,0,0,0
integration/websockets/e2e/error-gateway.spec.ts,integration,integration,34,0,9,1,0,0,0,0,0,0,1,1,0,0,0,0,0,0,0,0,0,0,0,0,0,0,0,0,0,0,0,0,0,0,0,0,0,0,1,0,0,0,0,0,0,0,0,0,0,0,0,0,0,0,0,1,0,0,1,2,0,1
integration/websockets/e2e/gateway-ack.spec.ts,integration,integration,64,0,22,5,0,0,0,0,0,0,1,8,1,0,0,0,0,0,0,0,1,0,0,0,0,0,0,0,0,0,0,0,0,0,0,0,0,0,1,0,0,0,0,0,0,0,0,0,0,0,0,0,0,0,0,1,0,0,1,1,0,2
integration/websockets/e2e/gateway.spec.ts,integration,integration,145,0,43,13,0,0,0,0,0,0,2,15,1,0,0,0,0,0,0,0,1,0,0,0,0,0,0,0,0,0,0,0,0,0,0,0,0,0,1,0,0,0,0,0,0,0,0,0,0,0,0,0,0,0,0,1,0,0,1,1,1,6
integration/websockets/e2e/global-scoped-enhancers.spec.ts,integration,integration,262,0,79,22,1,0,1,4,0,1,2,2,0,0,0,0,0,0,0,0,3,10,25,0,0,0,0,0,0,0,0,0,0,0,0,0,0,1,0,0,0,0,1,0,0,0,0,0,0,1,0,0,0,0,0,0,0,0,1,1,0,3
integration/websockets/e2e/request-scope-gateway.spec.ts,integration,integration,162,0,51,13,3,0,0,2,0,2,4,4,2,0,0,0,0,1,0,0,6,0,0,0,0,0,0,0,0,1,0,0,1,0,1,0,0,0,2,1,0,0,0,0,0,0,0,0,0,0,3,0,0,0,0,1,0,0,1,2,0,1
integration/websockets/e2e/scoped-disconnect-context.spec.ts,integration,integration,108,0,40,11,0,0,0,0,0,0,3,3,0,0,0,0,0,0,0,0,0,4,12,0,0,0,0,0,0,0,0,0,0,0,3,0,0,0,0,1,0,0,0,0,0,0,0,0,0,0,0,0,0,0,0,0,0,0,1,1,0,1
integration/websockets/e2e/ws-error-gateway.spec.ts,integration,integration,53,0,16,2,0,0,0,0,0,0,1,2,1,0,0,0,0,0,0,0,2,0,0,0,0,0,0,0,0,0,0,0,0,0,2,0,0,1,1,0,0,0,0,0,0,0,0,0,0,0,0,0,0,0,0,1,0,0,1,1,0,1
integration/websockets/e2e/ws-gateway.spec.ts,integration,integration,238,0,59,18,0,0,0,0,0,0,1,18,1,0,0,0,0,0,0,0,4,0,0,0,0,0,0,0,0,0,0,0,0,0,2,0,0,1,1,0,0,0,0,0,0,0,0,0,0,0,0,0,0,0,0,1,0,2,1,1,0,8
integration/websockets/src/ack.gateway.ts,integration,integration,26,1,10,2,1,0,0,0,0,0,0,0,0,0,1,0,0,0,2,0,0,1,0,0,0,0,0,0,0,0,1,0,0,0,2,0,0,0,0,0,0,0,0,0,0,0,0,0,0,0,0,0,0,0,0,0,0,0,0,0,0,0
integration/websockets/src/app.gateway.ts,integration,integration,33,1,9,3,0,0,0,0,0,0,0,0,0,0,1,0,0,0,1,0,0,1,0,0,0,0,0,0,0,0,1,0,0,0,0,0,0,0,0,0,0,0,0,0,0,0,0,0,0,0,0,0,0,0,2,0,0,0,0,0,0,0
integration/websockets/src/app.module.ts,integration,integration,6,1,3,0,0,0,0,0,0,0,0,0,0,0,1,0,0,0,0,0,0,1,0,0,0,0,0,0,0,0,1,0,0,0,0,0,0,0,0,0,0,0,0,0,0,0,0,0,0,0,0,0,0,0,0,0,0,0,0,0,0,0
integration/websockets/src/core.gateway.ts,integration,integration,16,1,5,1,0,0,0,0,0,0,0,0,0,0,1,0,0,0,1,0,0,1,0,0,0,0,0,0,0,0,1,0,0,0,0,0,0,0,0,0,0,0,0,0,0,0,0,0,0,0,0,0,0,0,0,0,0,0,0,0,0,0
integration/websockets/src/error.gateway.ts,integration,integration,13,1,5,1,0,0,0,0,0,0,0,0,0,0,1,0,0,0,1,0,0,1,0,0,0,0,0,0,0,0,1,0,0,0,0,0,0,0,0,0,0,0,0,0,0,0,0,0,0,0,0,0,0,0,0,0,0,0,0,0,0,0
integration/websockets/src/example-path.gateway.ts,integration,integration,13,1,4,1,0,0,0,0,0,0,0,0,0,0,1,0,0,0,0,0,0,1,0,0,0,0,0,0,0,0,1,0,0,0,0,0,0,0,0,0,0,0,0,0,0,0,0,0,0,0,0,0,0,0,0,0,0,0,0,0,0,0
integration/websockets/src/namespace.gateway.ts,integration,integration,13,1,5,1,0,0,0,0,0,0,0,0,0,0,1,0,0,0,1,0,0,1,0,0,0,0,0,0,0,0,1,0,0,0,0,0,0,0,0,0,0,0,0,0,0,0,0,0,0,0,0,0,0,0,0,0,0,0,0,0,0,0
integration/websockets/src/request-scope.gateway.ts,integration,integration,83,3,35,10,0,0,0,0,0,0,0,0,0,1,0,0,0,1,0,0,1,3,10,0,4,0,0,0,0,0,1,0,1,0,0,0,0,0,0,1,0,0,0,0,0,0,0,0,0,0,0,0,0,0,1,0,0,1,0,0,0,0
integration/websockets/src/request.filter.ts,integration,integration,11,1,5,1,0,0,0,0,0,0,0,0,1,0,1,0,0,0,0,0,0,1,0,0,0,0,0,0,0,0,1,0,0,0,0,0,0,0,0,0,0,0,0,0,0,0,0,0,0,0,0,0,0,0,0,0,0,0,0,0,0,0
integration/websockets/src/request.interceptor.ts,integration,integration,10,1,6,1,0,0,0,0,0,0,0,0,1,0,1,0,0,0,0,0,0,1,0,0,1,0,0,0,0,0,1,0,0,0,0,0,0,0,0,0,0,0,0,0,0,0,0,0,0,0,0,0,0,0,0,0,0,0,0,0,0,0
integration/websockets/src/server.gateway.ts,integration,integration,22,1,5,2,0,0,0,0,0,0,0,0,0,0,1,0,0,0,0,0,0,1,0,0,0,0,0,0,0,0,1,0,0,0,0,0,0,0,0,0,0,0,0,0,0,0,0,0,0,0,0,0,0,0,0,0,0,0,0,0,0,0
integration/websockets/src/ws-error.gateway.ts,integration,integration,13,1,5,1,0,0,0,0,0,0,0,0,0,0,1,0,0,0,1,0,0,1,0,0,0,0,0,0,0,0,1,0,0,0,0,0,0,0,0,0,0,0,0,0,0,0,0,0,0,0,0,0,0,0,0,0,0,0,0,0,0,0
integration/websockets/src/ws-path.gateway.ts,integration,integration,13,1,4,1,0,0,0,0,0,0,0,0,0,0,1,0,0,0,0,0,0,1,0,0,0,0,0,0,0,0,1,0,0,0,0,0,0,0,0,0,0,0,0,0,0,0,0,0,0,0,0,0,0,0,0,0,0,0,0,0,0,0
integration/websockets/src/ws-path2.gateway.ts,integration,integration,13,1,4,1,0,0,0,0,0,0,0,0,0,0,1,0,0,0,0,0,0,1,0,0,0,0,0,0,0,0,1,0,0,0,0,0,0,0,0,0,0,0,0,0,0,0,0,0,0,0,0,0,0,0,0,0,0,0,0,0,0,0
packages/common/constants.ts,source,packages/common,43,32,30,0,0,0,0,0,0,0,0,0,0,1,0,0,0,0,0,1,0,0,0,0,0,0,0,0,0,0,0,0,0,0,0,0,0,1,0,0,0,0,0,0,0,0,0,0,0,0,0,0,0,0,0,0,27,0,0,0,0,0
packages/common/decorators/core/apply-decorators.ts,source,packages/common,30,1,12,2,1,0,0,1,0,0,0,0,0,0,0,0,1,0,0,0,1,0,0,0,0,0,1,0,0,0,0,0,0,0,0,2,0,2,0,0,0,0,0,0,0,0,0,0,0,0,0,0,0,0,0,0,0,1,0,0,0,0
packages/common/decorators/core/bind.decorator.ts,source,packages/common,20,1,10,2,0,0,0,0,0,0,0,0,0,0,1,0,1,0,0,0,1,0,0,0,0,0,0,0,0,0,2,0,0,0,1,0,0,0,0,0,0,0,0,0,0,0,0,0,0,1,0,0,0,0,0,0,0,1,0,0,0,0
packages/common/decorators/core/catch.decorator.ts,source,packages/common,27,1,14,2,0,0,0,0,0,0,0,0,0,0,1,0,1,0,0,0,1,0,0,0,2,0,0,0,0,0,2,0,0,0,2,0,0,0,2,0,0,0,0,0,0,0,0,0,0,0,0,0,0,0,0,0,0,1,0,0,0,0
packages/common/decorators/core/controller.decorator.ts,source,packages/common,170,5,34,2,0,0,3,0,0,0,0,0,1,1,0,0,1,1,0,0,4,0,0,0,5,0,0,0,0,0,5,0,0,0,0,0,0,0,2,0,0,0,2,0,0,0,0,0,0,0,0,0,0,0,0,0,0,7,0,0,0,0
packages/common/decorators/core/dependencies.decorator.ts,source,packages/common,22,2,16,2,0,0,1,0,0,0,0,0,0,1,0,0,1,0,0,0,1,0,0,0,1,0,0,0,0,0,2,0,0,0,2,0,0,2,0,2,0,0,0,0,0,0,0,0,0,0,0,0,0,0,0,0,0,1,0,0,0,0
packages/common/decorators/core/exception-filters.decorator.ts,source,packages/common,59,1,15,2,1,0,0,0,0,0,0,0,0,0,1,0,1,0,0,0,1,0,0,0,0,1,0,0,0,0,2,0,0,0,3,0,0,0,1,0,0,0,0,0,0,0,0,0,0,0,0,0,0,0,0,0,1,1,0,0,0,0
packages/common/decorators/core/index.ts,source,packages/common,14,14,1,0,0,0,0,0,0,0,0,0,0,1,0,0,0,0,0,0,0,0,0,0,0,0,0,0,0,0,0,0,0,0,0,0,0,0,0,0,0,0,0,0,0,0,0,0,0,0,0,0,0,0,0,0,0,0,0,0,0,0
packages/common/decorators/core/inject.decorator.ts,source,packages/common,66,1,26,2,2,0,0,0,0,0,3,3,0,0,1,0,1,0,0,0,1,0,0,0,2,0,0,0,0,0,2,0,0,0,0,3,0,0,2,2,0,0,0,0,0,0,0,0,0,0,0,0,0,0,0,0,0,2,0,0,0,0
packages/common/decorators/core/injectable.decorator.ts,source,packages/common,59,3,20,3,0,0,0,0,0,0,0,0,0,1,0,0,1,1,1,0,2,0,0,0,3,0,0,0,0,1,2,0,0,0,0,0,0,0,2,0,0,0,0,0,0,0,0,0,0,0,0,0,0,0,0,0,0,3,0,0,0,0
packages/common/decorators/core/optional.decorator.ts,source,packages/common,37,1,11,2,1,0,0,0,0,0,0,0,0,0,1,0,1,0,0,0,1,0,0,0,2,0,0,0,0,0,2,0,0,0,0,0,0,0,0,0,0,0,0,0,0,0,0,0,0,0,0,0,0,0,0,0,0,1,0,0,0,0
packages/common/decorators/core/set-metadata.decorator.ts,source,packages/common,35,2,15,2,1,0,0,0,0,0,0,0,0,1,0,0,1,1,0,0,0,0,0,0,3,0,0,0,0,0,2,0,0,0,3,0,0,0,0,0,0,0,0,0,0,0,0,0,0,0,0,0,0,0,0,0,0,1,0,0,0,0
packages/common/decorators/core/use-guards.decorator.ts,source,packages/common,52,1,13,2,1,0,0,0,0,0,0,0,0,0,1,0,1,0,0,0,1,0,0,0,0,0,0,0,0,0,2,0,0,0,3,0,0,0,1,0,0,0,0,0,0,0,0,0,0,0,0,0,0,0,0,0,0,1,0,0,0,0
packages/common/decorators/core/use-interceptors.decorator.ts,source,packages/common,65,1,13,2,1,0,0,0,0,0,0,0,0,0,1,0,1,0,0,0,1,0,0,0,0,0,0,0,0,0,2,0,0,0,3,0,0,0,1,0,0,0,0,0,0,0,0,0,0,0,0,0,0,0,0,0,0,1,0,0,0,0
packages/common/decorators/core/use-pipes.decorator.ts,source,packages/common,46,1,14,2,1,0,0,0,0,0,0,0,0,0,1,0,1,0,0,0,1,0,0,0,0,0,0,0,0,0,2,0,0,0,3,0,0,0,1,0,0,0,0,0,0,0,0,0,0,0,0,0,0,0,0,0,1,1,0,0,0,0
packages/common/decorators/core/version.decorator.ts,source,packages/common,21,1,16,2,1,0,0,0,0,0,0,1,0,0,1,0,1,0,0,0,1,0,0,0,1,0,0,0,0,0,2,0,0,0,2,0,0,0,1,0,0,0,1,0,0,0,0,0,0,0,0,0,0,0,0,0,0,2,0,0,0,0
packages/common/decorators/http/create-route-param-metadata.decorator.ts,source,packages/common,104,2,57,2,2,0,3,0,0,0,3,9,1,1,0,0,1,1,1,0,1,0,0,0,1,0,0,0,0,1,1,0,0,0,7,2,0,7,4,3,0,0,0,0,0,0,0,0,0,1,0,0,0,0,1,0,0,4,0,0,0,0
packages/common/decorators/http/header.decorator.ts,source,packages/common,29,1,9,2,0,0,0,0,0,0,0,0,0,0,1,0,1,0,0,0,1,0,0,0,0,0,0,0,0,0,2,0,0,0,1,0,0,0,0,0,0,0,0,0,0,0,0,0,0,0,0,0,0,0,0,0,0,1,0,0,0,0
packages/common/decorators/http/http-code.decorator.ts,source,packages/common,21,1,10,2,0,0,0,0,0,0,0,0,0,0,1,0,1,0,0,0,1,0,0,0,1,0,0,0,0,0,2,0,0,0,1,0,0,0,0,0,0,0,0,0,0,0,0,0,0,0,0,0,0,0,0,0,0,1,0,0,0,0
packages/common/decorators/http/index.ts,source,packages/common,9,9,1,0,0,0,0,0,0,0,0,0,0,1,0,0,0,0,0,0,0,0,0,0,0,0,0,0,0,0,0,0,0,0,0,0,0,0,0,0,0,0,0,0,0,0,0,0,0,0,0,0,0,0,0,0,0,0,0,0,0,0
packages/common/decorators/http/redirect.decorator.ts,source,packages/common,20,1,10,2,0,0,0,0,0,0,0,0,0,0,1,0,1,0,0,0,1,0,0,0,1,0,0,0,0,0,2,0,0,0,1,0,0,0,0,0,0,0,0,0,0,0,0,0,0,0,0,0,0,0,0,0,0,1,0,0,0,0
packages/common/decorators/http/render.decorator.ts,source,packages/common,22,1,10,2,0,0,0,0,0,0,0,0,0,0,1,0,1,0,0,0,1,0,0,0,1,0,0,0,0,0,2,0,0,0,1,0,0,0,0,0,0,0,0,0,0,0,0,0,0,0,0,0,0,0,0,0,0,1,0,0,0,0
packages/common/decorators/http/request-mapping.decorator.ts,source,packages/common,173,19,33,3,0,0,1,0,0,0,0,0,1,1,0,0,1,1,0,0,0,0,0,1,2,0,0,0,0,0,2,0,0,0,1,0,0,0,0,1,0,0,0,0,0,0,0,1,0,0,0,0,0,0,0,0,0,17,0,0,0,0
packages/common/decorators/http/route-params.decorator.ts,source,packages/common,1098,47,172,14,4,0,11,0,0,0,0,0,6,1,0,0,1,1,0,0,36,0,0,0,3,1,0,0,2,0,36,0,0,0,2,6,0,8,2,5,0,0,1,0,0,0,0,0,0,0,0,0,0,0,1,0,22,9,0,0,0,0
packages/common/decorators/http/sse-signal.decorator.ts,source,packages/common,56,2,7,1,0,0,0,0,0,0,0,0,1,1,0,0,0,0,0,0,0,0,0,0,0,0,0,0,0,0,1,0,0,0,0,0,0,0,1,0,0,0,0,0,0,0,0,0,0,0,0,0,0,0,0,0,0,2,0,0,0,0
packages/common/decorators/http/sse.decorator.ts,source,packages/common,33,1,16,2,0,0,1,0,0,0,0,1,0,0,1,0,1,0,0,0,1,0,0,0,3,0,0,0,0,0,2,0,0,0,1,0,0,0,0,1,0,0,0,0,0,0,0,1,0,0,0,0,0,0,0,0,0,1,0,0,0,0
packages/common/decorators/index.ts,source,packages/common,3,3,1,0,0,0,0,0,0,0,0,0,0,1,0,0,0,0,0,0,0,0,0,0,0,0,0,0,0,0,0,0,0,0,0,0,0,0,0,0,0,0,0,0,0,0,0,0,0,0,0,0,0,0,0,0,0,0,0,0,0,0
packages/common/decorators/modules/global.decorator.ts,source,packages/common,17,1,9,2,0,0,0,0,0,0,0,0,0,0,1,0,1,0,0,0,1,0,0,0,1,0,0,0,0,0,2,0,0,0,0,0,0,0,0,0,0,0,0,0,0,0,0,0,0,0,0,0,0,0,0,0,0,1,0,0,0,0
packages/common/decorators/modules/index.ts,source,packages/common,2,2,1,0,0,0,0,0,0,0,0,0,0,1,0,0,0,0,0,0,0,0,0,0,0,0,0,0,0,0,0,0,0,0,0,0,0,0,0,0,0,0,0,0,0,0,0,0,0,0,0,0,0,0,0,0,0,0,0,0,0,0
packages/common/decorators/modules/module.decorator.ts,source,packages/common,27,1,16,2,1,0,0,1,0,0,0,0,0,0,1,0,1,0,0,0,1,0,0,0,1,0,0,0,0,0,2,0,0,0,1,0,0,1,1,0,1,0,0,0,0,0,1,0,0,0,0,0,0,0,0,0,0,1,0,0,0,0
packages/common/enums/http-status.enum.ts,source,packages/common,60,1,4,0,0,0,0,0,0,0,0,0,0,0,1,0,0,0,0,0,0,0,0,0,0,0,0,0,0,0,1,0,0,1,0,0,0,0,0,0,0,0,0,0,0,0,0,0,0,0,0,0,0,0,0,0,0,1,0,0,0,0
packages/common/enums/index.ts,source,packages/common,4,4,1,0,0,0,0,0,0,0,0,0,0,1,0,0,0,0,0,0,0,0,0,0,0,0,0,0,0,0,0,0,0,0,0,0,0,0,0,0,0,0,0,0,0,0,0,0,0,0,0,0,0,0,0,0,0,0,0,0,0,0
packages/common/enums/request-method.enum.ts,source,packages/common,19,1,3,0,0,0,0,0,0,0,0,0,0,0,1,0,0,0,0,0,0,0,0,0,0,0,0,0,0,0,1,0,0,1,0,0,0,0,0,0,0,0,0,0,0,0,0,0,0,0,0,0,0,0,0,0,0,0,0,0,0,0
packages/common/enums/route-paramtypes.enum.ts,source,packages/common,18,1,3,0,0,0,0,0,0,0,0,0,0,0,1,0,0,0,0,0,0,0,0,0,0,0,0,0,0,0,1,0,0,1,0,0,0,0,0,0,0,0,0,0,0,0,0,0,0,0,0,0,0,0,0,0,0,0,0,0,0,0
packages/common/enums/shutdown-signal.enum.ts,source,packages/common,16,1,4,0,0,0,0,0,0,0,0,0,0,0,1,0,0,0,0,0,0,0,0,0,0,0,0,0,0,0,1,0,0,1,0,0,0,0,0,0,0,0,0,0,0,0,0,0,0,0,0,0,0,0,0,0,0,1,0,0,0,0
packages/common/enums/version-type.enum.ts,source,packages/common,9,1,4,0,0,0,0,0,0,0,0,0,0,0,1,0,0,0,0,0,0,0,0,0,0,0,0,0,0,0,1,0,0,1,0,0,0,0,0,0,0,0,0,0,0,0,0,0,0,0,0,0,0,0,0,0,0,1,0,0,0,0
packages/common/exceptions/bad-gateway.exception.ts,source,packages/common,52,1,9,1,0,0,0,0,0,0,0,0,0,0,1,0,1,0,0,0,0,1,0,0,0,0,0,0,0,0,1,0,0,0,1,0,0,0,1,0,0,0,0,0,0,0,0,0,0,0,0,0,0,0,0,0,0,2,0,0,0,0
packages/common/exceptions/bad-request.exception.ts,source,packages/common,52,1,9,1,0,0,0,0,0,0,0,0,0,0,1,0,1,0,0,0,0,1,0,0,0,0,0,0,0,0,1,0,0,0,1,0,0,0,1,0,0,0,0,0,0,0,0,0,0,0,0,0,0,0,0,0,0,2,0,0,0,0
packages/common/exceptions/conflict.exception.ts,source,packages/common,52,1,9,1,0,0,0,0,0,0,0,0,0,0,1,0,1,0,0,0,0,1,0,0,0,0,0,0,0,0,1,0,0,0,1,0,0,0,1,0,0,0,0,0,0,0,0,0,0,0,0,0,0,0,0,0,0,2,0,0,0,0
packages/common/exceptions/forbidden.exception.ts,source,packages/common,52,1,9,1,0,0,0,0,0,0,0,0,0,0,1,0,1,0,0,0,0,1,0,0,0,0,0,0,0,0,1,0,0,0,1,0,0,0,1,0,0,0,0,0,0,0,0,0,0,0,0,0,0,0,0,0,0,2,0,0,0,0
packages/common/exceptions/gateway-timeout.exception.ts,source,packages/common,52,1,9,1,0,0,0,0,0,0,0,0,0,0,1,0,1,0,0,0,0,1,0,0,0,0,0,0,0,0,1,0,0,0,1,0,0,0,1,0,0,0,0,0,0,0,0,0,0,0,0,0,0,0,0,0,0,2,0,0,0,0
packages/common/exceptions/gone.exception.ts,source,packages/common,52,1,9,1,0,0,0,0,0,0,0,0,0,0,1,0,1,0,0,0,0,1,0,0,0,0,0,0,0,0,1,0,0,0,1,0,0,0,1,0,0,0,0,0,0,0,0,0,0,0,0,0,0,0,0,0,0,2,0,0,0,0
packages/common/exceptions/http-version-not-supported.exception.ts,source,packages/common,54,1,9,1,0,0,0,0,0,0,0,0,0,0,1,0,1,0,0,0,0,1,0,0,0,0,0,0,0,0,1,0,0,0,1,0,0,0,1,0,0,0,0,0,0,0,0,0,0,0,0,0,0,0,0,0,0,2,0,0,0,0
packages/common/exceptions/http.exception.ts,source,packages/common,192,3,78,11,9,0,4,0,0,0,0,0,1,1,0,0,1,1,0,0,0,1,24,0,8,0,0,0,0,0,1,0,0,0,1,3,0,2,2,1,0,0,1,0,0,0,0,0,0,0,0,0,0,0,0,0,0,6,0,0,0,0
packages/common/exceptions/im-a-teapot.exception.ts,source,packages/common,55,1,9,1,0,0,0,0,0,0,0,0,0,0,1,0,1,0,0,0,0,1,0,0,0,0,0,0,0,0,1,0,0,0,1,0,0,0,1,0,0,0,0,0,0,0,0,0,0,0,0,0,0,0,0,0,0,2,0,0,0,0
packages/common/exceptions/index.ts,source,packages/common,23,23,1,0,0,0,0,0,0,0,0,0,0,1,0,0,0,0,0,0,0,0,0,0,0,0,0,0,0,0,0,0,0,0,0,0,0,0,0,0,0,0,0,0,0,0,0,0,0,0,0,0,0,0,0,0,0,0,0,0,0,0
packages/common/exceptions/internal-server-error.exception.ts,source,packages/common,54,1,9,1,0,0,0,0,0,0,0,0,0,0,1,0,1,0,0,0,0,1,0,0,0,0,0,0,0,0,1,0,0,0,1,0,0,0,1,0,0,0,0,0,0,0,0,0,0,0,0,0,0,0,0,0,0,2,0,0,0,0
packages/common/exceptions/intrinsic.exception.ts,source,packages/common,7,1,5,0,0,0,0,0,0,0,0,0,0,0,1,0,1,0,0,0,0,1,0,0,0,0,0,0,0,0,1,0,0,0,0,0,0,0,0,0,0,0,0,0,0,0,0,0,0,0,0,0,0,0,0,0,0,1,0,0,0,0
packages/common/exceptions/method-not-allowed.exception.ts,source,packages/common,52,1,9,1,0,0,0,0,0,0,0,0,0,0,1,0,1,0,0,0,0,1,0,0,0,0,0,0,0,0,1,0,0,0,1,0,0,0,1,0,0,0,0,0,0,0,0,0,0,0,0,0,0,0,0,0,0,2,0,0,0,0
packages/common/exceptions/misdirected.exception.ts,source,packages/common,52,1,9,1,0,0,0,0,0,0,0,0,0,0,1,0,1,0,0,0,0,1,0,0,0,0,0,0,0,0,1,0,0,0,1,0,0,0,1,0,0,0,0,0,0,0,0,0,0,0,0,0,0,0,0,0,0,2,0,0,0,0
packages/common/exceptions/not-acceptable.exception.ts,source,packages/common,52,1,9,1,0,0,0,0,0,0,0,0,0,0,1,0,1,0,0,0,0,1,0,0,0,0,0,0,0,0,1,0,0,0,1,0,0,0,1,0,0,0,0,0,0,0,0,0,0,0,0,0,0,0,0,0,0,2,0,0,0,0
packages/common/exceptions/not-found.exception.ts,source,packages/common,52,1,9,1,0,0,0,0,0,0,0,0,0,0,1,0,1,0,0,0,0,1,0,0,0,0,0,0,0,0,1,0,0,0,1,0,0,0,1,0,0,0,0,0,0,0,0,0,0,0,0,0,0,0,0,0,0,2,0,0,0,0
packages/common/exceptions/not-implemented.exception.ts,source,packages/common,52,1,9,1,0,0,0,0,0,0,0,0,0,0,1,0,1,0,0,0,0,1,0,0,0,0,0,0,0,0,1,0,0,0,1,0,0,0,1,0,0,0,0,0,0,0,0,0,0,0,0,0,0,0,0,0,0,2,0,0,0,0
packages/common/exceptions/payload-too-large.exception.ts,source,packages/common,52,1,9,1,0,0,0,0,0,0,0,0,0,0,1,0,1,0,0,0,0,1,0,0,0,0,0,0,0,0,1,0,0,0,1,0,0,0,1,0,0,0,0,0,0,0,0,0,0,0,0,0,0,0,0,0,0,2,0,0,0,0
packages/common/exceptions/precondition-failed.exception.ts,source,packages/common,52,1,9,1,0,0,0,0,0,0,0,0,0,0,1,0,1,0,0,0,0,1,0,0,0,0,0,0,0,0,1,0,0,0,1,0,0,0,1,0,0,0,0,0,0,0,0,0,0,0,0,0,0,0,0,0,0,2,0,0,0,0
packages/common/exceptions/request-timeout.exception.ts,source,packages/common,52,1,9,1,0,0,0,0,0,0,0,0,0,0,1,0,1,0,0,0,0,1,0,0,0,0,0,0,0,0,1,0,0,0,1,0,0,0,1,0,0,0,0,0,0,0,0,0,0,0,0,0,0,0,0,0,0,2,0,0,0,0
packages/common/exceptions/service-unavailable.exception.ts,source,packages/common,52,1,9,1,0,0,0,0,0,0,0,0,0,0,1,0,1,0,0,0,0,1,0,0,0,0,0,0,0,0,1,0,0,0,1,0,0,0,1,0,0,0,0,0,0,0,0,0,0,0,0,0,0,0,0,0,0,2,0,0,0,0
packages/common/exceptions/unauthorized.exception.ts,source,packages/common,52,1,9,1,0,0,0,0,0,0,0,0,0,0,1,0,1,0,0,0,0,1,0,0,0,0,0,0,0,0,1,0,0,0,1,0,0,0,1,0,0,0,0,0,0,0,0,0,0,0,0,0,0,0,0,0,0,2,0,0,0,0
packages/common/exceptions/unprocessable-entity.exception.ts,source,packages/common,54,1,9,1,0,0,0,0,0,0,0,0,0,0,1,0,1,0,0,0,0,1,0,0,0,0,0,0,0,0,1,0,0,0,1,0,0,0,1,0,0,0,0,0,0,0,0,0,0,0,0,0,0,0,0,0,0,2,0,0,0,0
packages/common/exceptions/unsupported-media-type.exception.ts,source,packages/common,54,1,9,1,0,0,0,0,0,0,0,0,0,0,1,0,1,0,0,0,0,1,0,0,0,0,0,0,0,0,1,0,0,0,1,0,0,0,1,0,0,0,0,0,0,0,0,0,0,0,0,0,0,0,0,0,0,2,0,0,0,0
packages/common/file-stream/index.ts,source,packages/common,1,1,0,0,0,0,0,0,0,0,0,0,0,0,0,0,0,0,0,0,0,0,0,0,0,0,0,0,0,0,0,0,0,0,0,0,0,0,0,0,0,0,0,0,0,0,0,0,0,0,0,0,0,0,0,0,0,0,0,0,0,0
packages/common/file-stream/interfaces/index.ts,source,packages/common,2,2,1,0,0,0,0,0,0,0,0,0,0,1,0,0,0,0,0,0,0,0,0,0,0,0,0,0,0,0,0,0,0,0,0,0,0,0,0,0,0,0,0,0,0,0,0,0,0,0,0,0,0,0,0,0,0,0,0,0,0,0
packages/common/file-stream/interfaces/streamable-handler-response.interface.ts,source,packages/common,12,1,7,0,0,0,0,0,0,0,0,0,0,0,1,0,0,0,0,0,0,0,0,0,0,0,0,0,0,0,1,0,0,0,0,0,0,0,0,0,0,0,0,0,0,0,0,0,0,0,0,0,0,0,0,0,0,5,0,0,0,0
packages/common/file-stream/interfaces/streamable-options.interface.ts,source,packages/common,22,1,6,0,0,0,0,0,0,0,0,0,0,0,1,0,0,0,0,0,0,0,0,0,0,0,0,0,0,0,1,0,0,0,0,0,0,0,0,0,0,0,0,0,0,0,0,0,0,0,0,0,0,0,0,0,0,4,0,0,0,0
packages/common/file-stream/streamable-file.ts,source,packages/common,87,1,46,9,4,0,0,0,0,0,0,0,0,0,0,0,1,0,0,0,0,1,16,0,8,0,0,0,0,2,0,0,0,0,0,0,0,0,2,2,0,0,0,0,0,0,0,0,0,0,0,0,0,0,0,0,0,1,0,0,0,0
packages/common/index.ts,source,packages/common,81,72,2,0,0,0,0,0,0,0,0,0,0,1,0,0,0,0,0,0,0,0,0,0,0,0,0,0,0,0,0,0,0,0,0,0,0,0,0,0,0,0,0,0,0,0,0,0,0,0,0,0,0,0,0,0,0,1,0,0,0,0
packages/common/interfaces/abstract.interface.ts,source,packages/common,3,1,2,0,0,0,0,0,0,0,0,0,0,0,1,0,0,0,0,0,0,0,0,0,0,0,0,0,0,0,1,0,0,0,0,0,0,0,0,0,0,0,0,0,0,0,0,0,0,0,0,0,0,0,0,0,0,0,0,0,0,0
packages/common/interfaces/controllers/controller-metadata.interface.ts,source,packages/common,3,1,2,0,0,0,0,0,0,0,0,0,0,0,1,0,0,0,0,0,0,0,0,0,0,0,0,0,0,0,1,0,0,0,0,0,0,0,0,0,0,0,0,0,0,0,0,0,0,0,0,0,0,0,0,0,0,0,0,0,0,0
packages/common/interfaces/controllers/controller.interface.ts,source,packages/common,1,1,2,0,0,0,0,0,0,0,0,0,0,0,1,0,0,0,0,0,0,0,0,0,0,0,0,0,0,0,1,0,0,0,0,0,0,0,0,0,0,0,0,0,0,0,0,0,0,0,0,0,0,0,0,0,0,0,0,0,0,0
packages/common/interfaces/controllers/index.ts,source,packages/common,2,2,1,0,0,0,0,0,0,0,0,0,0,1,0,0,0,0,0,0,0,0,0,0,0,0,0,0,0,0,0,0,0,0,0,0,0,0,0,0,0,0,0,0,0,0,0,0,0,0,0,0,0,0,0,0,0,0,0,0,0,0
packages/common/interfaces/exceptions/exception-filter-metadata.interface.ts,source,packages/common,6,1,6,0,0,0,0,0,0,0,0,0,0,0,1,0,0,0,0,0,0,0,0,0,0,0,0,0,0,0,1,0,0,0,1,0,0,0,2,0,0,0,0,0,0,0,0,0,0,0,0,0,0,0,1,0,0,0,0,0,0,0
packages/common/interfaces/exceptions/exception-filter.interface.ts,source,packages/common,18,1,7,0,0,0,0,0,0,0,0,0,0,0,1,0,0,0,0,0,0,0,0,0,0,0,0,0,0,0,1,0,0,0,2,0,0,0,1,0,0,0,0,0,0,0,0,0,0,0,0,0,0,0,0,0,0,2,0,0,0,0
packages/common/interfaces/exceptions/index.ts,source,packages/common,5,5,1,0,0,0,0,0,0,0,0,0,0,1,0,0,0,0,0,0,0,0,0,0,0,0,0,0,0,0,0,0,0,0,0,0,0,0,0,0,0,0,0,0,0,0,0,0,0,0,0,0,0,0,0,0,0,0,0,0,0,0
packages/common/interfaces/exceptions/rpc-exception-filter-metadata.interface.ts,source,packages/common,6,1,6,0,0,0,0,0,0,0,0,0,0,0,1,0,0,0,0,0,0,0,0,0,0,0,0,0,0,0,1,0,0,0,1,0,0,0,2,0,0,0,0,0,0,0,0,0,0,0,0,0,0,0,1,0,0,0,0,0,0,0
packages/common/interfaces/exceptions/rpc-exception-filter.interface.ts,source,packages/common,19,1,8,0,0,0,0,0,0,0,0,0,0,0,1,0,0,0,0,0,0,0,0,0,0,0,0,0,0,0,1,0,0,0,2,0,0,0,2,0,0,0,0,0,0,0,0,0,0,0,0,0,0,0,0,0,0,2,0,0,0,0
packages/common/interfaces/exceptions/ws-exception-filter.interface.ts,source,packages/common,18,1,8,0,0,0,0,0,0,0,0,0,0,0,1,0,0,0,0,0,0,0,0,0,0,0,0,0,0,0,1,0,0,0,2,0,0,0,1,0,0,0,0,0,0,0,0,0,0,0,0,0,0,0,0,0,1,2,0,0,0,0
packages/common/interfaces/external/class-transform-options.interface.ts,source,packages/common,65,1,15,0,0,0,0,0,0,0,0,0,0,0,1,0,0,0,0,0,0,0,0,0,0,0,0,0,0,0,1,0,0,0,1,0,0,0,0,0,0,0,0,0,0,0,0,0,0,0,0,0,0,0,0,0,0,12,0,0,0,0
packages/common/interfaces/external/cors-options.interface.ts,source,packages/common,60,4,13,0,0,0,0,0,0,0,0,0,0,1,0,0,0,0,0,0,0,0,0,0,0,0,0,0,0,0,1,0,0,0,0,0,0,0,0,0,0,0,0,0,0,0,0,0,0,0,0,0,0,0,0,0,1,10,0,0,0,0
packages/common/interfaces/external/https-options.interface.ts,source,packages/common,105,1,25,0,0,0,0,0,0,0,0,0,0,0,1,0,0,0,0,0,0,0,0,0,0,0,0,0,0,0,1,0,0,0,9,0,0,0,0,0,0,0,0,0,0,0,0,0,0,0,0,0,0,0,0,0,0,14,0,0,0,0
packages/common/interfaces/external/transformer-package.interface.ts,source,packages/common,13,1,6,0,0,0,0,0,0,0,0,0,0,0,1,0,0,0,0,0,0,0,0,0,0,0,0,0,0,0,1,0,0,0,2,0,0,0,2,0,0,0,0,0,0,0,0,0,0,0,0,0,0,0,0,0,0,0,0,0,0,0
packages/common/interfaces/external/validation-error.interface.ts,source,packages/common,42,1,12,0,0,0,0,0,0,0,0,0,0,0,1,0,0,0,0,0,0,0,0,0,0,0,0,0,0,0,1,0,0,0,3,0,0,0,0,0,0,0,0,0,0,0,0,0,0,0,0,0,0,0,0,0,0,7,0,0,0,0
packages/common/interfaces/external/validator-options.interface.ts,source,packages/common,76,1,18,0,0,0,0,0,0,0,0,0,0,0,1,0,0,0,0,0,0,0,0,0,0,0,0,0,0,0,1,0,0,0,0,0,0,0,0,0,0,0,0,0,0,0,0,0,0,0,0,0,0,0,0,0,0,16,0,0,0,0
packages/common/interfaces/external/validator-package.interface.ts,source,packages/common,8,1,4,0,0,0,0,0,0,0,0,0,0,0,1,0,0,0,0,0,0,0,0,0,0,0,0,0,0,0,1,0,0,0,0,0,0,0,2,0,0,0,0,0,0,0,0,0,0,0,0,0,0,0,0,0,0,0,0,0,0,0
packages/common/interfaces/features/arguments-host.interface.ts,source,packages/common,88,5,32,0,0,0,0,0,0,0,0,0,0,1,0,0,0,0,0,0,0,0,0,0,0,0,0,0,0,0,4,0,0,0,10,0,0,0,0,0,0,0,0,0,0,0,0,0,0,0,0,0,0,0,0,0,0,17,0,0,0,0
packages/common/interfaces/features/can-activate.interface.ts,source,packages/common,24,1,6,0,0,0,0,0,0,0,0,0,0,0,1,0,0,0,0,0,0,0,0,0,0,0,0,0,0,0,1,0,0,0,0,0,0,0,2,0,0,0,0,0,0,0,0,0,0,0,0,0,0,0,0,0,0,2,0,0,0,0
packages/common/interfaces/features/custom-route-param-factory.interface.ts,source,packages/common,8,1,6,0,0,0,0,0,0,0,0,0,0,0,1,0,0,0,0,0,0,0,0,0,0,0,0,0,0,0,1,0,0,0,2,0,0,0,1,0,0,0,0,0,0,0,0,0,0,0,0,0,0,0,0,0,0,1,0,0,0,0
packages/common/interfaces/features/execution-context.interface.ts,source,packages/common,20,1,8,0,0,0,0,0,0,0,0,0,0,0,1,0,0,0,0,0,0,0,0,0,0,0,0,0,0,0,1,0,0,0,1,0,0,0,2,0,0,0,0,0,0,0,0,0,0,0,0,0,0,0,0,0,0,3,0,0,0,0
packages/common/interfaces/features/nest-interceptor.interface.ts,source,packages/common,37,2,12,0,0,0,0,0,0,0,0,0,0,1,0,0,0,0,0,0,0,0,0,0,0,0,0,0,0,0,1,0,0,0,3,0,0,0,2,0,0,0,0,0,0,0,0,0,0,0,0,0,0,0,0,0,1,4,0,0,0,0
packages/common/interfaces/features/paramtype.interface.ts,source,packages/common,4,1,7,0,0,0,0,0,0,0,0,0,0,0,1,0,0,0,0,0,0,0,0,0,0,0,0,0,0,0,5,0,0,0,0,0,0,0,0,0,0,0,0,0,0,0,0,0,0,0,0,0,0,0,0,0,0,1,0,0,0,0
packages/common/interfaces/features/pipe-transform.interface.ts,source,packages/common,48,3,17,0,0,0,0,0,0,0,0,0,0,1,0,0,0,0,0,0,0,0,0,0,0,0,0,0,0,0,1,0,0,0,5,0,0,0,2,0,0,0,0,0,0,0,0,0,0,0,0,0,0,0,1,0,0,7,0,0,0,0
packages/common/interfaces/global-prefix-options.interface.ts,source,packages/common,7,1,4,0,0,0,0,0,0,0,0,0,0,0,1,0,0,0,0,0,0,0,0,0,0,0,0,0,0,0,1,0,0,0,0,0,0,0,1,0,0,0,0,0,0,0,0,0,0,0,0,0,0,0,0,0,0,1,0,0,0,0
packages/common/interfaces/hooks/before-application-shutdown.interface.ts,source,packages/common,3,1,3,0,0,0,0,0,0,0,0,0,0,0,1,0,0,0,0,0,0,0,0,0,0,0,0,0,0,0,1,0,0,0,1,0,0,0,0,0,0,0,0,0,0,0,0,0,0,0,0,0,0,0,0,0,0,0,0,0,0,0
packages/common/interfaces/hooks/index.ts,source,packages/common,5,5,1,0,0,0,0,0,0,0,0,0,0,1,0,0,0,0,0,0,0,0,0,0,0,0,0,0,0,0,0,0,0,0,0,0,0,0,0,0,0,0,0,0,0,0,0,0,0,0,0,0,0,0,0,0,0,0,0,0,0,0
packages/common/interfaces/hooks/on-application-bootstrap.interface.ts,source,packages/common,11,1,4,0,0,0,0,0,0,0,0,0,0,0,1,0,0,0,0,0,0,0,0,0,0,0,0,0,0,0,1,0,0,0,1,0,0,0,0,0,0,0,0,0,0,0,0,0,0,0,0,0,0,0,0,0,0,1,0,0,0,0
packages/common/interfaces/hooks/on-application-shutdown.interface.ts,source,packages/common,11,1,4,0,0,0,0,0,0,0,0,0,0,0,1,0,0,0,0,0,0,0,0,0,0,0,0,0,0,0,1,0,0,0,1,0,0,0,0,0,0,0,0,0,0,0,0,0,0,0,0,0,0,0,0,0,0,1,0,0,0,0
packages/common/interfaces/hooks/on-destroy.interface.ts,source,packages/common,12,1,4,0,0,0,0,0,0,0,0,0,0,0,1,0,0,0,0,0,0,0,0,0,0,0,0,0,0,0,1,0,0,0,1,0,0,0,0,0,0,0,0,0,0,0,0,0,0,0,0,0,0,0,0,0,0,1,0,0,0,0
packages/common/interfaces/hooks/on-init.interface.ts,source,packages/common,10,1,4,0,0,0,0,0,0,0,0,0,0,0,1,0,0,0,0,0,0,0,0,0,0,0,0,0,0,0,1,0,0,0,1,0,0,0,0,0,0,0,0,0,0,0,0,0,0,0,0,0,0,0,0,0,0,1,0,0,0,0
packages/common/interfaces/http/cookie-options.interface.ts,source,packages/common,79,2,15,0,0,0,0,0,0,0,0,0,0,1,0,0,0,0,0,0,0,0,0,0,0,0,0,0,0,0,1,0,0,0,0,0,0,0,0,0,0,0,0,0,0,0,0,0,0,0,0,0,0,0,0,0,0,13,0,0,0,0
packages/common/interfaces/http/csrf-protection-options.interface.ts,source,packages/common,47,1,6,0,0,0,0,0,0,0,0,0,0,0,1,0,0,0,0,0,0,0,0,0,0,0,0,0,0,0,1,0,0,0,1,0,0,0,0,0,0,0,0,0,0,0,0,0,0,0,0,0,0,0,0,0,0,3,0,0,0,0
packages/common/interfaces/http/http-exception-body.interface.ts,source,packages/common,7,2,2,0,0,0,0,0,0,0,0,0,0,1,0,0,0,0,0,0,0,0,0,0,0,0,0,0,0,0,1,0,0,0,0,0,0,0,0,0,0,0,0,0,0,0,0,0,0,0,0,0,0,0,0,0,0,0,0,0,0,0
packages/common/interfaces/http/http-redirect-response.interface.ts,source,packages/common,5,1,3,0,0,0,0,0,0,0,0,0,0,0,1,0,0,0,0,0,0,0,0,0,0,0,0,0,0,0,1,0,0,0,0,0,0,0,1,0,0,0,0,0,0,0,0,0,0,0,0,0,0,0,0,0,0,0,0,0,0,0
packages/common/interfaces/http/http-server.interface.ts,source,packages/common,672,4,144,0,0,0,0,0,0,0,0,0,0,1,0,0,0,0,0,0,0,0,0,0,0,0,0,0,0,0,1,0,0,0,82,0,0,0,5,0,0,0,0,0,0,0,0,0,0,0,0,0,0,0,0,0,0,55,0,0,0,0
packages/common/interfaces/http/index.ts,source,packages/common,8,8,1,0,0,0,0,0,0,0,0,0,0,1,0,0,0,0,0,0,0,0,0,0,0,0,0,0,0,0,0,0,0,0,0,0,0,0,0,0,0,0,0,0,0,0,0,0,0,0,0,0,0,0,0,0,0,0,0,0,0,0
packages/common/interfaces/http/message-event.interface.ts,source,packages/common,7,1,2,0,0,0,0,0,0,0,0,0,0,0,1,0,0,0,0,0,0,0,0,0,0,0,0,0,0,0,1,0,0,0,0,0,0,0,0,0,0,0,0,0,0,0,0,0,0,0,0,0,0,0,0,0,0,0,0,0,0,0
packages/common/interfaces/http/raw-body-request.interface.ts,source,packages/common,4,1,3,0,0,0,0,0,0,0,0,0,0,0,1,0,0,0,0,0,0,0,0,0,0,0,0,0,0,0,1,0,0,0,0,0,0,0,0,0,0,0,0,0,0,0,0,0,0,0,0,0,0,0,0,0,0,1,0,0,0,0
packages/common/interfaces/http/security-headers-options.interface.ts,source,packages/common,155,4,35,0,0,0,0,0,0,0,0,0,0,1,0,0,0,0,0,0,0,0,0,0,0,0,0,0,0,0,10,0,0,0,0,0,0,0,0,0,0,0,0,0,0,0,0,0,0,0,0,0,0,0,0,0,0,24,0,0,0,0
packages/common/interfaces/index.ts,source,packages/common,33,33,1,0,0,0,0,0,0,0,0,0,0,1,0,0,0,0,0,0,0,0,0,0,0,0,0,0,0,0,0,0,0,0,0,0,0,0,0,0,0,0,0,0,0,0,0,0,0,0,0,0,0,0,0,0,0,0,0,0,0,0
packages/common/interfaces/injectable.interface.ts,source,packages/common,1,1,2,0,0,0,0,0,0,0,0,0,0,0,1,0,0,0,0,0,0,0,0,0,0,0,0,0,0,0,1,0,0,0,0,0,0,0,0,0,0,0,0,0,0,0,0,0,0,0,0,0,0,0,0,0,0,0,0,0,0,0
packages/common/interfaces/microservices/nest-hybrid-application-options.interface.ts,source,packages/common,7,1,3,0,0,0,0,0,0,0,0,0,0,0,1,0,0,0,0,0,0,0,0,0,0,0,0,0,0,0,1,0,0,0,0,0,0,0,0,0,0,0,0,0,0,0,0,0,0,0,0,0,0,0,0,0,0,1,0,0,0,0
packages/common/interfaces/microservices/nest-microservice-options.interface.ts,source,packages/common,5,1,4,0,0,0,0,0,0,0,0,0,0,0,1,0,0,0,0,0,0,0,0,0,0,0,0,0,0,0,1,0,0,0,0,0,0,0,1,0,0,0,0,0,0,0,0,0,0,0,0,0,0,0,0,0,0,1,0,0,0,0
packages/common/interfaces/microservices/pre-request-hook.interface.ts,source,packages/common,25,1,5,0,0,0,0,0,0,0,0,0,0,0,1,0,0,0,0,0,0,0,0,0,0,0,0,0,0,0,1,0,0,0,0,0,0,0,2,0,0,0,0,0,0,0,0,0,0,0,0,0,0,0,0,0,0,1,0,0,0,0
packages/common/interfaces/microservices/transport-server.interface.ts,source,packages/common,18,1,8,0,0,0,0,0,0,0,0,0,0,0,1,0,0,0,0,0,0,0,0,0,0,0,0,0,0,0,1,0,0,0,3,0,0,0,0,0,0,0,0,0,0,0,0,0,0,0,0,0,0,0,0,0,0,3,0,0,0,0
packages/common/interfaces/middleware/index.ts,source,packages/common,4,4,1,0,0,0,0,0,0,0,0,0,0,1,0,0,0,0,0,0,0,0,0,0,0,0,0,0,0,0,0,0,0,0,0,0,0,0,0,0,0,0,0,0,0,0,0,0,0,0,0,0,0,0,0,0,0,0,0,0,0,0
packages/common/interfaces/middleware/middleware-config-proxy.interface.ts,source,packages/common,24,1,9,0,0,0,0,0,0,0,0,0,0,0,1,0,0,0,0,0,0,0,0,0,0,0,0,0,0,0,1,0,0,0,1,0,0,0,3,0,0,0,0,0,0,0,0,0,0,0,0,0,0,0,0,0,0,3,0,0,0,0
packages/common/interfaces/middleware/middleware-configuration.interface.ts,source,packages/common,12,2,7,0,0,0,0,0,0,0,0,0,0,1,0,0,0,0,0,0,0,0,0,0,0,0,0,0,0,0,1,0,0,0,2,0,0,0,3,0,0,0,0,0,0,0,0,0,0,0,0,0,0,0,0,0,0,0,0,0,0,0
packages/common/interfaces/middleware/middleware-consumer.interface.ts,source,packages/common,18,1,7,0,0,0,0,0,0,0,0,0,0,0,1,0,0,0,0,0,0,0,0,0,0,0,0,0,0,0,1,0,0,0,1,0,0,0,2,0,0,0,0,0,0,0,0,0,0,0,0,0,0,0,0,0,0,2,0,0,0,0
packages/common/interfaces/middleware/nest-middleware.interface.ts,source,packages/common,8,1,7,0,0,0,0,0,0,0,0,0,0,0,1,0,0,0,0,0,0,0,0,0,0,0,0,0,0,0,1,0,0,0,4,0,0,0,0,0,0,0,0,0,0,0,0,0,0,0,0,0,0,0,0,0,0,1,0,0,0,0
packages/common/interfaces/modules/dynamic-module.interface.ts,source,packages/common,25,1,8,0,0,0,0,0,0,0,0,0,0,0,1,0,0,0,0,0,0,0,0,0,0,0,0,0,0,0,1,0,0,0,1,0,0,0,2,0,0,0,0,0,0,0,0,0,0,0,0,0,0,0,0,0,0,3,0,0,0,0
packages/common/interfaces/modules/forward-reference.interface.ts,source,packages/common,3,1,3,0,0,0,0,0,0,0,0,0,0,0,1,0,0,0,0,0,0,0,0,0,0,0,0,0,0,0,1,0,0,0,1,0,0,0,0,0,0,0,0,0,0,0,0,0,0,0,0,0,0,0,0,0,0,0,0,0,0,0
packages/common/interfaces/modules/index.ts,source,packages/common,8,8,1,0,0,0,0,0,0,0,0,0,0,1,0,0,0,0,0,0,0,0,0,0,0,0,0,0,0,0,0,0,0,0,0,0,0,0,0,0,0,0,0,0,0,0,0,0,0,0,0,0,0,0,0,0,0,0,0,0,0,0
packages/common/interfaces/modules/injection-token.interface.ts,source,packages/common,11,1,6,0,0,0,0,0,0,0,0,0,0,0,1,0,0,0,0,0,0,0,0,0,0,0,0,0,0,0,1,0,0,0,1,0,0,0,2,0,0,0,0,0,0,0,0,0,0,0,0,0,0,0,0,0,0,1,0,0,0,0
packages/common/interfaces/modules/introspection-result.interface.ts,source,packages/common,10,1,5,0,0,0,0,0,0,0,0,0,0,0,1,0,0,0,0,0,0,0,0,0,0,0,0,0,0,0,1,0,0,0,0,0,0,0,1,0,0,0,0,0,0,0,0,0,0,0,0,0,0,0,0,0,0,2,0,0,0,0
packages/common/interfaces/modules/module-metadata.interface.ts,source,packages/common,44,1,15,0,0,0,0,0,0,0,0,0,0,0,1,0,0,0,0,0,0,0,0,0,0,0,0,0,0,0,1,0,0,0,3,0,0,0,5,0,0,0,0,0,0,0,0,0,0,0,0,0,0,0,0,0,0,5,0,0,0,0
packages/common/interfaces/modules/nest-module.interface.ts,source,packages/common,7,1,4,0,0,0,0,0,0,0,0,0,0,0,1,0,0,0,0,0,0,0,0,0,0,0,0,0,0,0,1,0,0,0,0,0,0,0,1,0,0,0,0,0,0,0,0,0,0,0,0,0,0,0,0,0,0,1,0,0,0,0
packages/common/interfaces/modules/optional-factory-dependency.interface.ts,source,packages/common,8,1,5,0,0,0,0,0,0,0,0,0,0,0,1,0,0,0,0,0,0,0,0,0,0,0,0,0,0,0,1,0,1,0,0,0,0,0,1,0,0,0,0,0,0,0,0,0,0,0,0,0,0,0,0,0,0,1,0,0,0,0
packages/common/interfaces/modules/provider.interface.ts,source,packages/common,161,5,34,0,0,0,0,0,0,0,0,0,0,1,0,0,0,0,0,0,0,0,0,0,0,0,0,0,0,0,1,0,0,0,8,0,0,0,4,0,0,0,0,0,0,0,0,0,0,0,0,0,0,0,0,0,0,20,0,0,0,0
packages/common/interfaces/nest-application-context-options.interface.ts,source,packages/common,68,1,17,0,0,0,0,0,0,0,0,0,0,0,1,0,1,0,0,0,0,1,0,0,0,0,0,0,0,0,1,0,0,0,0,0,0,0,2,0,0,0,0,0,0,0,0,0,0,0,0,0,0,0,0,0,0,11,0,0,0,0
packages/common/interfaces/nest-application-context.interface.ts,source,packages/common,154,3,38,0,0,0,0,0,0,0,0,0,0,1,0,0,0,0,0,0,0,0,0,0,0,0,0,0,0,0,1,0,0,0,10,0,0,0,7,0,0,0,0,0,0,0,0,0,0,0,0,0,0,0,0,0,0,19,0,0,0,0
packages/common/interfaces/nest-application-options.interface.ts,source,packages/common,63,1,20,0,0,0,0,0,0,0,0,0,0,0,1,0,0,0,0,0,0,0,0,0,0,0,0,0,0,0,1,0,0,0,1,0,0,0,7,0,0,0,0,0,0,0,0,0,0,0,0,0,0,0,0,0,0,10,0,0,0,0
packages/common/interfaces/nest-application.interface.ts,source,packages/common,192,1,42,0,0,0,0,0,0,0,0,0,0,0,1,0,0,0,0,0,0,0,0,0,0,0,0,0,0,0,1,0,0,0,7,0,0,0,13,0,0,0,0,0,0,0,0,0,0,0,0,0,0,0,0,0,0,20,0,0,0,0
packages/common/interfaces/nest-microservice.interface.ts,source,packages/common,98,1,27,0,0,0,0,0,0,0,0,0,0,0,1,0,0,0,0,0,0,0,0,0,0,0,0,0,0,0,1,0,0,0,2,0,0,0,9,0,0,0,0,0,0,0,0,0,0,0,0,0,0,0,1,0,0,13,0,0,0,0
packages/common/interfaces/router-options.interface.ts,source,packages/common,28,3,10,0,0,0,0,0,0,0,0,0,0,1,0,0,0,0,0,0,0,0,0,0,0,0,0,0,0,0,6,0,0,0,0,0,0,0,0,0,0,0,0,0,0,0,0,0,0,0,0,0,0,0,0,0,0,3,0,0,0,0
packages/common/interfaces/scope-options.interface.ts,source,packages/common,37,2,10,0,0,0,0,0,0,0,0,0,0,1,0,0,0,0,0,0,0,0,0,0,0,0,0,0,0,0,1,0,0,1,0,0,0,0,0,0,0,0,0,0,0,0,0,0,0,0,0,0,0,0,0,0,0,7,0,0,0,0
packages/common/interfaces/shutdown-hooks-options.interface.ts,source,packages/common,21,1,4,0,0,0,0,0,0,0,0,0,0,0,1,0,0,0,0,0,0,0,0,0,0,0,0,0,0,0,1,0,0,0,0,0,0,0,0,0,0,0,0,0,0,0,0,0,0,0,0,0,0,0,0,0,0,2,0,0,0,0
packages/common/interfaces/type.interface.ts,source,packages/common,3,1,4,0,0,0,0,0,0,0,0,0,0,0,1,0,0,0,0,0,0,0,0,0,0,0,0,0,0,0,1,0,0,0,2,0,0,0,0,0,0,0,0,0,0,0,0,0,0,0,0,0,0,0,0,0,0,0,0,0,0,0
packages/common/interfaces/version-options.interface.ts,source,packages/common,100,8,18,0,0,0,0,0,0,0,0,0,0,1,0,0,0,0,0,0,0,0,0,0,0,0,0,0,0,0,1,0,0,0,0,0,0,0,1,0,0,0,0,0,0,0,0,0,0,0,0,0,0,0,0,0,0,15,0,0,0,0
packages/common/interfaces/websockets/web-socket-adapter.interface.ts,source,packages/common,27,2,17,0,0,0,0,0,0,0,0,0,0,1,0,0,0,0,0,0,0,0,0,0,0,0,0,0,0,0,1,0,0,0,12,0,0,0,1,0,0,0,0,0,0,0,0,0,0,0,0,0,0,0,0,0,0,2,0,0,0,0
packages/common/internal.ts,source,packages/common,53,32,7,0,0,0,0,0,0,0,0,0,0,1,0,0,0,0,0,0,0,0,0,0,0,0,0,0,0,0,0,0,0,0,0,0,0,0,0,0,0,0,0,0,0,0,0,0,0,0,0,0,0,0,0,0,0,6,0,0,0,0
packages/common/module-utils/configurable-module.builder.ts,source,packages/common,354,2,143,17,8,0,1,0,0,1,0,0,2,1,0,0,1,1,0,0,0,2,31,0,16,0,0,0,0,3,1,0,0,0,5,7,0,16,6,5,3,0,0,0,2,3,0,0,0,2,0,0,0,0,0,0,0,9,0,0,0,0
packages/common/module-utils/constants.ts,source,packages/common,16,5,5,0,0,0,0,0,0,0,0,0,0,1,0,0,0,0,0,0,0,0,0,0,0,0,0,0,0,0,0,0,0,0,0,0,0,1,0,0,0,0,0,0,0,0,0,0,0,0,0,0,0,0,0,0,2,1,0,0,0,0
packages/common/module-utils/index.ts,source,packages/common,2,2,1,0,0,0,0,0,0,0,0,0,0,1,0,0,0,0,0,0,0,0,0,0,0,0,0,0,0,0,0,0,0,0,0,0,0,0,0,0,0,0,0,0,0,0,0,0,0,0,0,0,0,0,0,0,0,0,0,0,0,0
packages/common/module-utils/interfaces/configurable-module-async-options.interface.ts,source,packages/common,61,2,9,0,0,0,0,0,0,0,0,0,0,1,0,0,0,0,0,0,0,0,0,0,0,0,0,0,0,0,1,0,0,0,1,0,0,0,5,0,0,0,0,0,0,0,0,0,0,0,0,0,0,0,0,0,0,1,0,0,0,0
packages/common/module-utils/interfaces/configurable-module-cls.interface.ts,source,packages/common,38,1,8,0,0,0,0,0,0,0,0,0,0,0,1,0,0,0,0,0,0,0,0,0,0,0,0,0,0,0,1,0,0,0,1,0,0,0,4,0,0,0,0,0,0,0,0,0,0,0,0,0,0,0,0,0,0,1,0,0,0,0
packages/common/module-utils/interfaces/configurable-module-host.interface.ts,source,packages/common,77,1,9,0,0,0,0,0,0,0,0,0,0,0,1,0,0,0,0,0,0,0,0,0,0,0,0,0,0,0,1,0,0,0,0,0,0,0,2,0,0,0,0,0,0,0,0,0,0,0,0,0,0,0,0,0,0,5,0,0,0,0
packages/common/module-utils/interfaces/index.ts,source,packages/common,3,3,1,0,0,0,0,0,0,0,0,0,0,1,0,0,0,0,0,0,0,0,0,0,0,0,0,0,0,0,0,0,0,0,0,0,0,0,0,0,0,0,0,0,0,0,0,0,0,0,0,0,0,0,0,0,0,0,0,0,0,0
packages/common/module-utils/utils/generate-options-injection-token.util.ts,source,packages/common,5,1,6,1,0,0,0,0,0,0,0,0,0,0,1,0,1,0,0,0,1,0,0,0,0,0,0,0,0,1,1,0,0,0,0,0,0,0,0,0,0,0,0,0,0,0,0,0,0,0,0,0,0,0,0,0,0,0,0,0,0,0
packages/common/module-utils/utils/get-injection-providers.util.ts,source,packages/common,49,1,47,2,0,0,1,1,0,0,1,1,0,0,1,0,1,0,0,0,2,0,0,0,1,0,0,0,0,0,1,4,0,0,4,2,0,7,4,9,0,0,0,0,0,0,0,0,0,0,0,0,0,0,1,0,0,4,0,0,0,0
packages/common/module-utils/utils/index.ts,source,packages/common,2,2,1,0,0,0,0,0,0,0,0,0,0,1,0,0,0,0,0,0,0,0,0,0,0,0,0,0,0,0,0,0,0,0,0,0,0,0,0,0,0,0,0,0,0,0,0,0,0,0,0,0,0,0,0,0,0,0,0,0,0,0
packages/common/pipes/default-value.pipe.ts,source,packages/common,29,1,12,2,1,0,0,0,0,0,0,0,0,0,1,0,1,0,0,0,0,1,1,0,0,0,0,0,0,0,1,0,0,0,2,0,0,1,0,0,0,0,0,0,0,0,0,0,0,0,0,0,0,0,0,0,0,1,0,0,0,0
packages/common/pipes/file/file-type.validator.ts,source,packages/common,180,2,69,3,15,0,3,0,1,0,0,0,1,1,0,0,1,1,0,0,0,1,19,0,1,0,1,0,0,2,1,0,1,0,0,0,0,0,2,3,0,0,3,0,0,0,0,0,1,0,0,0,0,0,0,0,1,7,0,0,0,0
packages/common/pipes/file/file-validator-context.interface.ts,source,packages/common,5,1,4,0,0,0,0,0,0,0,0,0,0,0,1,0,0,0,0,0,0,0,0,0,0,0,0,0,0,0,1,0,1,0,0,0,0,0,1,0,0,0,0,0,0,0,0,0,0,0,0,0,0,0,0,0,0,0,0,0,0,0
packages/common/pipes/file/file-validator.interface.ts,source,packages/common,25,1,11,1,0,0,0,0,0,0,0,0,0,0,1,0,1,0,0,0,0,1,0,0,0,0,0,0,0,0,1,0,0,0,2,0,0,0,1,0,0,0,0,0,0,0,0,0,0,0,0,0,0,0,0,0,0,3,0,0,0,0
packages/common/pipes/file/index.ts,source,packages/common,6,6,1,0,0,0,0,0,0,0,0,0,0,1,0,0,0,0,0,0,0,0,0,0,0,0,0,0,0,0,0,0,0,0,0,0,0,0,0,0,0,0,0,0,0,0,0,0,0,0,0,0,0,0,0,0,0,0,0,0,0,0
packages/common/pipes/file/interfaces/file.interface.ts,source,packages/common,5,1,2,0,0,0,0,0,0,0,0,0,0,0,1,0,0,0,0,0,0,0,0,0,0,0,0,0,0,0,1,0,0,0,0,0,0,0,0,0,0,0,0,0,0,0,0,0,0,0,0,0,0,0,0,0,0,0,0,0,0,0
packages/common/pipes/file/interfaces/index.ts,source,packages/common,1,1,0,0,0,0,0,0,0,0,0,0,0,0,0,0,0,0,0,0,0,0,0,0,0,0,0,0,0,0,0,0,0,0,0,0,0,0,0,0,0,0,0,0,0,0,0,0,0,0,0,0,0,0,0,0,0,0,0,0,0,0
packages/common/pipes/file/max-file-size.validator.ts,source,packages/common,69,2,29,2,4,0,2,0,0,0,0,0,0,1,0,0,1,1,0,0,0,1,6,0,0,0,0,0,0,0,1,0,1,0,0,0,0,0,2,0,0,0,2,0,0,0,0,0,1,0,0,0,0,0,0,0,0,4,0,0,0,0
packages/common/pipes/file/parse-file-options.interface.ts,source,packages/common,15,1,7,0,0,0,0,0,0,0,0,0,0,0,1,0,0,0,0,0,0,0,0,0,0,0,0,0,0,0,1,0,0,0,1,0,0,0,2,0,0,0,0,0,0,0,0,0,0,0,0,0,0,0,0,0,0,2,0,0,0,0
packages/common/pipes/file/parse-file-pipe.builder.ts,source,packages/common,37,1,21,4,0,0,0,0,0,0,0,0,0,0,1,0,1,0,0,0,0,1,6,0,2,0,0,0,0,0,1,0,0,0,0,0,0,0,4,0,0,0,0,0,0,0,0,0,0,0,0,0,0,0,0,0,0,1,0,0,0,0
packages/common/pipes/file/parse-file.pipe.ts,source,packages/common,76,1,48,7,4,0,0,1,0,2,0,0,0,0,1,0,1,0,0,0,0,1,14,0,3,0,0,0,0,0,1,1,0,0,4,0,0,1,0,2,1,0,1,0,0,0,0,0,0,0,1,0,0,0,0,0,0,2,0,0,0,0
packages/common/pipes/index.ts,source,packages/common,11,11,1,0,0,0,0,0,0,0,0,0,0,1,0,0,0,0,0,0,0,0,0,0,0,0,0,0,0,0,0,0,0,0,0,0,0,0,0,0,0,0,0,0,0,0,0,0,0,0,0,0,0,0,0,0,0,0,0,0,0,0
packages/common/pipes/parse-array.pipe.ts,source,packages/common,194,3,126,6,20,0,2,1,3,6,3,8,0,1,0,0,1,1,0,0,0,1,23,0,3,0,0,0,0,0,1,1,0,0,8,0,0,4,0,6,0,0,5,0,0,4,0,0,0,0,1,0,0,0,1,0,1,15,0,0,0,0
packages/common/pipes/parse-bool.pipe.ts,source,packages/common,92,2,30,4,3,0,0,0,0,1,0,1,0,1,0,0,1,1,0,0,0,1,5,0,1,0,0,0,0,0,1,0,0,0,2,0,0,0,0,0,0,0,0,0,0,0,0,0,0,0,0,0,0,0,0,0,0,8,0,0,0,0
packages/common/pipes/parse-date.pipe.ts,source,packages/common,80,2,35,2,5,0,1,0,0,2,0,0,0,1,0,0,1,1,0,0,0,1,6,0,1,0,1,0,0,2,1,0,0,0,2,0,0,0,0,0,0,0,0,0,0,0,0,0,0,0,0,0,0,0,0,0,0,8,0,0,0,0
packages/common/pipes/parse-enum.pipe.ts,source,packages/common,113,2,65,6,3,0,0,0,0,2,0,1,0,1,0,0,1,1,0,0,0,1,14,0,2,0,0,0,1,0,1,0,0,0,7,0,0,6,0,3,1,0,4,0,0,0,0,0,0,0,0,0,0,0,0,0,0,10,0,0,0,0
packages/common/pipes/parse-float.pipe.ts,source,packages/common,90,2,38,3,5,0,0,0,0,1,0,1,0,1,0,0,1,1,0,0,0,1,4,0,1,0,0,0,0,0,1,0,0,0,2,0,0,0,0,0,0,0,2,0,0,7,0,0,0,0,0,0,0,0,0,0,0,7,0,0,0,0
packages/common/pipes/parse-int.pipe.ts,source,packages/common,84,2,30,3,2,0,0,0,0,1,0,1,0,1,0,0,1,1,1,0,0,1,4,0,1,0,0,0,0,0,1,0,0,0,3,0,0,1,0,1,0,0,0,0,0,0,0,0,0,0,0,0,0,0,0,0,0,7,0,0,0,0
packages/common/pipes/parse-uuid.pipe.ts,source,packages/common,117,3,46,3,3,0,1,0,0,2,0,1,0,1,0,0,1,1,7,0,0,1,10,0,2,0,0,0,0,0,2,0,0,0,2,0,0,1,0,0,0,0,0,0,0,0,0,0,0,0,0,0,0,0,0,0,0,8,0,0,0,0
packages/common/pipes/standard-schema-validation.pipe.ts,source,packages/common,159,2,54,8,4,0,2,0,0,1,0,0,1,1,0,0,1,1,0,0,0,1,12,0,4,0,0,0,0,0,1,0,0,0,4,0,0,1,0,4,0,0,0,0,0,0,0,0,0,0,0,0,0,0,0,0,0,8,0,0,0,0
packages/common/pipes/validation.pipe.ts,source,packages/common,345,3,202,16,24,0,6,3,0,1,3,10,3,1,0,0,1,1,0,0,0,1,40,0,14,0,0,0,1,0,3,1,0,0,12,1,0,10,0,9,3,0,1,0,1,0,0,2,1,0,0,0,1,0,0,0,1,31,0,0,0,0
packages/common/serializer/class-serializer.constants.ts,source,packages/common,1,1,2,0,0,0,0,0,0,0,0,0,0,0,1,0,0,0,0,0,0,0,0,0,0,0,0,0,0,0,1,0,0,0,0,0,0,0,0,0,0,0,0,0,0,0,0,0,0,0,0,0,0,0,0,0,0,0,0,0,0,0
packages/common/serializer/class-serializer.interceptor.ts,source,packages/common,108,3,44,5,4,0,1,0,0,0,1,2,1,1,0,0,1,1,0,0,0,1,6,0,0,0,2,0,0,0,1,0,0,0,6,0,0,2,0,1,0,0,1,0,1,0,0,0,0,0,0,0,0,0,0,0,0,6,0,0,0,0
packages/common/serializer/class-serializer.interfaces.ts,source,packages/common,8,1,6,0,0,0,0,0,0,0,0,0,0,0,1,0,0,0,0,0,0,0,0,0,0,0,0,0,0,0,1,0,0,0,1,0,0,0,2,0,0,0,0,0,0,0,0,0,0,0,0,0,0,0,0,0,0,1,0,0,0,0
packages/common/serializer/decorators/index.ts,source,packages/common,1,1,0,0,0,0,0,0,0,0,0,0,0,0,0,0,0,0,0,0,0,0,0,0,0,0,0,0,0,0,0,0,0,0,0,0,0,0,0,0,0,0,0,0,0,0,0,0,0,0,0,0,0,0,0,0,0,0,0,0,0,0
packages/common/serializer/decorators/serialize-options.decorator.ts,source,packages/common,12,1,8,0,0,0,0,0,0,0,0,0,0,0,1,0,1,0,0,0,0,0,0,0,0,1,0,0,0,0,2,0,0,0,0,0,0,0,2,0,0,0,0,0,0,0,0,0,0,0,0,0,0,0,0,0,0,1,0,0,0,0
packages/common/serializer/index.ts,source,packages/common,5,5,1,0,0,0,0,0,0,0,0,0,0,1,0,0,0,0,0,0,0,0,0,0,0,0,0,0,0,0,0,0,0,0,0,0,0,0,0,0,0,0,0,0,0,0,0,0,0,0,0,0,0,0,0,0,0,0,0,0,0,0
packages/common/serializer/standard-schema-serializer.interceptor.ts,source,packages/common,120,2,41,4,3,0,1,0,0,1,0,0,1,1,0,0,1,1,0,0,0,1,7,0,0,0,1,0,0,0,1,1,0,0,4,0,0,1,0,3,0,0,1,0,0,0,0,0,0,0,0,0,0,0,0,0,0,8,0,0,0,0
packages/common/serializer/standard-schema-serializer.interfaces.ts,source,packages/common,18,1,5,0,0,0,0,0,0,0,0,0,0,0,1,0,0,0,0,0,0,0,0,0,0,0,0,0,0,0,1,0,0,0,0,0,0,0,0,0,0,0,0,0,0,0,0,0,0,0,0,0,0,0,0,0,0,3,0,0,0,0
packages/common/services/console-logger.service.ts,source,packages/common,865,2,458,39,59,1,17,4,1,0,6,15,10,1,0,0,1,1,2,0,1,1,111,0,28,0,5,0,6,10,1,1,1,0,41,5,0,6,0,24,3,0,9,0,1,5,0,0,0,2,0,0,0,0,0,0,1,39,0,0,0,0
packages/common/services/index.ts,source,packages/common,3,3,1,0,0,0,0,0,0,0,0,0,0,1,0,0,0,0,0,0,0,0,0,0,0,0,0,0,0,0,0,0,0,0,0,0,0,0,0,0,0,0,0,0,0,0,0,0,0,0,0,0,0,0,0,0,0,0,0,0,0,0
packages/common/services/log-levels.constant.ts,source,packages/common,12,2,4,0,0,0,0,0,0,0,0,0,0,1,0,0,0,0,0,0,0,0,0,0,0,0,0,0,0,0,1,0,0,0,0,0,0,1,0,0,0,0,0,0,0,0,0,0,0,0,0,0,0,0,0,0,0,1,0,0,0,0
packages/common/services/logger.service.ts,source,packages/common,321,4,247,23,11,0,8,0,0,1,0,6,1,1,0,0,1,1,0,0,1,1,47,0,12,0,3,0,0,1,1,0,0,0,82,2,0,2,0,7,0,0,1,0,0,0,0,0,0,1,0,0,0,0,0,0,0,33,0,0,0,0
packages/common/services/utils/filter-log-levels.util.ts,source,packages/common,21,1,22,1,3,0,3,0,0,1,0,0,0,0,1,0,1,0,1,0,1,0,0,0,0,0,0,0,0,0,1,0,0,0,0,0,0,1,1,4,0,0,0,0,0,2,0,0,0,0,0,0,0,0,0,0,0,1,0,0,0,0
packages/common/services/utils/get-env-log-levels.util.ts,source,packages/common,26,2,17,1,1,0,2,0,0,0,0,0,1,1,0,0,1,0,0,0,1,0,0,0,0,0,0,0,0,1,1,0,0,0,0,0,0,0,1,1,0,0,0,0,0,3,0,0,0,0,0,0,0,0,0,0,0,2,0,0,0,0
packages/common/services/utils/index.ts,source,packages/common,3,3,1,0,0,0,0,0,0,0,0,0,0,1,0,0,0,0,0,0,0,0,0,0,0,0,0,0,0,0,0,0,0,0,0,0,0,0,0,0,0,0,0,0,0,0,0,0,0,0,0,0,0,0,0,0,0,0,0,0,0,0
packages/common/services/utils/is-log-level-enabled.util.ts,source,packages/common,32,1,21,1,3,0,0,1,0,0,1,1,0,0,1,0,1,0,4,0,1,0,0,0,0,0,0,0,0,0,1,1,0,0,0,0,0,0,1,2,0,0,1,0,0,0,0,0,0,0,0,0,0,0,0,0,0,1,0,0,0,0
packages/common/services/utils/is-log-level.util.ts,source,packages/common,7,1,9,1,0,0,0,0,0,0,0,0,0,0,1,0,1,0,0,0,1,0,0,0,0,0,0,0,0,0,1,0,0,0,1,0,0,0,1,1,0,0,0,0,0,0,0,0,0,0,0,0,0,0,0,0,0,1,0,0,0,0
packages/common/services/utils/redact.util.ts,source,packages/common,230,3,141,11,23,0,3,9,1,0,7,12,4,1,0,0,1,1,0,0,2,0,0,0,13,0,10,0,2,0,1,2,0,0,0,0,0,1,0,14,1,0,4,0,0,4,1,0,0,0,0,0,0,0,0,0,0,13,0,0,0,0
packages/common/test/decorators/apply-decorators.spec.ts,spec,packages/common,100,0,28,10,0,0,0,0,0,0,0,0,0,0,0,0,0,0,0,0,3,4,0,1,0,0,0,0,0,0,1,0,0,0,3,0,0,0,0,0,0,0,0,0,0,0,0,0,0,0,0,0,0,0,0,0,0,0,1,0,1,4
packages/common/test/decorators/bind.decorator.spec.ts,spec,packages/common,23,0,5,1,0,0,0,0,0,0,0,0,0,0,0,0,0,0,0,0,0,1,0,0,0,0,0,0,0,0,1,0,0,0,0,0,0,0,0,0,0,0,0,0,0,0,0,0,0,0,0,0,0,0,0,0,0,0,1,0,0,1
packages/common/test/decorators/catch.decorator.spec.ts,spec,packages/common,15,0,6,0,0,0,0,0,0,0,0,0,0,0,0,0,0,0,0,0,0,1,0,0,0,0,0,0,0,0,1,0,0,0,1,0,0,0,0,0,0,0,0,0,0,0,0,0,0,0,0,0,0,0,0,0,0,0,1,0,0,2
packages/common/test/decorators/controller.decorator.spec.ts,spec,packages/common,92,0,14,0,0,0,0,0,0,0,0,0,0,0,0,0,0,0,0,0,0,8,0,0,0,0,0,0,0,0,1,0,0,0,0,0,0,0,0,0,0,0,0,0,0,0,0,0,0,0,0,0,0,0,0,0,0,0,1,0,0,4
packages/common/test/decorators/create-param-decorator.spec.ts,spec,packages/common,316,0,63,14,0,0,0,0,0,0,1,1,0,0,0,0,0,0,0,0,0,13,0,0,0,0,0,0,0,0,0,1,0,0,0,0,0,0,0,0,13,0,0,0,0,0,0,0,0,0,0,0,0,0,0,0,0,0,1,3,1,15
packages/common/test/decorators/dependencies.decorator.spec.ts,spec,packages/common,34,0,11,0,0,0,0,0,0,0,0,0,0,0,0,0,0,0,0,0,0,3,0,0,0,0,0,0,0,0,1,0,0,0,0,0,0,0,0,0,0,0,0,0,0,0,0,0,0,0,0,0,0,0,1,0,0,0,1,0,1,4
packages/common/test/decorators/exception-filters.decorator.spec.ts,spec,packages/common,33,0,20,3,0,0,0,0,1,0,0,0,0,0,0,0,0,0,0,0,0,3,0,0,0,0,0,0,0,0,1,1,0,0,3,0,0,3,0,0,0,0,0,0,0,0,0,0,0,0,0,1,0,0,0,0,0,0,1,0,0,3
packages/common/test/decorators/global.decorator.spec.ts,spec,packages/common,10,0,4,0,0,0,0,0,0,0,0,0,0,0,0,0,0,0,0,0,0,1,0,0,0,0,0,0,0,0,1,0,0,0,0,0,0,0,0,0,0,0,0,0,0,0,0,0,0,0,0,0,0,0,0,0,0,0,1,0,0,1
packages/common/test/decorators/header.decorator.spec.ts,spec,packages/common,16,0,6,1,0,0,0,0,0,0,0,0,0,0,0,0,0,0,0,0,0,1,0,0,0,0,0,0,0,0,1,0,0,0,0,0,0,0,0,0,0,0,0,0,0,0,0,0,0,0,0,0,0,0,1,0,0,0,1,0,0,1
packages/common/test/decorators/http-code.decorator.spec.ts,spec,packages/common,13,0,6,1,0,0,0,0,0,0,0,0,0,0,0,0,0,0,0,0,0,1,0,0,0,0,0,0,0,0,1,0,0,0,0,0,0,0,0,0,0,0,0,0,0,0,0,0,0,0,0,0,0,0,1,0,0,0,1,0,0,1
packages/common/test/decorators/inject.decorator.spec.ts,spec,packages/common,59,0,14,3,0,0,0,0,0,0,0,0,0,0,0,0,0,0,0,0,0,6,0,0,0,0,0,0,0,0,1,0,0,0,0,0,0,0,0,0,0,0,0,0,0,0,0,0,0,0,0,0,0,0,0,0,0,0,1,0,1,2
packages/common/test/decorators/injectable.decorator.spec.ts,spec,packages/common,50,0,12,2,0,0,0,0,0,0,0,0,0,0,0,0,0,0,0,0,0,2,0,0,0,0,0,0,0,0,1,0,0,0,0,0,0,0,0,0,0,0,0,0,0,0,0,0,0,0,0,0,0,0,0,0,0,0,1,0,1,5
packages/common/test/decorators/module.decorator.spec.ts,spec,packages/common,41,0,8,0,0,0,0,0,0,0,0,0,0,0,0,0,0,0,0,0,0,2,0,0,0,0,0,0,0,0,1,0,0,0,1,0,0,1,0,0,0,0,0,0,0,0,0,0,0,0,0,0,0,0,0,0,0,0,1,0,0,2
packages/common/test/decorators/optional.decorator.spec.ts,spec,packages/common,35,0,11,1,0,0,0,0,0,0,0,0,0,0,0,0,0,0,0,0,0,3,0,0,0,0,0,0,0,0,1,0,0,0,0,0,0,0,0,0,0,0,0,0,0,0,0,0,0,0,0,0,0,2,0,0,0,0,1,0,0,3
packages/common/test/decorators/redirect.decorator.spec.ts,spec,packages/common,19,0,6,1,0,0,0,0,0,0,0,0,0,0,0,0,0,0,0,0,0,1,0,0,0,0,0,0,0,0,1,0,0,0,0,0,0,0,0,0,0,0,0,0,0,0,0,0,0,0,0,0,0,0,0,0,0,0,1,0,0,2
packages/common/test/decorators/render.decorator.spec.ts,spec,packages/common,13,0,6,1,0,0,0,0,0,0,0,0,0,0,0,0,0,0,0,0,0,1,0,0,0,0,0,0,0,0,1,0,0,0,0,0,0,0,0,0,0,0,0,0,0,0,0,0,0,0,0,0,0,0,1,0,0,0,1,0,0,1
packages/common/test/decorators/request-mapping.decorator.spec.ts,spec,packages/common,48,0,13,5,0,0,0,0,0,0,0,0,0,0,0,0,0,0,0,0,0,3,0,0,0,0,0,0,0,0,1,0,0,0,0,0,0,0,0,0,0,0,0,0,0,0,0,0,0,0,0,0,0,0,0,0,0,0,1,0,0,3
packages/common/test/decorators/route-params.decorator.spec.ts,spec,packages/common,1153,0,215,88,0,0,0,0,0,0,0,0,0,0,0,0,0,0,0,0,0,58,0,0,0,0,0,0,0,0,1,4,0,0,0,0,0,4,0,0,12,0,0,0,0,0,0,0,0,0,0,0,0,0,0,0,0,0,1,0,1,46
packages/common/test/decorators/set-metadata.decorator.spec.ts,spec,packages/common,19,0,7,1,0,0,0,0,0,0,0,0,0,0,0,0,0,0,0,0,0,2,0,0,0,0,0,0,0,0,1,0,0,0,0,0,0,0,0,0,0,0,0,0,0,0,0,0,0,0,0,0,0,0,0,0,0,0,1,0,0,2
packages/common/test/decorators/sse-signal.decorator.spec.ts,spec,packages/common,27,0,8,1,0,0,0,0,0,0,0,0,0,0,0,0,0,0,0,0,0,1,0,0,0,0,0,0,0,0,1,0,0,0,1,0,0,1,0,0,1,0,0,0,0,0,0,0,0,0,0,0,0,0,0,0,0,0,1,0,0,1
packages/common/test/decorators/sse.decorator.spec.ts,spec,packages/common,47,0,11,4,0,0,0,0,0,0,0,0,0,0,0,0,0,0,0,0,0,2,0,0,0,0,0,0,0,0,1,0,0,0,0,0,0,0,0,0,0,0,0,0,0,0,0,0,0,0,0,0,0,0,0,0,0,0,1,0,0,3
packages/common/test/decorators/use-guards.decorator.spec.ts,spec,packages/common,52,0,28,3,0,0,0,0,2,0,2,2,0,0,0,0,0,0,0,0,1,4,0,0,0,0,0,0,0,0,1,2,0,0,3,0,0,3,0,1,0,0,0,0,0,0,0,0,0,0,0,0,0,0,0,0,0,0,1,0,0,3
packages/common/test/decorators/use-interceptors.decorator.spec.ts,spec,packages/common,46,0,27,2,0,0,0,0,2,0,2,2,0,0,0,0,0,0,0,0,1,3,0,0,0,0,0,0,0,0,1,2,0,0,3,1,0,3,0,0,0,0,0,0,0,0,0,0,0,0,0,0,0,0,0,0,0,0,1,0,0,4
packages/common/test/decorators/use-pipes.decorator.spec.ts,spec,packages/common,35,0,23,4,0,0,0,0,2,0,0,0,0,0,0,0,0,0,0,0,0,3,0,0,0,0,0,0,0,0,1,2,0,0,2,0,0,2,0,0,0,0,0,0,0,0,0,0,0,0,0,2,0,0,0,0,0,1,1,0,0,3
packages/common/test/decorators/version.decorator.spec.ts,spec,packages/common,24,0,7,2,0,0,0,0,0,0,0,0,0,0,0,0,0,0,0,0,0,1,0,0,0,0,0,0,0,0,1,0,0,0,0,0,0,0,0,0,0,0,0,0,0,0,0,0,0,0,0,0,0,0,0,0,0,0,1,0,0,2
packages/common/test/exceptions/bad-gateway.exception.spec.ts,spec,packages/common,36,0,8,0,0,0,0,0,0,0,0,0,0,0,0,0,0,0,0,0,0,0,0,0,0,0,0,0,0,0,1,0,0,0,0,0,0,0,0,0,0,0,0,0,0,0,0,0,0,0,0,0,0,0,0,0,0,0,1,0,0,6
packages/common/test/exceptions/bad-request.exception.spec.ts,spec,packages/common,36,0,8,0,0,0,0,0,0,0,0,0,0,0,0,0,0,0,0,0,0,0,0,0,0,0,0,0,0,0,1,0,0,0,0,0,0,0,0,0,0,0,0,0,0,0,0,0,0,0,0,0,0,0,0,0,0,0,1,0,0,6
packages/common/test/exceptions/conflict.exception.spec.ts,spec,packages/common,36,0,8,0,0,0,0,0,0,0,0,0,0,0,0,0,0,0,0,0,0,0,0,0,0,0,0,0,0,0,1,0,0,0,0,0,0,0,0,0,0,0,0,0,0,0,0,0,0,0,0,0,0,0,0,0,0,0,1,0,0,6
packages/common/test/exceptions/forbidden.exception.spec.ts,spec,packages/common,36,0,8,0,0,0,0,0,0,0,0,0,0,0,0,0,0,0,0,0,0,0,0,0,0,0,0,0,0,0,1,0,0,0,0,0,0,0,0,0,0,0,0,0,0,0,0,0,0,0,0,0,0,0,0,0,0,0,1,0,0,6
packages/common/test/exceptions/gateway-timeout.exception.spec.ts,spec,packages/common,39,0,8,0,0,0,0,0,0,0,0,0,0,0,0,0,0,0,0,0,0,0,0,0,0,0,0,0,0,0,1,0,0,0,0,0,0,0,0,0,0,0,0,0,0,0,0,0,0,0,0,0,0,0,0,0,0,0,1,0,0,6
packages/common/test/exceptions/gone.exception.spec.ts,spec,packages/common,36,0,8,0,0,0,0,0,0,0,0,0,0,0,0,0,0,0,0,0,0,0,0,0,0,0,0,0,0,0,1,0,0,0,0,0,0,0,0,0,0,0,0,0,0,0,0,0,0,0,0,0,0,0,0,0,0,0,1,0,0,6
packages/common/test/exceptions/http-version-not-supported.exception.spec.ts,spec,packages/common,39,0,8,0,0,0,0,0,0,0,0,0,0,0,0,0,0,0,0,0,0,0,0,0,0,0,0,0,0,0,1,0,0,0,0,0,0,0,0,0,0,0,0,0,0,0,0,0,0,0,0,0,0,0,0,0,0,0,1,0,0,6
packages/common/test/exceptions/http.exception.spec.ts,spec,packages/common,477,0,49,5,0,0,0,0,0,0,0,0,3,0,0,0,0,0,0,0,0,0,0,0,0,0,1,0,0,0,1,0,0,0,0,0,0,2,1,3,0,0,0,0,0,0,0,0,0,5,0,0,0,0,1,0,0,0,1,0,1,25
packages/common/test/exceptions/im-a-teapot.exception.spec.ts,spec,packages/common,36,0,8,0,0,0,0,0,0,0,0,0,0,0,0,0,0,0,0,0,0,0,0,0,0,0,0,0,0,0,1,0,0,0,0,0,0,0,0,0,0,0,0,0,0,0,0,0,0,0,0,0,0,0,0,0,0,0,1,0,0,6
packages/common/test/exceptions/internal-server-error.exception.spec.ts,spec,packages/common,39,0,8,0,0,0,0,0,0,0,0,0,0,0,0,0,0,0,0,0,0,0,0,0,0,0,0,0,0,0,1,0,0,0,0,0,0,0,0,0,0,0,0,0,0,0,0,0,0,0,0,0,0,0,0,0,0,0,1,0,0,6
packages/common/test/exceptions/method-not-allowed.exception.spec.ts,spec,packages/common,39,0,8,0,0,0,0,0,0,0,0,0,0,0,0,0,0,0,0,0,0,0,0,0,0,0,0,0,0,0,1,0,0,0,0,0,0,0,0,0,0,0,0,0,0,0,0,0,0,0,0,0,0,0,0,0,0,0,1,0,0,6
packages/common/test/exceptions/misdirected.exception.spec.ts,spec,packages/common,36,0,8,0,0,0,0,0,0,0,0,0,0,0,0,0,0,0,0,0,0,0,0,0,0,0,0,0,0,0,1,0,0,0,0,0,0,0,0,0,0,0,0,0,0,0,0,0,0,0,0,0,0,0,0,0,0,0,1,0,0,6
packages/common/test/exceptions/not-acceptable.exception.spec.ts,spec,packages/common,39,0,8,0,0,0,0,0,0,0,0,0,0,0,0,0,0,0,0,0,0,0,0,0,0,0,0,0,0,0,1,0,0,0,0,0,0,0,0,0,0,0,0,0,0,0,0,0,0,0,0,0,0,0,0,0,0,0,1,0,0,6
packages/common/test/exceptions/not-found.exception.spec.ts,spec,packages/common,36,0,8,0,0,0,0,0,0,0,0,0,0,0,0,0,0,0,0,0,0,0,0,0,0,0,0,0,0,0,1,0,0,0,0,0,0,0,0,0,0,0,0,0,0,0,0,0,0,0,0,0,0,0,0,0,0,0,1,0,0,6
packages/common/test/exceptions/not-implemented.exception.spec.ts,spec,packages/common,39,0,8,0,0,0,0,0,0,0,0,0,0,0,0,0,0,0,0,0,0,0,0,0,0,0,0,0,0,0,1,0,0,0,0,0,0,0,0,0,0,0,0,0,0,0,0,0,0,0,0,0,0,0,0,0,0,0,1,0,0,6
packages/common/test/exceptions/payload-too-large.exception.spec.ts,spec,packages/common,39,0,8,0,0,0,0,0,0,0,0,0,0,0,0,0,0,0,0,0,0,0,0,0,0,0,0,0,0,0,1,0,0,0,0,0,0,0,0,0,0,0,0,0,0,0,0,0,0,0,0,0,0,0,0,0,0,0,1,0,0,6
packages/common/test/exceptions/precondition-failed.exception.spec.ts,spec,packages/common,39,0,8,0,0,0,0,0,0,0,0,0,0,0,0,0,0,0,0,0,0,0,0,0,0,0,0,0,0,0,1,0,0,0,0,0,0,0,0,0,0,0,0,0,0,0,0,0,0,0,0,0,0,0,0,0,0,0,1,0,0,6
packages/common/test/exceptions/request-timeout.exception.spec.ts,spec,packages/common,39,0,8,0,0,0,0,0,0,0,0,0,0,0,0,0,0,0,0,0,0,0,0,0,0,0,0,0,0,0,1,0,0,0,0,0,0,0,0,0,0,0,0,0,0,0,0,0,0,0,0,0,0,0,0,0,0,0,1,0,0,6
packages/common/test/exceptions/service-unavailable.exception.spec.ts,spec,packages/common,39,0,8,0,0,0,0,0,0,0,0,0,0,0,0,0,0,0,0,0,0,0,0,0,0,0,0,0,0,0,1,0,0,0,0,0,0,0,0,0,0,0,0,0,0,0,0,0,0,0,0,0,0,0,0,0,0,0,1,0,0,6
packages/common/test/exceptions/unauthorized.exception.spec.ts,spec,packages/common,39,0,8,0,0,0,0,0,0,0,0,0,0,0,0,0,0,0,0,0,0,0,0,0,0,0,0,0,0,0,1,0,0,0,0,0,0,0,0,0,0,0,0,0,0,0,0,0,0,0,0,0,0,0,0,0,0,0,1,0,0,6
packages/common/test/exceptions/unprocessable-entity.exception.spec.ts,spec,packages/common,39,0,8,0,0,0,0,0,0,0,0,0,0,0,0,0,0,0,0,0,0,0,0,0,0,0,0,0,0,0,1,0,0,0,0,0,0,0,0,0,0,0,0,0,0,0,0,0,0,0,0,0,0,0,0,0,0,0,1,0,0,6
packages/common/test/exceptions/unsupported-media-type.exception.spec.ts,spec,packages/common,39,0,8,0,0,0,0,0,0,0,0,0,0,0,0,0,0,0,0,0,0,0,0,0,0,0,0,0,0,0,1,0,0,0,0,0,0,0,0,0,0,0,0,0,0,0,0,0,0,0,0,0,0,0,0,0,0,0,1,0,0,6
packages/common/test/file-stream/streamable-file.spec.ts,spec,packages/common,212,0,53,2,0,0,0,0,0,0,0,0,0,0,0,0,0,0,0,0,1,0,0,0,0,0,0,0,0,0,0,0,0,0,6,0,0,6,0,6,0,0,0,0,0,0,0,0,0,0,0,1,0,0,0,1,0,0,1,11,1,17
packages/common/test/module-utils/configurable-module.builder.spec.ts,spec,packages/common,150,0,36,6,0,0,0,0,2,0,1,1,0,0,0,0,0,0,0,0,0,1,0,0,0,0,0,0,0,0,1,0,1,0,4,1,0,3,1,2,0,0,0,0,0,0,0,0,0,0,0,4,0,0,0,0,0,1,1,0,1,5
packages/common/test/module-utils/utils/get-injection-providers.util.spec.ts,spec,packages/common,68,0,19,0,0,0,0,0,0,0,0,0,0,0,0,0,0,0,0,0,0,3,0,0,0,0,0,0,0,0,1,4,0,0,0,0,0,0,1,0,0,0,0,0,0,0,0,0,0,0,0,0,0,0,0,0,0,8,1,0,0,1
packages/common/test/pipes/default-value.pipe.spec.ts,spec,packages/common,16,0,5,0,0,0,0,0,0,0,0,0,0,0,0,0,0,0,0,0,0,0,0,0,0,0,0,0,0,0,1,0,0,0,0,0,0,0,0,0,0,0,0,0,0,0,0,0,0,0,0,0,0,0,0,0,0,0,1,0,1,2
packages/common/test/pipes/file/file-type.validator.spec.ts,spec,packages/common,405,0,60,1,0,0,0,1,0,0,1,1,1,0,0,0,0,0,0,0,1,0,0,0,0,0,0,0,0,0,1,0,0,0,1,0,0,28,1,3,0,0,0,0,0,0,0,0,0,0,2,0,0,0,0,0,0,6,1,1,1,9
packages/common/test/pipes/file/max-file-size.validator.spec.ts,spec,packages/common,94,0,18,0,0,0,0,0,0,0,0,0,0,0,0,0,0,0,0,0,0,0,0,0,0,0,0,0,0,0,1,0,0,0,4,0,0,7,1,0,0,0,0,0,0,0,0,0,0,0,0,0,0,0,1,0,0,0,1,0,1,2
packages/common/test/pipes/file/parse-file-pipe.builder.spec.ts,spec,packages/common,86,0,16,2,0,0,0,0,0,0,1,1,0,0,0,0,0,0,0,0,0,1,0,0,0,0,0,0,0,0,1,0,0,0,2,0,0,0,0,0,0,0,0,0,0,0,0,0,0,0,0,0,0,0,0,0,0,0,1,1,1,5
packages/common/test/pipes/file/parse-file.pipe.spec.ts,spec,packages/common,183,0,46,6,0,0,0,0,0,0,1,9,0,0,0,0,0,0,0,0,0,3,0,0,0,0,0,0,0,0,2,0,0,0,0,0,0,0,0,0,0,0,0,0,0,0,0,0,0,0,0,0,0,0,0,0,0,3,1,9,1,11
packages/common/test/pipes/parse-array.pipe.spec.ts,spec,packages/common,352,0,104,4,0,0,0,1,6,3,2,19,0,0,0,0,0,0,0,0,0,6,2,0,0,0,0,0,0,3,1,0,0,0,4,0,0,30,0,0,0,0,0,0,2,0,0,0,0,2,1,0,0,0,0,1,0,0,1,1,1,14
packages/common/test/pipes/parse-bool.pipe.spec.ts,spec,packages/common,39,0,17,0,0,0,0,0,0,0,1,1,0,0,0,0,0,0,0,0,0,0,0,0,0,0,0,0,0,0,1,0,0,0,0,1,0,6,1,0,0,0,0,0,0,0,0,0,0,0,0,0,0,0,0,0,0,0,1,1,1,3
packages/common/test/pipes/parse-date.pipe.spec.ts,spec,packages/common,97,0,28,0,0,0,0,0,0,0,1,1,0,0,0,0,0,0,0,0,0,0,0,0,0,0,0,0,0,6,1,0,0,0,1,3,0,1,0,0,0,0,0,0,0,0,0,0,0,0,0,0,0,0,0,0,0,2,1,1,1,9
packages/common/test/pipes/parse-enum.pipe.spec.ts,spec,packages/common,236,0,125,1,0,0,0,1,2,0,6,7,0,0,0,0,0,0,0,0,0,1,0,0,0,0,0,0,0,0,1,0,0,7,23,1,0,51,1,0,0,0,0,0,0,0,0,0,0,0,1,0,0,0,0,0,0,0,1,7,1,13
packages/common/test/pipes/parse-float.pipe.spec.ts,spec,packages/common,66,0,27,1,0,0,0,0,0,0,1,1,0,0,0,0,0,0,0,0,0,1,0,0,0,0,0,0,0,0,1,0,0,0,1,1,0,8,1,0,0,0,0,0,0,0,0,0,0,0,0,0,0,0,0,0,0,0,1,1,1,8
packages/common/test/pipes/parse-int.pipe.spec.ts,spec,packages/common,50,0,20,1,0,0,0,0,0,0,1,1,0,0,0,0,0,0,0,0,0,1,0,0,0,0,0,0,0,0,1,0,0,0,1,1,0,5,1,0,0,0,0,0,0,0,0,0,0,0,0,0,0,0,0,0,0,0,1,1,1,4
packages/common/test/pipes/parse-uuid.pipe.spec.ts,spec,packages/common,398,0,169,1,0,0,0,4,0,0,1,35,0,0,0,0,0,0,0,0,0,1,0,0,0,0,0,0,0,0,1,0,0,0,1,2,0,75,2,0,0,0,0,0,0,0,0,0,0,0,4,0,0,0,0,0,0,8,1,0,1,32
packages/common/test/pipes/standard-schema-validation.pipe.spec.ts,spec,packages/common,510,0,129,11,0,0,0,1,8,0,8,8,0,0,0,0,0,0,0,0,1,4,0,0,0,0,0,0,0,1,1,0,0,0,12,0,0,43,1,0,0,0,0,0,0,0,0,0,0,0,1,0,0,0,0,1,0,1,1,1,1,24
packages/common/test/pipes/validation.pipe.spec.ts,spec,packages/common,749,0,134,4,0,0,0,0,6,0,2,34,0,0,0,0,0,0,0,0,0,13,0,0,0,0,0,0,0,0,1,2,0,0,10,0,0,8,0,0,0,0,0,0,0,0,0,0,0,0,0,0,0,0,0,1,0,3,1,4,1,44
packages/common/test/serializer/class-serializer.interceptor.spec.ts,spec,packages/common,395,0,132,8,0,0,0,0,0,0,6,13,0,0,0,0,0,0,0,0,0,2,0,0,0,0,0,0,0,1,1,0,0,0,24,0,0,26,2,0,0,0,0,0,0,0,0,0,0,0,0,0,0,0,0,1,0,5,1,21,1,20
packages/common/test/serializer/standard-schema-serializer.interceptor.spec.ts,spec,packages/common,318,0,78,1,0,0,0,0,0,0,4,16,0,0,0,0,0,0,0,0,1,0,0,0,0,0,0,0,0,0,1,0,0,0,10,0,0,19,2,0,0,0,0,0,0,0,0,0,0,0,0,0,0,0,0,1,0,0,1,9,1,12
packages/common/test/services/logger.service.spec.ts,spec,packages/common,1727,0,522,20,1,0,0,3,3,2,43,43,0,0,0,0,0,0,0,0,2,9,1,0,0,0,0,0,1,137,1,1,0,0,15,3,0,8,2,4,1,0,1,0,4,5,0,0,0,0,0,5,0,0,0,0,0,0,1,96,1,109
packages/common/test/services/utils/filter-log-levels.util.spec.ts,spec,packages/common,30,0,7,0,0,0,0,0,0,0,0,0,0,0,0,0,0,0,0,0,0,0,0,0,0,0,0,0,0,0,1,0,0,0,0,0,0,0,0,0,0,0,0,0,0,0,0,0,0,0,0,0,0,0,0,0,0,0,1,0,0,5
packages/common/test/services/utils/is-log-level-enabled.util.spec.ts,spec,packages/common,37,0,12,0,0,0,0,1,0,0,0,0,0,0,0,0,0,0,0,0,0,0,0,0,0,0,0,0,0,0,1,0,0,0,0,0,0,3,1,0,0,0,0,0,0,0,0,0,0,0,0,0,0,0,0,0,0,2,1,0,1,2
packages/common/test/services/utils/redact.util.spec.ts,spec,packages/common,262,0,58,3,0,0,0,0,0,1,0,0,0,0,0,0,0,0,0,0,1,1,1,0,0,0,0,0,0,3,1,0,0,0,5,2,0,9,0,0,2,0,0,0,3,0,0,0,0,0,0,0,0,0,0,0,0,0,1,0,1,24
packages/common/test/utils/assign-custom-metadata.util.spec.ts,spec,packages/common,45,0,8,0,0,0,0,0,0,0,0,0,0,0,0,0,0,0,0,0,0,0,0,0,0,0,0,0,0,0,1,0,0,0,2,0,0,0,0,0,0,0,0,0,0,0,0,0,0,0,0,0,0,0,0,0,0,0,1,0,0,4
packages/common/test/utils/cli-colors.util.spec.ts,spec,packages/common,81,0,30,0,1,0,0,0,0,0,0,0,0,0,0,0,0,0,0,0,0,0,0,0,0,0,0,0,1,10,1,0,0,0,0,0,0,0,0,0,0,0,0,0,0,0,0,0,0,0,0,0,0,0,0,0,0,0,1,3,1,12
packages/common/test/utils/extend-metadata.util.spec.ts,spec,packages/common,20,0,11,3,0,0,0,0,0,0,0,0,0,0,0,0,0,0,0,0,0,0,0,0,0,0,0,0,0,0,1,0,0,0,0,0,0,0,0,0,0,0,0,0,0,0,0,0,0,0,0,3,0,1,0,0,0,0,1,0,0,2
packages/common/test/utils/forward-ref.util.spec.ts,spec,packages/common,8,0,3,0,0,0,0,0,0,0,0,0,0,0,0,0,0,0,0,0,0,0,0,0,0,0,0,0,0,0,1,0,0,0,0,0,0,0,0,0,0,0,0,0,0,0,0,0,0,0,0,0,0,0,0,0,0,0,1,0,0,1
packages/common/test/utils/http-error-by-code.util.spec.ts,spec,packages/common,58,0,21,0,0,0,0,2,0,0,0,0,0,0,0,0,0,0,0,0,0,0,0,0,0,0,0,0,0,0,1,0,0,0,4,0,0,3,0,2,1,0,0,0,0,0,0,0,0,0,0,0,0,2,0,0,0,0,1,0,0,5
packages/common/test/utils/load-package.util.spec.ts,spec,packages/common,10,0,4,0,0,0,0,0,0,0,0,0,0,0,0,0,0,0,0,0,0,0,0,0,0,0,0,0,0,0,1,0,0,0,0,0,0,0,0,0,0,0,0,0,0,0,0,0,0,0,0,0,0,0,0,0,0,0,1,0,1,1
packages/common/test/utils/merge-with-values.util.spec.ts,spec,packages/common,15,0,8,0,0,0,0,0,0,0,1,1,0,0,0,0,0,0,0,0,0,1,0,0,0,0,0,0,0,0,1,0,0,0,0,0,0,0,0,0,0,0,0,0,0,0,0,0,0,0,0,0,0,0,0,0,0,0,1,1,0,2
packages/common/test/utils/random-string-generator.util.spec.ts,spec,packages/common,6,0,4,0,0,0,0,0,0,0,0,0,0,0,0,0,0,0,0,0,0,0,0,0,0,0,0,0,0,1,1,0,0,0,0,0,0,0,0,0,0,0,0,0,0,0,0,0,0,0,0,0,0,0,0,0,0,0,1,0,0,1
packages/common/test/utils/select-exception-filter-metadata.util.spec.ts,spec,packages/common,72,0,27,8,0,0,0,0,0,0,0,0,0,0,0,0,0,0,0,0,0,4,0,0,0,0,0,0,0,0,1,0,0,0,0,0,0,0,0,0,0,0,0,0,0,0,0,0,0,0,0,8,0,0,0,0,0,0,1,0,1,4
packages/common/test/utils/shared.utils.spec.ts,spec,packages/common,241,0,45,4,0,0,0,0,0,0,0,0,0,0,0,0,0,0,0,0,2,0,1,0,0,0,0,0,0,1,2,1,0,0,0,2,0,0,0,0,0,0,0,0,0,0,0,0,0,0,0,2,0,0,0,0,0,10,1,0,1,18
packages/common/test/utils/strip-proto-keys.util.spec.ts,spec,packages/common,100,0,19,1,0,0,0,0,0,0,0,0,0,0,0,0,0,0,0,0,0,0,0,0,0,0,0,0,0,6,1,0,0,0,0,0,0,0,0,0,0,0,0,0,0,0,0,0,0,1,0,0,0,0,0,0,0,0,1,0,1,8
packages/common/test/utils/validate-each.util.spec.ts,spec,packages/common,21,0,9,0,0,0,0,0,0,0,0,0,0,0,0,0,0,0,0,0,0,0,0,0,0,0,0,0,0,0,1,0,0,0,2,0,0,2,0,0,0,0,0,0,0,0,0,0,0,0,0,0,0,0,0,0,0,0,1,0,1,2
packages/common/test/utils/validate-module-keys.util.spec.ts,spec,packages/common,41,0,8,0,0,0,0,0,0,0,0,0,0,0,0,0,0,0,0,0,0,0,0,0,0,0,0,0,0,0,1,0,0,0,0,0,0,0,0,0,0,0,0,0,0,0,0,0,0,0,0,0,0,1,0,0,0,0,1,0,1,4
packages/common/utils/assign-custom-metadata.util.ts,source,packages/common,28,1,11,1,0,0,0,0,0,0,0,0,0,0,1,0,1,0,0,0,1,0,0,0,0,0,0,0,1,0,1,0,0,0,0,0,0,0,5,0,0,0,0,0,0,0,0,0,0,0,0,0,0,0,0,0,0,0,0,0,0,0
packages/common/utils/cli-colors.util.ts,source,packages/common,15,3,10,0,0,0,1,0,0,0,0,0,0,1,0,0,1,1,0,1,0,0,0,0,0,1,0,0,0,1,1,0,0,0,0,0,0,0,0,0,0,0,0,0,0,0,0,0,0,0,0,0,0,0,0,0,2,0,0,0,0,0
packages/common/utils/extend-metadata.util.ts,source,packages/common,9,1,7,1,0,0,0,0,0,0,0,0,1,0,1,0,1,0,0,0,1,0,0,0,1,0,0,0,0,0,1,0,0,0,0,0,0,0,0,0,0,0,0,0,0,0,0,0,0,0,0,0,0,0,0,0,0,0,0,0,0,0
packages/common/utils/forward-ref.util.ts,source,packages/common,7,1,6,0,0,0,0,0,0,0,0,0,0,0,1,0,1,0,0,0,0,0,0,0,0,0,0,0,0,0,1,0,0,0,1,0,0,0,1,0,0,0,0,0,0,0,0,0,0,0,0,0,0,0,0,0,0,1,0,0,0,0
packages/common/utils/http-error-by-code.util.ts,source,packages/common,70,2,4,0,0,0,0,0,0,0,0,0,0,1,0,0,0,0,0,1,0,0,0,0,0,0,0,0,0,0,1,0,0,0,0,0,0,0,1,0,0,0,0,0,0,0,0,0,0,0,0,0,0,0,0,0,0,0,0,0,0,0
packages/common/utils/index.ts,source,packages/common,2,2,1,0,0,0,0,0,0,0,0,0,0,1,0,0,0,0,0,0,0,0,0,0,0,0,0,0,0,0,0,0,0,0,0,0,0,0,0,0,0,0,0,0,0,0,0,0,0,0,0,0,0,0,0,0,0,0,0,0,0,0
packages/common/utils/load-package.util.ts,source,packages/common,108,4,43,4,5,0,3,0,3,1,0,0,0,1,0,0,1,0,0,0,4,0,0,0,0,0,0,0,0,5,2,2,0,0,5,0,0,0,0,0,0,0,0,0,0,0,0,0,0,0,0,0,0,0,0,0,0,7,0,0,0,0
packages/common/utils/merge-with-values.util.ts,source,packages/common,17,2,19,3,0,0,0,0,0,0,0,0,1,1,0,0,1,1,0,0,0,1,0,1,2,1,0,0,0,0,2,0,0,0,4,0,0,0,0,0,0,0,0,0,1,0,0,0,0,0,0,0,0,0,0,0,0,0,0,0,0,0
packages/common/utils/parameter-decorator-options.util.ts,source,packages/common,28,1,8,1,0,0,0,0,0,0,0,0,0,0,1,0,1,0,0,0,1,0,0,0,0,0,0,0,0,0,1,0,0,0,1,0,0,0,0,0,0,0,1,0,0,0,0,0,0,0,0,0,0,0,0,0,0,1,0,0,0,0
packages/common/utils/random-string-generator.util.ts,source,packages/common,2,1,6,0,0,0,0,0,0,0,0,0,0,0,1,0,1,0,1,0,0,0,0,0,0,1,0,0,0,1,1,0,0,0,0,0,0,0,0,0,0,0,0,0,0,0,0,0,0,0,0,0,0,0,0,0,0,0,0,0,0,0
packages/common/utils/select-exception-filter-metadata.util.ts,source,packages/common,12,1,9,0,0,0,0,0,0,0,0,0,0,0,1,0,1,0,0,0,0,0,0,0,0,0,1,0,0,0,1,0,0,0,1,0,0,0,1,3,0,0,0,0,0,0,0,0,0,0,0,0,0,0,0,0,0,0,0,0,0,0
packages/common/utils/shared.utils.ts,source,packages/common,58,14,37,3,5,0,4,0,0,0,0,0,1,1,0,0,1,0,1,0,0,0,0,0,0,0,1,0,3,0,1,0,0,0,0,0,0,0,0,2,0,0,9,0,0,4,1,0,0,0,0,0,0,0,0,0,0,0,0,0,0,0
packages/common/utils/strip-proto-keys.util.ts,source,packages/common,36,1,27,1,4,0,0,2,0,0,0,0,0,0,1,0,1,0,0,0,1,0,0,0,3,0,1,0,1,0,1,1,0,0,1,0,0,0,0,2,0,0,2,0,0,0,0,0,0,0,0,0,0,0,0,0,0,5,0,0,0,0
packages/common/utils/validate-each.util.ts,source,packages/common,27,2,16,3,2,0,0,0,0,1,0,0,0,1,0,0,1,0,0,0,1,1,2,0,1,0,0,0,0,0,1,0,0,0,1,0,0,0,0,1,0,0,0,0,0,0,0,0,0,0,0,0,0,0,0,0,0,0,0,0,0,0
packages/common/utils/validate-module-keys.util.ts,source,packages/common,20,2,12,2,1,0,0,0,0,1,0,0,0,1,0,0,1,0,0,0,1,0,0,0,0,1,0,0,0,0,2,0,0,0,0,0,0,0,0,1,0,0,0,0,0,0,0,0,0,1,0,0,0,0,0,0,0,0,0,0,0,0
packages/core/adapters/http-adapter.ts,source,packages/core,644,1,213,36,3,0,1,0,0,2,1,1,0,0,1,0,1,0,0,0,0,1,31,0,4,0,0,0,0,1,0,0,0,0,64,0,0,1,0,0,0,0,1,0,0,0,0,0,0,0,0,0,0,0,1,0,0,63,0,0,0,0
packages/core/adapters/index.ts,source,packages/core,1,1,0,0,0,0,0,0,0,0,0,0,0,0,0,0,0,0,0,0,0,0,0,0,0,0,0,0,0,0,0,0,0,0,0,0,0,0,0,0,0,0,0,0,0,0,0,0,0,0,0,0,0,0,0,0,0,0,0,0,0,0
packages/core/application-config.ts,source,packages/core,153,1,115,37,1,0,0,0,0,0,0,0,0,0,0,0,1,0,0,0,0,1,41,0,21,0,0,0,0,0,0,0,0,0,3,1,0,0,2,5,0,0,1,0,0,0,0,0,0,0,0,0,0,0,0,0,0,1,0,0,0,0
packages/core/constants.ts,source,packages/core,26,6,7,0,0,0,0,0,0,0,0,0,0,1,0,0,0,0,0,1,0,0,0,0,0,0,0,0,0,0,0,0,0,0,0,0,0,1,0,0,0,0,0,0,0,0,0,0,0,0,0,0,0,0,0,0,4,0,0,0,0,0
packages/core/discovery/discoverable-meta-host-collection.ts,source,packages/core,150,1,52,8,4,0,1,1,0,0,1,2,0,0,0,0,1,0,0,0,0,1,9,0,0,0,0,0,0,0,0,0,0,0,1,2,0,0,2,0,0,0,0,0,0,0,0,0,0,0,0,0,0,0,0,0,0,19,0,0,0,0
packages/core/discovery/discovery-module.ts,source,packages/core,11,1,3,0,0,0,0,0,0,0,0,0,0,0,0,0,1,0,0,0,0,1,0,0,0,0,0,0,0,0,0,0,0,0,0,0,0,0,0,0,0,0,0,0,0,0,0,0,0,0,0,0,0,0,0,0,0,1,0,0,0,0
packages/core/discovery/discovery-service.ts,source,packages/core,152,5,53,8,5,0,0,0,0,0,0,0,2,1,0,0,1,1,1,0,0,1,7,0,1,0,0,0,0,1,0,0,0,0,2,4,0,2,0,4,0,0,0,0,0,0,0,0,0,0,0,0,0,0,0,0,0,12,0,0,0,0
packages/core/discovery/index.ts,source,packages/core,2,2,1,0,0,0,0,0,0,0,0,0,0,1,0,0,0,0,0,0,0,0,0,0,0,0,0,0,0,0,0,0,0,0,0,0,0,0,0,0,0,0,0,0,0,0,0,0,0,0,0,0,0,0,0,0,0,0,0,0,0,0
packages/core/errors/exception-handler.ts,source,packages/core,7,1,5,1,0,0,0,0,0,0,0,0,0,0,0,0,1,0,0,0,0,1,0,0,0,0,0,0,0,2,0,0,0,0,0,0,0,0,0,0,0,0,0,0,0,0,0,0,0,0,0,0,0,0,0,0,0,0,0,0,0,0
packages/core/errors/exceptions-zone.ts,source,packages/core,36,1,16,2,2,0,0,0,2,0,0,0,0,0,0,0,1,0,0,0,0,1,2,0,0,0,0,0,0,1,1,2,0,0,2,0,0,0,0,0,0,0,0,0,0,0,0,0,0,0,0,0,0,0,0,0,0,0,0,0,0,0
packages/core/errors/exceptions/circular-dependency.exception.ts,source,packages/core,9,1,6,1,0,0,1,0,0,0,0,0,0,0,1,0,1,0,0,0,0,1,0,0,0,0,0,0,0,0,1,0,0,0,0,0,0,0,0,0,0,0,0,0,0,0,0,0,0,0,0,0,0,0,0,0,0,0,0,0,0,0
packages/core/errors/exceptions/index.ts,source,packages/core,9,9,1,0,0,0,0,0,0,0,0,0,0,1,0,0,0,0,0,0,0,0,0,0,0,0,0,0,0,0,0,0,0,0,0,0,0,0,0,0,0,0,0,0,0,0,0,0,0,0,0,0,0,0,0,0,0,0,0,0,0,0
packages/core/errors/exceptions/invalid-class-module.exception.ts,source,packages/core,17,1,7,1,0,0,0,0,0,0,0,0,0,0,1,0,1,0,0,0,0,1,0,0,0,0,0,0,0,0,1,0,0,0,2,0,0,0,0,0,0,0,0,0,0,0,0,0,0,0,0,0,0,0,0,0,0,0,0,0,0,0
packages/core/errors/exceptions/invalid-class-scope.exception.ts,source,packages/core,13,1,12,1,0,0,1,0,0,0,1,1,0,0,1,0,1,0,0,0,0,1,0,0,0,0,0,0,0,0,1,0,0,0,2,0,0,1,0,0,0,0,0,0,0,0,0,0,0,0,0,0,0,0,1,0,0,0,0,0,0,0
packages/core/errors/exceptions/invalid-class.exception.ts,source,packages/core,7,1,6,1,0,0,0,0,0,0,0,0,0,0,1,0,1,0,0,0,0,1,0,0,0,0,0,0,0,0,1,0,0,0,1,0,0,0,0,0,0,0,0,0,0,0,0,0,0,0,0,0,0,0,0,0,0,0,0,0,0,0
packages/core/errors/exceptions/invalid-exception-filter.exception.ts,source,packages/core,7,1,6,1,0,0,0,0,0,0,0,0,0,0,1,0,1,0,0,0,0,1,0,0,0,0,0,0,0,0,1,0,0,0,0,0,0,0,0,0,0,0,0,0,0,0,0,0,0,0,0,0,0,0,1,0,0,0,0,0,0,0
packages/core/errors/exceptions/invalid-middleware-configuration.exception.ts,source,packages/core,7,1,6,1,0,0,0,0,0,0,0,0,0,0,1,0,1,0,0,0,0,1,0,0,0,0,0,0,0,0,1,0,0,0,0,0,0,0,0,0,0,0,0,0,0,0,0,0,0,0,0,0,0,0,1,0,0,0,0,0,0,0
packages/core/errors/exceptions/invalid-middleware.exception.ts,source,packages/core,7,1,5,1,0,0,0,0,0,0,0,0,0,0,1,0,1,0,0,0,0,1,0,0,0,0,0,0,0,0,1,0,0,0,0,0,0,0,0,0,0,0,0,0,0,0,0,0,0,0,0,0,0,0,0,0,0,0,0,0,0,0
packages/core/errors/exceptions/invalid-module.exception.ts,source,packages/core,12,1,7,1,0,0,0,0,0,0,0,0,0,0,1,0,1,0,0,0,0,1,0,0,0,0,0,0,0,0,1,0,0,0,2,0,0,0,0,0,0,0,0,0,0,0,0,0,0,0,0,0,0,0,0,0,0,0,0,0,0,0
packages/core/errors/exceptions/invalid-provider.exception.ts,source,packages/core,8,1,6,1,0,0,0,0,0,0,0,0,0,0,1,0,1,0,0,0,0,1,0,0,0,0,0,0,0,0,1,0,0,0,0,0,0,0,1,0,0,0,0,0,0,0,0,0,0,0,0,0,0,0,0,0,0,0,0,0,0,0
packages/core/errors/exceptions/route-conflict.exception.ts,source,packages/core,7,1,5,1,0,0,0,0,0,0,0,0,0,0,1,0,1,0,0,0,0,1,0,0,0,0,0,0,0,0,1,0,0,0,0,0,0,0,0,0,0,0,0,0,0,0,0,0,0,0,0,0,0,0,0,0,0,0,0,0,0,0
packages/core/errors/exceptions/runtime.exception.ts,source,packages/core,8,1,7,2,0,0,0,0,0,0,0,0,0,0,1,0,1,0,0,0,0,1,1,0,0,0,0,0,0,0,1,0,0,0,0,0,0,0,0,0,0,0,0,0,0,0,0,0,0,0,0,0,0,0,0,0,0,0,0,0,0,0
packages/core/errors/exceptions/undefined-dependency.exception.ts,source,packages/core,15,1,7,1,0,0,0,0,0,0,0,0,0,0,1,0,1,0,0,0,0,1,0,0,0,0,0,0,0,0,1,0,0,0,0,0,0,0,2,0,0,0,0,0,0,0,0,0,0,0,0,0,0,0,0,0,0,0,0,0,0,0
packages/core/errors/exceptions/undefined-forwardref.exception.ts,source,packages/core,8,1,7,1,0,0,0,0,0,0,0,0,0,0,1,0,1,0,0,0,0,1,0,0,0,0,0,0,0,0,1,0,0,0,1,0,0,0,0,0,0,0,0,0,0,0,0,0,0,0,0,0,0,0,1,0,0,0,0,0,0,0
packages/core/errors/exceptions/undefined-module.exception.ts,source,packages/core,7,1,8,1,0,0,0,0,0,0,0,0,0,0,1,0,1,0,0,0,0,1,0,0,0,0,0,0,0,0,1,0,0,0,2,0,0,0,0,0,0,0,0,0,0,0,0,0,0,0,0,0,0,0,1,0,0,0,0,0,0,0
packages/core/errors/exceptions/unknown-dependencies.exception.ts,source,packages/core,16,1,9,1,0,0,0,0,0,0,0,0,0,0,1,0,1,0,0,0,0,1,1,0,1,0,0,0,0,0,1,0,0,0,0,0,0,0,2,0,0,0,0,0,0,0,0,0,0,0,0,0,0,0,0,0,0,0,0,0,0,0
packages/core/errors/exceptions/unknown-element.exception.ts,source,packages/core,11,1,6,1,0,0,0,0,0,0,0,1,0,0,1,0,1,0,0,0,0,1,0,0,0,0,0,0,0,0,1,0,0,0,0,0,0,0,0,0,0,0,0,0,0,0,0,0,0,0,0,0,0,0,0,0,0,0,0,0,0,0
packages/core/errors/exceptions/unknown-export.exception.ts,source,packages/core,7,1,5,1,0,0,0,0,0,0,0,0,0,0,1,0,1,0,0,0,0,1,0,0,0,0,0,0,0,0,1,0,0,0,0,0,0,0,0,0,0,0,0,0,0,0,0,0,0,0,0,0,0,0,0,0,0,0,0,0,0,0
packages/core/errors/exceptions/unknown-module.exception.ts,source,packages/core,10,1,6,1,0,0,1,0,0,0,0,0,0,0,1,0,1,0,0,0,0,1,0,0,0,0,0,0,0,0,1,0,0,0,0,0,0,0,0,0,0,0,0,0,0,0,0,0,0,0,0,0,0,0,0,0,0,0,0,0,0,0
packages/core/errors/exceptions/unknown-request-mapping.exception.ts,source,packages/core,8,1,6,1,0,0,0,0,0,0,0,0,0,0,1,0,1,0,0,0,0,1,0,0,0,0,0,0,0,0,1,0,0,0,0,0,0,0,0,0,0,0,0,0,0,0,0,0,0,0,0,0,0,0,1,0,0,0,0,0,0,0
packages/core/errors/messages.ts,source,packages/core,251,18,125,5,6,1,7,0,0,0,5,18,1,1,0,0,1,0,0,0,0,0,0,0,1,14,0,0,3,0,14,0,0,0,9,1,0,8,3,6,0,0,2,0,0,0,0,0,0,0,0,0,0,0,1,0,3,15,0,0,0,0
packages/core/exceptions/base-exception-filter-context.ts,source,packages/core,75,1,43,5,5,0,0,0,0,0,0,0,2,0,0,0,1,0,0,0,0,1,7,0,0,0,0,0,0,0,0,0,0,0,4,2,0,6,2,4,0,0,0,0,0,0,0,1,0,0,0,0,1,0,2,0,0,0,0,0,0,0
packages/core/exceptions/base-exception-filter.ts,source,packages/core,108,1,49,5,7,0,2,0,0,0,0,0,2,0,0,0,1,0,2,0,0,1,5,0,0,0,4,0,1,2,0,0,0,0,3,1,0,1,0,0,0,0,6,0,0,0,0,1,0,0,0,0,0,0,1,0,0,4,0,0,0,0
packages/core/exceptions/exceptions-handler.ts,source,packages/core,35,1,18,3,3,0,0,0,0,1,0,0,0,0,0,0,1,0,0,0,0,1,4,0,1,0,0,0,0,0,0,0,0,0,1,0,0,0,0,0,0,0,1,0,0,0,0,0,0,0,0,0,0,0,2,0,0,0,0,0,0,0
packages/core/exceptions/external-exception-filter-context.ts,source,packages/core,69,1,36,3,3,0,0,0,0,0,0,0,2,0,0,0,1,0,0,0,0,1,6,0,2,0,0,0,0,0,0,0,0,0,2,0,0,5,4,4,0,0,0,0,0,0,0,0,0,0,0,0,1,0,2,0,0,0,0,0,0,0
packages/core/exceptions/external-exception-filter.ts,source,packages/core,13,1,11,1,1,0,0,0,0,1,0,0,0,0,0,0,1,0,0,0,0,1,0,0,0,0,2,0,0,2,0,0,0,0,2,0,0,0,0,0,0,0,0,0,0,0,0,0,0,0,0,0,0,0,0,0,0,0,0,0,0,0
packages/core/exceptions/external-exceptions-handler.ts,source,packages/core,34,1,21,3,3,0,1,0,0,1,0,0,0,0,0,0,1,0,0,0,0,1,4,0,1,0,0,0,0,0,0,0,0,0,3,0,0,0,0,0,0,0,1,0,0,0,0,0,0,0,0,0,0,0,2,0,0,0,0,0,0,0
packages/core/exceptions/index.ts,source,packages/core,1,1,0,0,0,0,0,0,0,0,0,0,0,0,0,0,0,0,0,0,0,0,0,0,0,0,0,0,0,0,0,0,0,0,0,0,0,0,0,0,0,0,0,0,0,0,0,0,0,0,0,0,0,0,0,0,0,0,0,0,0,0
packages/core/guards/constants.ts,source,packages/core,1,1,1,0,0,0,0,0,0,0,0,0,0,0,1,0,0,0,0,0,0,0,0,0,0,0,0,0,0,0,0,0,0,0,0,0,0,0,0,0,0,0,0,0,0,0,0,0,0,0,0,0,0,0,0,0,0,0,0,0,0,0
packages/core/guards/guards-consumer.ts,source,packages/core,53,1,21,3,5,0,0,1,0,0,0,0,0,0,0,0,1,0,0,0,0,1,2,0,0,0,1,0,0,0,0,0,0,0,1,1,0,1,0,0,0,0,1,0,0,0,0,0,0,0,1,0,0,0,2,0,0,0,0,0,0,0
packages/core/guards/guards-context-creator.ts,source,packages/core,117,1,58,6,7,0,0,0,0,0,0,0,3,0,0,0,1,0,0,0,0,1,12,0,1,0,0,0,0,0,0,0,0,0,1,0,0,12,3,7,0,0,0,0,0,0,0,1,0,0,0,0,1,0,2,0,0,0,0,0,0,0
packages/core/guards/index.ts,source,packages/core,3,3,1,0,0,0,0,0,0,0,0,0,0,1,0,0,0,0,0,0,0,0,0,0,0,0,0,0,0,0,0,0,0,0,0,0,0,0,0,0,0,0,0,0,0,0,0,0,0,0,0,0,0,0,0,0,0,0,0,0,0,0
packages/core/helpers/barrier.ts,source,packages/core,49,1,30,5,2,0,0,0,0,0,0,0,0,0,0,0,1,0,0,0,0,1,12,0,5,0,0,0,0,0,0,0,0,0,0,0,0,0,0,0,0,0,0,0,0,0,0,0,0,0,0,0,0,0,0,0,0,4,0,0,0,0
packages/core/helpers/context-creator.ts,source,packages/core,61,1,27,4,0,0,1,0,0,0,0,0,1,0,0,0,1,0,0,0,0,1,7,0,0,0,0,0,0,0,0,0,0,0,6,0,0,3,2,0,0,0,0,0,0,0,0,0,0,0,0,0,0,0,1,0,0,0,0,0,0,0
packages/core/helpers/context-id-factory.ts,source,packages/core,91,5,45,5,5,0,0,1,0,0,0,0,1,1,0,0,1,1,0,0,1,1,4,0,4,0,0,0,0,1,0,0,0,0,6,1,0,2,2,0,0,0,0,0,0,0,0,0,0,0,0,0,0,0,1,0,0,7,0,0,0,0
packages/core/helpers/context-utils.ts,source,packages/core,87,2,38,10,1,0,2,1,0,0,1,1,0,1,0,0,1,1,0,0,0,1,0,0,1,0,0,0,0,0,0,2,0,0,7,0,0,1,0,3,0,0,0,1,0,1,0,0,0,0,0,0,0,0,2,0,0,0,0,0,0,0
packages/core/helpers/cookies/cookie-signer.ts,source,packages/core,76,2,43,4,4,0,3,1,0,1,1,1,1,1,0,0,1,0,0,0,0,1,5,0,1,0,0,0,0,0,0,0,0,0,0,0,0,0,0,10,0,0,3,0,0,2,0,0,0,0,0,0,0,0,0,0,0,3,0,0,0,0
packages/core/helpers/cookies/parse-cookie-header.ts,source,packages/core,53,2,34,2,5,0,1,1,1,0,1,1,1,1,0,0,1,1,1,0,2,0,0,0,1,0,0,0,0,0,0,0,0,0,0,0,0,0,0,7,0,0,1,0,0,4,0,0,0,0,0,0,0,0,0,0,0,2,0,0,0,0
packages/core/helpers/cookies/request-cookies.ts,source,packages/core,98,4,48,4,7,0,2,2,0,1,1,1,0,1,0,0,1,0,0,0,5,0,0,0,2,0,0,0,2,0,0,0,0,0,5,0,0,3,1,0,2,0,0,0,0,0,1,0,0,0,0,0,0,0,0,0,0,7,0,0,0,0
packages/core/helpers/cookies/serialize-cookie.ts,source,packages/core,129,1,65,1,18,0,0,0,1,11,2,10,0,0,0,0,1,0,0,0,1,0,0,0,0,0,1,0,5,0,0,0,0,0,0,0,0,0,0,0,0,0,4,0,0,2,0,0,0,0,0,0,0,0,0,0,3,5,0,0,0,0
packages/core/helpers/execution-context-host.ts,source,packages/core,53,1,50,10,0,0,0,0,0,0,0,0,0,0,0,0,1,0,1,0,0,1,18,0,4,0,0,0,0,0,0,0,0,0,6,2,0,3,0,1,0,0,0,0,3,0,0,0,0,0,0,0,0,0,0,0,0,0,0,0,0,0
packages/core/helpers/external-context-creator.ts,source,packages/core,349,3,110,17,7,0,8,1,0,1,0,0,7,1,0,0,1,1,0,0,0,1,30,0,2,0,0,0,0,0,0,0,0,0,14,1,0,4,7,6,1,0,0,0,0,0,0,0,0,0,0,0,0,0,0,0,0,0,0,0,0,0
packages/core/helpers/external-proxy.ts,source,packages/core,20,1,13,2,0,0,0,0,1,0,0,0,0,0,1,0,1,0,0,0,0,1,0,0,0,0,0,0,0,0,0,1,0,0,3,1,0,0,1,0,0,0,0,0,0,0,0,0,0,0,0,0,0,0,1,0,0,0,0,0,0,0
packages/core/helpers/get-class-scope.ts,source,packages/core,7,1,4,0,0,0,0,0,0,0,0,0,0,0,0,0,1,0,0,0,1,0,0,0,0,0,0,0,0,0,0,0,0,0,0,0,0,0,0,0,0,0,0,0,0,0,0,1,0,0,0,0,0,0,1,0,0,0,0,0,0,0
packages/core/helpers/handler-metadata-storage.ts,source,packages/core,58,6,29,3,0,0,0,0,0,0,0,0,1,1,0,0,1,1,0,0,0,1,4,0,0,0,0,0,0,0,0,0,0,0,10,0,0,0,5,0,0,0,0,0,0,0,0,0,0,0,0,0,0,0,2,0,0,0,0,0,0,0
packages/core/helpers/http-adapter-host.ts,source,packages/core,71,1,31,6,1,0,0,0,0,0,0,0,0,0,0,0,1,0,0,0,0,1,10,0,2,0,0,0,0,0,0,0,0,0,0,0,0,1,2,0,0,0,0,0,0,0,0,0,0,0,0,0,0,0,0,0,0,7,0,0,0,0
packages/core/helpers/index.ts,source,packages/core,3,3,1,0,0,0,0,0,0,0,0,0,0,1,0,0,0,0,0,0,0,0,0,0,0,0,0,0,0,0,0,0,0,0,0,0,0,0,0,0,0,0,0,0,0,0,0,0,0,0,0,0,0,0,0,0,0,0,0,0,0,0
packages/core/helpers/interfaces/external-handler-metadata.interface.ts,source,packages/core,12,1,7,0,0,0,0,0,0,0,0,0,0,0,1,0,0,0,0,0,0,0,0,0,0,0,0,0,0,0,1,0,0,0,2,0,0,0,2,0,0,0,0,0,0,0,0,0,0,0,0,0,0,0,0,0,1,0,0,0,0,0
packages/core/helpers/interfaces/index.ts,source,packages/core,2,2,1,0,0,0,0,0,0,0,0,0,0,1,0,0,0,0,0,0,0,0,0,0,0,0,0,0,0,0,0,0,0,0,0,0,0,0,0,0,0,0,0,0,0,0,0,0,0,0,0,0,0,0,0,0,0,0,0,0,0,0
packages/core/helpers/interfaces/params-metadata.interface.ts,source,packages/core,6,2,3,0,0,0,0,0,0,0,0,0,0,1,0,0,0,0,0,0,0,0,0,0,0,0,0,0,0,0,1,0,0,0,0,0,0,0,0,0,0,0,0,0,0,0,0,0,0,0,0,0,0,0,0,0,1,0,0,0,0,0
packages/core/helpers/is-durable.ts,source,packages/core,6,1,4,0,0,0,0,0,0,0,0,0,0,0,0,0,1,0,0,0,1,0,0,0,0,0,0,0,0,0,0,0,0,0,0,0,0,0,0,0,0,0,0,0,0,0,0,1,0,0,0,0,0,0,1,0,0,0,0,0,0,0
packages/core/helpers/load-adapter.ts,source,packages/core,19,1,10,1,0,0,1,0,1,0,0,0,0,0,0,0,1,0,0,0,1,0,0,0,0,0,0,0,0,3,1,1,0,0,0,0,0,0,0,0,0,0,0,0,0,0,0,0,0,0,0,0,0,0,0,0,0,0,0,0,0,0
packages/core/helpers/messages.ts,source,packages/core,37,6,28,2,0,0,4,0,0,0,0,0,2,1,0,0,1,0,0,0,0,0,0,0,0,6,0,0,0,0,6,0,0,0,0,0,0,0,0,4,0,0,2,0,0,0,0,0,0,0,0,0,0,0,0,0,0,0,0,0,0,0
packages/core/helpers/optional-require.ts,source,packages/core,10,1,6,1,0,0,1,0,1,0,0,0,0,0,0,0,1,0,0,0,1,0,0,0,0,0,0,0,0,0,0,1,0,0,0,0,0,0,0,0,0,0,0,0,0,0,0,0,0,0,0,0,0,0,0,0,0,0,0,0,0,0
packages/core/helpers/rethrow.ts,source,packages/core,3,1,4,1,0,0,0,0,0,1,0,0,0,0,0,0,1,0,0,0,0,0,0,0,0,1,0,0,0,0,0,0,0,0,0,0,0,0,0,0,0,0,0,0,0,0,0,0,0,0,0,0,0,0,0,0,0,0,0,0,0,0
packages/core/helpers/router-method-factory.ts,source,packages/core,31,2,7,1,1,0,0,0,0,0,0,0,1,1,0,0,1,0,0,0,0,1,0,0,0,0,0,0,0,0,0,0,0,0,0,0,0,1,0,0,0,0,0,0,0,0,0,0,0,0,0,0,0,0,0,0,0,0,0,0,0,0
packages/core/helpers/safe-instance-decorator.ts,source,packages/core,26,1,11,2,0,0,0,0,1,0,0,0,0,0,1,0,1,1,0,0,1,0,0,0,0,0,0,0,0,2,0,0,0,0,0,0,0,1,0,0,0,0,0,0,0,0,0,0,0,0,0,0,0,0,0,0,0,1,0,0,0,0
packages/core/hooks/before-app-shutdown.hook.ts,source,packages/core,79,1,36,3,1,0,0,1,1,0,0,0,1,0,1,0,1,0,0,0,3,0,0,0,1,0,0,0,0,2,1,0,0,0,2,2,0,5,1,4,0,0,0,0,0,0,0,0,0,1,1,0,1,0,0,0,0,3,0,0,0,0
packages/core/hooks/index.ts,source,packages/core,5,5,1,0,0,0,0,0,0,0,0,0,0,1,0,0,0,0,0,0,0,0,0,0,0,0,0,0,0,0,0,0,0,0,0,0,0,0,0,0,0,0,0,0,0,0,0,0,0,0,0,0,0,0,0,0,0,0,0,0,0,0
packages/core/hooks/on-app-bootstrap.hook.ts,source,packages/core,61,1,33,3,1,0,0,1,0,0,0,0,1,0,1,0,1,0,0,0,3,0,0,0,1,0,0,0,0,0,1,0,0,0,3,2,0,3,1,3,0,0,0,0,0,0,0,0,0,0,1,0,1,0,0,0,0,6,0,0,0,0
packages/core/hooks/on-app-shutdown.hook.ts,source,packages/core,78,1,40,3,1,0,0,1,1,0,0,0,1,0,1,0,1,0,0,0,3,0,0,0,1,0,0,0,0,2,1,0,0,0,3,2,0,5,1,4,0,0,0,0,0,0,0,0,0,1,1,0,1,0,0,0,0,6,0,0,0,0
packages/core/hooks/on-module-destroy.hook.ts,source,packages/core,74,1,40,3,1,0,0,1,1,0,0,0,1,0,1,0,1,0,0,0,3,0,0,0,1,0,0,0,0,2,1,0,0,0,3,2,0,5,1,4,0,0,0,0,0,0,0,0,0,1,1,0,1,0,0,0,0,6,0,0,0,0
packages/core/hooks/on-module-init.hook.ts,source,packages/core,55,1,32,3,1,0,0,1,0,0,0,0,1,0,1,0,1,0,0,0,3,0,0,0,1,0,0,0,0,0,1,0,0,0,2,2,0,3,1,3,0,0,0,0,0,0,0,0,0,0,1,0,1,0,0,0,0,6,0,0,0,0
packages/core/hooks/utils/get-instances-grouped-by-hierarchy-level.ts,source,packages/core,34,1,19,1,4,0,0,2,0,0,0,0,0,0,0,0,1,0,0,0,1,0,0,0,2,0,0,0,0,0,0,2,0,0,0,2,0,0,2,2,0,0,0,0,0,0,0,0,0,0,0,0,0,0,0,0,0,0,0,0,0,0
packages/core/hooks/utils/get-sorted-hierarchy-levels.ts,source,packages/core,11,1,10,1,0,0,1,0,0,0,0,0,1,0,0,0,1,0,0,0,1,0,0,0,0,0,0,0,0,0,0,4,0,0,0,0,0,0,0,1,0,0,0,0,0,0,0,0,0,0,0,0,0,0,0,0,0,0,0,0,0,0
packages/core/index.ts,source,packages/core,28,20,2,0,0,0,0,0,0,0,0,0,0,1,0,0,0,0,0,0,0,0,0,0,0,0,0,0,0,0,0,0,0,0,0,0,0,0,0,0,0,0,0,0,0,0,0,0,0,0,0,0,0,0,0,0,0,1,0,0,0,0
packages/core/injector/abstract-instance-resolver.ts,source,packages/core,80,1,35,4,5,0,1,0,0,2,0,0,3,0,0,0,1,0,0,0,0,1,4,0,0,0,0,0,0,0,0,0,0,0,3,1,0,0,5,2,0,0,2,0,0,0,0,0,0,0,0,0,0,0,1,0,0,0,0,0,0,0
packages/core/injector/compiler.ts,source,packages/core,58,2,28,5,1,0,2,0,0,0,0,1,1,1,0,0,1,1,0,0,0,1,5,0,0,0,0,0,0,0,0,0,0,0,1,0,0,5,1,0,0,0,0,0,0,0,0,0,1,0,0,0,0,0,1,0,0,0,0,0,0,0
packages/core/injector/constants.ts,source,packages/core,6,2,3,0,0,0,0,0,0,0,0,0,0,1,0,0,0,0,0,0,0,0,0,0,0,0,0,0,0,0,0,0,0,0,0,0,0,0,1,0,0,0,0,0,0,0,0,0,0,0,0,0,0,0,0,0,1,0,0,0,0,0
packages/core/injector/container.ts,source,packages/core,328,1,181,32,17,0,3,0,0,9,0,0,5,0,1,0,1,1,0,0,0,1,57,0,9,0,0,0,0,0,0,0,0,0,13,10,0,2,4,2,0,0,0,0,0,1,0,1,0,3,0,0,0,0,2,0,1,6,0,0,0,0
packages/core/injector/helpers/is-debug-mode.util.ts,source,packages/core,3,1,6,1,0,0,0,0,0,0,0,0,0,0,1,0,1,0,0,0,1,0,0,0,0,0,0,0,0,1,1,0,0,0,0,0,0,0,0,0,0,0,0,0,0,0,0,0,0,0,0,0,0,0,0,0,0,0,0,0,0,0
packages/core/injector/helpers/provider-classifier.ts,source,packages/core,23,3,14,3,0,0,0,0,0,0,0,0,0,1,0,0,1,0,0,0,3,0,0,0,0,0,0,0,0,0,0,0,0,0,3,0,0,3,0,0,0,0,0,0,0,0,0,0,0,0,0,0,0,0,0,0,0,0,0,0,0,0
packages/core/injector/helpers/silent-logger.ts,source,packages/core,11,1,5,1,0,0,0,0,0,0,0,0,0,0,0,0,1,0,0,0,0,1,0,0,0,0,0,0,0,0,0,0,0,0,0,0,0,0,0,0,0,0,0,0,0,0,0,0,0,0,0,1,0,0,0,0,1,0,0,0,0,0
packages/core/injector/index.ts,source,packages/core,6,7,1,0,0,0,0,0,0,0,0,0,0,1,0,0,0,0,0,0,0,0,0,0,0,0,0,0,0,0,0,0,0,0,0,0,0,0,0,0,0,0,0,0,0,0,0,0,0,0,0,0,0,0,0,0,0,0,0,0,0,0
packages/core/injector/injector.ts,source,packages/core,1270,4,439,58,58,0,11,3,3,10,6,8,20,1,0,0,1,1,0,0,1,1,107,0,21,0,0,1,1,6,0,0,0,0,26,18,0,19,4,19,0,0,3,0,1,0,0,2,0,2,1,0,1,0,0,0,0,25,0,0,0,0
packages/core/injector/inquirer/index.ts,source,packages/core,1,1,0,0,0,0,0,0,0,0,0,0,0,0,0,0,0,0,0,0,0,0,0,0,0,0,0,0,0,0,0,0,0,0,0,0,0,0,0,0,0,0,0,0,0,0,0,0,0,0,0,0,0,0,0,0,0,0,0,0,0,0
packages/core/injector/inquirer/inquirer-constants.ts,source,packages/core,1,1,1,0,0,0,0,0,0,0,0,0,0,0,1,0,0,0,0,0,0,0,0,0,0,0,0,0,0,0,0,0,0,0,0,0,0,0,0,0,0,0,0,0,0,0,0,0,0,0,0,0,0,0,0,0,0,0,0,0,0,0
packages/core/injector/inquirer/inquirer-providers.ts,source,packages/core,8,1,5,1,0,0,0,0,0,0,0,0,0,0,1,0,0,0,0,1,0,0,0,0,0,0,0,0,0,0,0,0,0,0,0,0,0,0,0,0,0,0,0,0,0,0,0,0,0,0,0,1,0,0,0,0,1,0,0,0,0,0
packages/core/injector/instance-links-host.ts,source,packages/core,82,2,51,6,4,0,2,0,0,2,0,0,2,1,0,0,1,1,0,0,0,1,10,0,1,0,0,0,0,0,3,0,0,0,5,0,0,2,3,2,0,0,0,0,0,0,0,0,0,4,0,0,0,0,1,0,0,0,0,0,0,0
packages/core/injector/instance-loader.ts,source,packages/core,113,1,66,17,1,0,0,0,1,1,0,0,3,0,0,0,1,0,0,0,0,1,25,0,1,0,0,0,0,2,0,0,0,0,0,0,0,0,4,4,0,0,0,0,0,0,0,0,0,4,0,0,0,0,1,0,0,0,0,0,0,0
packages/core/injector/instance-wrapper.ts,source,packages/core,535,7,330,43,41,0,8,0,0,0,4,5,4,1,0,0,1,1,0,0,0,1,141,1,29,0,1,0,1,4,0,0,0,0,2,13,0,3,2,7,0,0,0,0,1,0,0,2,1,1,0,0,1,0,0,0,1,10,0,0,0,0
packages/core/injector/internal-core-module/index.ts,source,packages/core,1,1,0,0,0,0,0,0,0,0,0,0,0,0,0,0,0,0,0,0,0,0,0,0,0,0,0,0,0,0,0,0,0,0,0,0,0,0,0,0,0,0,0,0,0,0,0,0,0,0,0,0,0,0,0,0,0,0,0,0,0,0
packages/core/injector/internal-core-module/internal-core-module-factory.ts,source,packages/core,72,1,11,2,0,0,0,0,0,0,0,0,1,0,0,0,1,0,0,0,0,1,0,0,0,0,0,0,0,1,0,0,0,0,0,0,0,0,5,0,0,0,0,0,0,0,0,0,0,0,0,0,0,0,0,0,0,0,0,0,0,0
packages/core/injector/internal-core-module/internal-core-module.ts,source,packages/core,39,1,5,1,0,0,0,0,0,0,0,0,0,0,0,0,1,0,0,0,0,1,0,0,0,0,0,0,0,0,0,0,0,0,0,0,0,0,0,1,0,0,0,0,0,0,0,0,0,0,0,0,0,0,1,0,0,0,0,0,0,0
packages/core/injector/internal-providers-storage.ts,source,packages/core,15,1,10,3,0,0,0,0,0,0,0,0,0,0,0,0,1,0,0,0,0,1,3,0,1,0,0,0,0,0,0,0,0,0,0,0,0,0,1,0,0,0,0,0,0,0,0,0,0,0,0,0,0,0,0,0,0,0,0,0,0,0
packages/core/injector/lazy-module-loader/lazy-module-loader-options.interface.ts,source,packages/core,6,1,3,0,0,0,0,0,0,0,0,0,0,0,1,0,0,0,0,0,0,0,0,0,0,0,0,0,0,0,1,0,0,0,0,0,0,0,0,0,0,0,0,0,0,0,0,0,0,0,0,0,0,0,0,0,0,1,0,0,0,0
packages/core/injector/lazy-module-loader/lazy-module-loader.ts,source,packages/core,73,1,40,5,3,0,0,0,1,0,0,1,0,0,0,0,1,0,0,0,0,1,13,0,0,0,0,0,0,0,0,0,0,0,1,1,0,1,7,2,0,0,0,0,0,0,0,0,0,0,0,0,0,0,1,0,0,2,0,0,0,0
packages/core/injector/module-ref.ts,source,packages/core,200,2,66,8,4,0,0,0,0,0,1,2,1,1,0,0,1,1,0,0,0,1,10,0,2,0,0,1,0,0,0,0,0,0,14,0,0,0,3,0,0,0,0,0,0,0,0,1,0,0,0,0,0,0,0,0,0,15,0,0,0,0
packages/core/injector/module.ts,source,packages/core,609,1,317,61,27,0,7,4,0,4,2,3,3,0,0,0,1,0,0,0,0,2,114,0,10,0,1,0,0,2,0,0,0,0,25,6,0,26,3,8,0,0,1,0,0,1,1,1,0,0,0,0,1,0,2,0,0,1,0,0,0,0
packages/core/injector/modules-container.ts,source,packages/core,36,1,20,4,0,0,0,0,0,0,0,0,0,0,0,0,1,0,1,0,0,1,4,0,0,0,0,0,0,1,0,0,0,0,1,0,0,0,2,1,0,0,0,0,0,0,0,0,0,0,0,0,0,0,0,0,0,4,0,0,0,0
packages/core/injector/opaque-key-factory/by-reference-module-opaque-key-factory.ts,source,packages/core,50,1,29,6,2,0,1,0,0,0,1,2,0,0,0,0,1,0,0,0,0,1,9,0,2,0,0,0,0,1,0,0,0,0,0,0,0,0,1,0,0,0,0,0,0,0,0,0,0,0,0,0,0,0,2,0,0,0,0,0,0,0
packages/core/injector/opaque-key-factory/deep-hashed-module-opaque-key-factory.ts,source,packages/core,121,1,70,7,11,0,1,0,0,0,1,1,2,0,0,0,1,0,2,0,0,1,15,0,0,0,5,0,0,5,0,0,0,0,6,1,0,2,1,2,0,0,0,0,0,0,0,0,0,0,0,0,0,0,2,0,2,2,0,0,0,0
packages/core/injector/opaque-key-factory/interfaces/module-opaque-key-factory.interface.ts,source,packages/core,23,1,4,0,0,0,0,0,0,0,0,0,0,0,1,0,0,0,0,0,0,0,0,0,0,0,0,0,0,0,1,0,0,0,0,0,0,0,0,0,0,0,0,0,0,0,0,0,0,0,0,0,0,0,0,0,0,2,0,0,0,0
packages/core/injector/settlement-signal.ts,source,packages/core,77,1,38,8,2,0,0,1,0,0,0,0,0,0,0,0,1,1,0,0,0,1,13,0,4,0,0,0,0,0,0,0,0,0,0,0,0,0,0,0,0,0,0,0,0,0,0,0,0,0,0,0,0,0,0,0,0,7,0,0,0,0
packages/core/injector/topology-tree/topology-tree.ts,source,packages/core,49,1,28,5,5,0,0,0,0,0,0,0,0,0,0,0,1,0,0,0,1,1,10,0,1,0,0,0,0,0,0,0,0,0,0,1,0,0,1,0,0,0,0,0,0,0,0,0,0,2,0,0,0,0,0,0,0,0,0,0,0,0
packages/core/injector/topology-tree/tree-node.ts,source,packages/core,52,1,38,6,3,0,0,2,0,0,3,3,0,0,0,0,1,0,0,0,0,1,11,0,3,0,0,0,0,0,0,0,0,0,0,4,0,0,0,0,0,0,0,0,0,0,0,0,0,0,0,0,0,0,0,0,0,1,0,0,0,0
packages/core/inspector/deterministic-uuid-registry.ts,source,packages/core,20,1,23,3,1,0,1,1,0,0,2,2,0,0,0,0,1,0,1,0,0,1,6,0,0,0,0,0,0,0,0,3,0,0,0,0,0,0,0,1,0,0,0,0,0,0,0,0,0,0,0,0,0,0,0,0,0,0,0,0,0,0
packages/core/inspector/graph-inspector.ts,source,packages/core,217,1,88,14,2,0,0,2,0,0,0,1,3,0,0,0,1,0,0,0,0,1,29,0,9,0,1,0,0,0,0,0,0,0,1,6,0,3,9,0,0,0,0,0,0,0,0,0,0,6,0,0,0,0,0,0,0,0,0,0,0,0
packages/core/inspector/index.ts,source,packages/core,4,4,1,0,0,0,0,0,0,0,0,0,0,1,0,0,0,0,0,0,0,0,0,0,0,0,0,0,0,0,0,0,0,0,0,0,0,0,0,0,0,0,0,0,0,0,0,0,0,0,0,0,0,0,0,0,0,0,0,0,0,0
packages/core/inspector/initialize-on-preview.allowlist.ts,source,packages/core,10,1,8,2,0,0,0,0,0,0,0,0,0,0,1,0,1,0,0,0,0,1,2,0,0,0,0,0,0,0,1,0,0,0,0,0,0,0,0,0,0,0,0,0,0,0,0,0,0,0,0,0,0,0,0,0,0,0,0,0,0,0
packages/core/inspector/interfaces/edge.interface.ts,source,packages/core,27,1,4,0,0,0,0,0,0,0,0,0,0,0,1,0,0,0,0,0,0,0,0,0,0,0,0,0,0,0,1,0,1,0,0,0,0,0,0,0,0,0,0,0,0,0,0,0,0,0,0,0,0,0,0,0,0,1,0,0,0,0
packages/core/inspector/interfaces/enhancer-metadata-cache-entry.interface.ts,source,packages/core,12,1,4,0,0,0,0,0,0,0,0,0,0,0,1,0,0,0,0,0,0,0,0,0,0,0,0,0,0,0,1,0,0,0,0,0,0,0,1,0,0,0,0,0,0,0,0,0,0,0,0,0,0,0,1,0,0,0,0,0,0,0
packages/core/inspector/interfaces/entrypoint.interface.ts,source,packages/core,21,3,5,0,0,0,0,0,0,0,0,0,0,1,0,0,0,0,0,0,0,0,0,0,0,0,0,0,0,0,1,0,3,0,0,0,0,0,0,0,0,0,0,0,0,0,0,0,0,0,0,0,0,0,0,0,0,0,0,0,0,0
packages/core/inspector/interfaces/extras.interface.ts,source,packages/core,18,3,4,0,0,0,0,0,0,0,0,0,0,1,0,0,0,0,0,0,0,0,0,0,0,0,0,0,0,0,1,0,0,0,0,0,0,0,0,0,0,0,0,0,0,0,0,0,0,0,0,0,0,0,0,0,0,2,0,0,0,0
packages/core/inspector/interfaces/node.interface.ts,source,packages/core,44,3,7,0,0,0,0,0,0,0,0,0,0,1,0,0,0,0,0,0,0,0,0,0,0,0,0,0,0,0,1,0,2,0,0,0,0,0,0,0,0,0,0,0,0,0,0,0,0,0,0,0,0,0,0,0,0,3,0,0,0,0
packages/core/inspector/interfaces/serialized-graph-json.interface.ts,source,packages/core,14,1,8,0,0,0,0,0,0,0,0,0,0,0,1,0,0,0,0,0,0,0,0,0,0,0,0,0,0,0,1,0,0,0,0,0,0,0,6,0,0,0,0,0,0,0,0,0,0,0,0,0,0,0,0,0,0,0,0,0,0,0
packages/core/inspector/interfaces/serialized-graph-metadata.interface.ts,source,packages/core,10,1,4,0,0,0,0,0,0,0,0,0,0,0,1,0,0,0,0,0,0,0,0,0,0,0,0,0,0,0,1,0,0,0,1,0,0,0,1,0,0,0,0,0,0,0,0,0,0,0,0,0,0,0,0,0,0,0,0,0,0,0
packages/core/inspector/noop-graph-inspector.ts,source,packages/core,8,1,3,1,0,0,0,0,0,0,0,0,0,0,0,0,0,0,0,0,0,0,0,0,0,0,0,0,0,0,0,0,0,0,0,0,0,0,0,0,0,0,0,0,0,0,0,0,0,0,0,1,0,0,0,0,1,0,0,0,0,0
packages/core/inspector/partial-graph.host.ts,source,packages/core,13,1,12,3,0,0,0,0,0,0,0,0,0,0,1,0,1,0,0,0,0,1,3,0,1,0,0,0,0,0,1,0,0,0,0,0,0,0,1,0,0,0,0,0,0,0,0,0,0,0,0,0,0,0,0,0,0,0,0,0,0,0
packages/core/inspector/serialized-graph.ts,source,packages/core,142,2,73,12,7,0,1,0,0,0,0,0,1,1,0,0,1,1,1,0,0,1,22,0,9,0,0,0,0,0,2,0,0,0,0,1,0,0,7,3,0,0,2,0,0,0,0,0,0,0,0,0,0,0,0,0,1,0,0,0,0,0
packages/core/inspector/uuid-factory.ts,source,packages/core,17,2,13,2,0,0,1,0,0,0,0,0,0,1,0,0,1,1,0,0,0,1,2,0,1,0,0,0,0,1,0,0,0,1,0,0,0,0,0,0,0,0,0,0,0,0,0,0,0,0,0,0,0,0,1,0,0,0,0,0,0,0
packages/core/interceptors/index.ts,source,packages/core,2,2,1,0,0,0,0,0,0,0,0,0,0,1,0,0,0,0,0,0,0,0,0,0,0,0,0,0,0,0,0,0,0,0,0,0,0,0,0,0,0,0,0,0,0,0,0,0,0,0,0,0,0,0,0,0,0,0,0,0,0,0
packages/core/interceptors/interceptors-consumer.ts,source,packages/core,79,1,40,8,4,0,1,0,0,0,1,1,1,0,0,0,1,0,0,0,0,1,2,0,0,0,2,1,0,0,0,1,0,0,2,1,0,1,0,1,0,0,0,0,0,0,0,0,0,0,0,0,0,0,2,0,0,9,0,0,0,0
packages/core/interceptors/interceptors-context-creator.ts,source,packages/core,119,1,61,6,7,0,1,0,0,0,0,0,3,0,0,0,1,0,0,0,0,1,12,0,1,0,0,0,0,0,0,0,0,0,3,1,0,11,3,7,0,0,0,0,0,0,0,1,0,0,0,0,1,0,2,0,0,0,0,0,0,0
packages/core/interfaces/index.ts,source,packages/core,2,2,1,0,0,0,0,0,0,0,0,0,0,1,0,0,0,0,0,0,0,0,0,0,0,0,0,0,0,0,0,0,0,0,0,0,0,0,0,0,0,0,0,0,0,0,0,0,0,0,0,0,0,0,0,0,0,0,0,0,0,0
packages/core/interfaces/module-definition.interface.ts,source,packages/core,7,1,2,0,0,0,0,0,0,0,0,0,0,0,1,0,0,0,0,0,0,0,0,0,0,0,0,0,0,0,1,0,0,0,0,0,0,0,0,0,0,0,0,0,0,0,0,0,0,0,0,0,0,0,0,0,0,0,0,0,0,0
packages/core/interfaces/module-override.interface.ts,source,packages/core,5,1,3,0,0,0,0,0,0,0,0,0,0,0,1,0,0,0,0,0,0,0,0,0,0,0,0,0,0,0,1,0,0,0,0,0,0,0,1,0,0,0,0,0,0,0,0,0,0,0,0,0,0,0,0,0,0,0,0,0,0,0
packages/core/internal.ts,source,packages/core,55,38,15,0,0,0,0,0,0,0,0,0,0,1,0,0,0,0,0,0,0,0,0,0,0,0,0,0,0,0,0,0,0,0,0,0,0,0,0,0,0,0,0,0,0,0,0,0,0,0,0,0,0,0,0,0,0,14,0,0,0,0
packages/core/metadata-scanner.ts,source,packages/core,99,1,36,3,8,0,0,4,0,0,0,2,2,0,0,0,1,0,0,0,0,1,4,0,2,0,0,0,0,0,0,0,0,0,1,4,0,0,0,0,0,0,0,0,0,0,0,0,0,0,0,0,0,0,0,0,0,4,0,0,0,0
packages/core/middleware/builder.ts,source,packages/core,121,1,67,13,1,0,0,1,0,0,0,0,3,0,1,0,1,0,0,0,0,2,18,0,2,0,0,0,1,0,0,0,0,0,5,0,0,1,2,8,0,0,0,0,0,1,0,0,0,0,0,0,1,0,2,0,0,4,0,0,0,0
packages/core/middleware/container.ts,source,packages/core,63,1,31,7,2,0,0,0,0,0,0,0,1,0,1,0,1,0,0,0,0,1,10,0,0,0,0,0,0,0,0,0,0,0,0,3,0,0,1,2,0,0,0,0,0,0,0,0,0,1,0,0,0,0,1,0,0,0,0,0,0,0
packages/core/middleware/index.ts,source,packages/core,1,1,0,0,0,0,0,0,0,0,0,0,0,0,0,0,0,0,0,0,0,0,0,0,0,0,0,0,0,0,0,0,0,0,0,0,0,0,0,0,0,0,0,0,0,0,0,0,0,0,0,0,0,0,0,0,0,0,0,0,0,0
packages/core/middleware/middleware-module.ts,source,packages/core,347,1,141,15,13,0,3,4,2,3,1,1,9,0,0,0,1,0,0,0,0,1,38,0,13,0,1,0,0,2,0,0,0,0,3,5,0,5,10,4,0,0,0,0,1,0,0,0,0,1,4,0,0,0,1,0,0,0,0,0,0,0
packages/core/middleware/resolver.ts,source,packages/core,25,1,15,3,0,0,0,0,0,0,0,0,1,0,1,0,1,0,0,0,0,1,3,0,0,0,0,0,0,0,0,0,0,0,0,0,0,0,4,1,0,0,0,0,0,0,0,0,0,0,0,0,0,0,0,0,0,0,0,0,0,0
packages/core/middleware/route-info-path-extractor.ts,source,packages/core,114,1,80,6,8,0,6,0,0,0,0,0,2,0,0,0,1,0,0,0,0,1,27,0,4,0,0,0,0,0,0,1,0,0,0,1,0,0,2,14,0,0,4,0,0,0,0,0,0,0,0,0,0,0,1,0,0,2,0,0,0,0
packages/core/middleware/routes-mapper.ts,source,packages/core,158,1,75,11,9,0,2,0,0,0,1,1,4,0,0,0,1,0,0,0,0,1,15,0,3,0,0,0,0,0,0,2,0,0,4,1,0,2,4,10,0,0,2,0,0,0,0,0,0,0,0,0,0,0,2,0,0,0,0,0,0,0
packages/core/middleware/utils.ts,source,packages/core,133,6,74,9,8,0,3,0,1,1,0,0,5,1,0,0,1,0,2,0,3,2,0,1,1,2,1,0,0,1,0,1,0,0,12,2,0,3,1,8,0,0,0,0,0,1,0,0,0,0,0,0,1,0,2,0,0,1,0,0,0,0
packages/core/nest-application-context.ts,source,packages/core,481,1,246,31,10,0,4,5,1,2,0,2,2,0,0,0,1,0,0,0,0,1,72,0,13,0,0,1,1,12,0,2,0,0,12,3,0,5,4,7,1,0,0,0,1,2,0,1,0,2,5,1,0,0,1,0,0,41,0,0,0,0
packages/core/nest-application.ts,source,packages/core,680,1,457,55,40,0,8,0,0,3,1,7,7,0,0,0,1,0,0,0,0,1,203,0,15,0,1,0,1,6,0,1,0,0,31,2,0,6,5,10,0,0,0,0,0,0,0,2,0,6,0,0,1,0,2,0,0,42,0,0,0,0
packages/core/nest-factory.ts,source,packages/core,376,3,120,21,10,0,8,0,1,0,1,1,4,1,0,0,1,1,0,0,0,1,33,1,3,0,2,0,0,2,0,1,0,0,7,6,0,3,1,0,0,0,0,0,0,0,0,0,0,0,0,0,0,0,2,0,0,9,0,0,0,0
packages/core/pipes/index.ts,source,packages/core,3,3,1,0,0,0,0,0,0,0,0,0,0,1,0,0,0,0,0,0,0,0,0,0,0,0,0,0,0,0,0,0,0,0,0,0,0,0,0,0,0,0,0,0,0,0,0,0,0,0,0,0,0,0,0,0,0,0,0,0,0,0
packages/core/pipes/params-token-factory.ts,source,packages/core,16,1,4,1,0,1,0,0,0,0,0,0,0,0,0,0,1,0,0,0,0,1,0,0,0,0,0,0,0,0,0,0,0,0,0,0,0,0,0,0,0,0,0,0,0,0,0,0,0,0,0,0,0,0,0,0,0,0,0,0,0,0
packages/core/pipes/pipes-consumer.ts,source,packages/core,36,1,15,2,0,0,0,1,0,0,1,1,0,0,0,0,1,0,0,0,0,1,2,0,0,0,0,0,0,0,0,0,0,0,1,0,0,2,0,0,0,0,0,0,0,0,0,0,0,0,1,0,0,0,2,0,0,0,0,0,0,0
packages/core/pipes/pipes-context-creator.ts,source,packages/core,112,1,63,7,7,0,0,0,0,0,0,0,3,0,0,0,1,0,0,0,0,1,13,0,2,0,0,0,0,0,0,0,0,0,4,0,0,11,3,7,0,0,0,0,0,0,0,1,0,0,0,0,1,0,2,0,0,0,0,0,0,0
packages/core/repl/assign-to-object.util.ts,source,packages/core,17,1,12,2,0,0,0,0,0,0,0,0,0,0,1,0,1,0,0,0,1,0,0,0,2,0,0,0,0,0,1,0,0,0,0,0,0,1,0,1,1,0,0,0,0,0,0,0,0,0,0,0,0,0,0,0,0,1,0,0,0,0
packages/core/repl/constants.ts,source,packages/core,1,1,1,0,0,0,0,0,0,0,0,0,0,0,1,0,0,0,0,0,0,0,0,0,0,0,0,0,0,0,0,0,0,0,0,0,0,0,0,0,0,0,0,0,0,0,0,0,0,0,0,0,0,0,0,0,0,0,0,0,0,0
packages/core/repl/index.ts,source,packages/core,1,1,0,0,0,0,0,0,0,0,0,0,0,0,0,0,0,0,0,0,0,0,0,0,0,0,0,0,0,0,0,0,0,0,0,0,0,0,0,0,0,0,0,0,0,0,0,0,0,0,0,0,0,0,0,0,0,0,0,0,0,0
packages/core/repl/native-functions/debug-repl-fn.ts,source,packages/core,53,1,29,3,3,0,1,1,0,0,0,0,0,0,0,0,1,0,0,0,0,1,12,0,0,0,0,0,0,1,0,0,0,0,0,0,0,0,0,1,2,0,1,0,0,0,0,0,0,1,0,0,0,0,1,0,0,0,0,0,0,0
packages/core/repl/native-functions/get-repl-fn.ts,source,packages/core,15,1,6,1,0,0,0,0,0,0,0,0,0,0,0,0,1,0,0,0,0,1,1,0,0,0,0,0,0,0,0,0,0,0,2,0,0,0,0,0,0,0,0,0,0,0,0,0,0,0,0,0,0,0,0,0,0,0,0,0,0,0
packages/core/repl/native-functions/help-repl-fn.ts,source,packages/core,28,1,16,1,0,0,2,0,0,0,0,0,0,0,0,0,1,0,0,0,0,1,2,0,0,0,0,0,0,0,0,2,0,0,0,0,0,0,0,4,0,0,0,0,0,0,0,0,0,0,0,0,1,0,2,0,0,0,0,0,0,0
packages/core/repl/native-functions/index.ts,source,packages/core,6,6,1,0,0,0,0,0,0,0,0,0,0,1,0,0,0,0,0,0,0,0,0,0,0,0,0,0,0,0,0,0,0,0,0,0,0,0,0,0,0,0,0,0,0,0,0,0,0,0,0,0,0,0,0,0,0,0,0,0,0,0
packages/core/repl/native-functions/methods-repl-fn.ts,source,packages/core,27,1,14,1,0,0,1,0,0,0,0,0,1,0,0,0,1,0,0,0,0,1,6,0,0,0,0,0,0,0,0,0,0,0,0,0,0,0,0,0,0,0,1,0,0,0,0,0,0,1,0,0,0,0,1,0,0,0,0,0,0,0
packages/core/repl/native-functions/resolve-repl-fn.ts,source,packages/core,17,1,7,1,0,0,0,0,0,0,0,0,0,0,0,0,1,0,0,0,0,1,1,0,0,0,0,0,0,0,0,0,0,0,3,0,0,0,0,0,0,0,0,0,0,0,0,0,0,0,0,0,0,0,0,0,0,0,0,0,0,0
packages/core/repl/native-functions/select-relp-fn.ts,source,packages/core,18,1,5,1,0,0,0,0,0,0,0,0,0,0,1,0,1,0,0,0,0,1,1,0,0,0,0,0,0,0,0,0,0,0,0,0,0,0,0,0,0,0,0,0,0,0,0,0,0,0,0,0,0,0,0,0,0,0,0,0,0,0
packages/core/repl/repl-context.ts,source,packages/core,162,2,76,13,5,0,2,0,0,0,1,1,1,1,0,0,1,1,0,0,0,1,21,0,9,0,0,0,0,1,0,0,1,0,2,0,0,2,3,1,0,0,2,0,0,0,0,0,0,5,0,0,0,0,0,0,1,1,0,0,0,0
packages/core/repl/repl-function.ts,source,packages/core,29,1,14,2,0,0,0,0,0,0,0,0,1,0,0,0,1,0,0,0,0,1,2,0,1,0,0,0,0,0,0,0,0,0,1,0,0,0,1,0,0,0,0,0,0,0,0,0,0,0,0,0,0,0,1,0,0,3,0,0,0,0
packages/core/repl/repl-logger.ts,source,packages/core,18,1,10,1,1,0,0,0,0,0,0,0,0,0,0,0,1,0,0,0,0,1,1,0,0,0,0,0,0,0,0,0,0,0,2,1,0,1,0,1,0,0,0,0,0,0,0,0,0,0,0,0,0,0,0,0,0,0,0,0,0,0
packages/core/repl/repl-native-commands.ts,source,packages/core,46,1,25,4,3,0,0,0,0,0,0,0,0,0,1,0,1,0,0,0,3,0,9,0,0,0,0,0,0,0,0,0,0,0,0,0,0,0,0,1,1,0,0,0,0,0,0,0,0,1,0,0,0,0,0,0,0,1,0,0,0,0
packages/core/repl/repl.interfaces.ts,source,packages/core,16,2,7,0,0,0,0,0,0,0,0,0,0,1,0,0,0,0,0,0,0,0,0,0,0,0,0,0,0,0,1,0,1,0,0,0,0,0,0,0,0,0,0,0,0,0,0,0,0,0,0,0,0,0,0,0,0,4,0,0,0,0
packages/core/repl/repl.ts,source,packages/core,33,1,8,2,0,0,0,0,0,0,0,0,1,0,0,0,1,0,0,0,1,0,0,0,0,0,0,0,0,1,0,0,0,0,0,0,0,0,0,0,0,0,0,0,0,0,0,0,0,0,0,0,0,0,2,0,0,0,0,0,0,0
packages/core/router/index.ts,source,packages/core,3,3,1,0,0,0,0,0,0,0,0,0,0,1,0,0,0,0,0,0,0,0,0,0,0,0,0,0,0,0,0,0,0,0,0,0,0,0,0,0,0,0,0,0,0,0,0,0,0,0,0,0,0,0,0,0,0,0,0,0,0,0
packages/core/router/interfaces/exceptions-filter.interface.ts,source,packages/core,12,1,5,0,0,0,0,0,0,0,0,0,0,0,1,0,0,0,0,0,0,0,0,0,0,0,0,0,0,0,1,0,0,0,0,0,0,0,2,0,0,0,0,0,0,0,0,0,0,0,0,0,0,0,1,0,0,0,0,0,0,0
packages/core/router/interfaces/exclude-route-metadata.interface.ts,source,packages/core,15,1,5,0,0,0,0,0,0,0,0,0,0,0,1,0,0,0,0,0,0,0,0,0,0,0,0,0,0,0,1,0,0,0,0,0,0,0,0,0,0,0,0,0,0,0,0,0,0,0,0,0,0,0,0,0,0,3,0,0,0,0
packages/core/router/interfaces/index.ts,source,packages/core,4,4,1,0,0,0,0,0,0,0,0,0,0,1,0,0,0,0,0,0,0,0,0,0,0,0,0,0,0,0,0,0,0,0,0,0,0,0,0,0,0,0,0,0,0,0,0,0,0,0,0,0,0,0,0,0,0,0,0,0,0,0
packages/core/router/interfaces/resolved-route.interface.ts,source,packages/core,32,2,7,0,0,0,0,0,0,0,0,0,0,1,0,0,0,0,0,0,0,0,0,0,0,0,0,0,0,0,1,0,0,0,0,0,0,0,3,0,0,0,0,0,0,0,0,0,0,0,0,0,0,0,0,0,0,2,0,0,0,0
packages/core/router/interfaces/resolver.interface.ts,source,packages/core,13,1,5,0,0,0,0,0,0,0,0,0,0,0,1,0,0,0,0,0,0,0,0,0,0,0,0,0,0,0,1,0,0,0,0,0,0,0,3,0,0,0,0,0,0,0,0,0,0,0,0,0,0,0,0,0,0,0,0,0,0,0
packages/core/router/interfaces/route-conflict.interface.ts,source,packages/core,14,2,8,0,0,0,0,0,0,0,0,0,0,1,0,0,0,0,0,0,0,0,0,0,0,0,0,0,0,0,3,0,0,0,0,0,0,0,1,0,0,0,0,0,0,0,0,0,0,0,0,0,0,0,0,0,0,3,0,0,0,0
packages/core/router/interfaces/route-params-factory.interface.ts,source,packages/core,12,1,7,0,0,0,0,0,0,0,0,0,0,0,1,0,0,0,0,0,0,0,0,0,0,0,0,0,0,0,1,0,0,0,5,0,0,0,0,0,0,0,0,0,0,0,0,0,0,0,0,0,0,0,0,0,0,0,0,0,0,0
packages/core/router/interfaces/route-path-metadata.interface.ts,source,packages/core,32,1,9,0,0,0,0,0,0,0,0,0,0,0,1,0,0,0,0,0,0,0,0,0,0,0,0,0,0,0,1,0,0,0,0,0,0,0,0,0,0,0,0,0,0,0,0,0,0,0,0,0,0,0,0,0,0,7,0,0,0,0
packages/core/router/interfaces/route-resolution-options.interface.ts,source,packages/core,24,1,6,0,0,0,0,0,0,0,0,0,0,0,1,0,0,0,0,0,0,0,0,0,0,0,0,0,0,0,1,0,0,0,0,0,0,0,1,0,0,0,0,0,0,0,0,0,0,0,0,0,0,0,0,0,0,3,0,0,0,0
packages/core/router/interfaces/routes.interface.ts,source,packages/core,7,2,4,0,0,0,0,0,0,0,0,0,0,1,0,0,0,0,0,0,0,0,0,0,0,0,0,0,0,0,1,0,0,0,2,0,0,0,0,0,0,0,0,0,0,0,0,0,0,0,0,0,0,0,0,0,0,0,0,0,0,0
packages/core/router/legacy-route-converter.ts,source,packages/core,77,1,38,4,6,0,4,0,0,0,0,0,1,0,0,0,1,0,0,0,0,1,4,0,0,0,0,0,0,3,1,0,0,0,0,0,0,0,0,1,0,0,0,0,0,8,0,0,0,0,0,1,0,0,0,0,0,3,0,0,0,0
packages/core/router/paths-explorer.ts,source,packages/core,74,2,23,3,2,0,2,0,0,0,0,0,1,1,0,0,1,1,0,0,0,1,2,0,1,0,0,0,0,0,0,1,0,0,0,0,0,1,2,2,0,0,0,0,0,0,0,0,0,0,0,0,0,0,2,0,0,0,0,0,0,0
packages/core/router/request/index.ts,source,packages/core,1,1,1,0,0,0,0,0,0,0,0,0,0,0,1,0,0,0,0,0,0,0,0,0,0,0,0,0,0,0,0,0,0,0,0,0,0,0,0,0,0,0,0,0,0,0,0,0,0,0,0,0,0,0,0,0,0,0,0,0,0,0
packages/core/router/request/request-constants.ts,source,packages/core,2,2,2,0,0,0,0,0,0,0,0,0,0,1,0,0,0,0,0,0,0,0,0,0,0,0,0,0,0,0,0,0,0,0,0,0,0,0,0,0,0,0,0,0,0,0,0,0,0,0,0,0,0,0,0,0,1,0,0,0,0,0
packages/core/router/request/request-providers.ts,source,packages/core,8,1,5,1,0,0,0,0,0,0,0,0,0,0,1,0,0,0,0,1,0,0,0,0,0,0,0,0,0,0,0,0,0,0,0,0,0,0,0,0,0,0,0,0,0,0,0,0,0,0,0,1,0,0,0,0,1,0,0,0,0,0
packages/core/router/route-conflict-detector.ts,source,packages/core,397,1,188,22,34,0,10,0,0,1,1,1,9,0,0,0,1,1,1,0,0,1,0,0,8,0,4,0,9,1,3,0,0,0,0,0,0,4,3,31,0,0,8,0,0,5,0,0,0,5,0,0,0,0,0,0,0,25,0,0,0,0
packages/core/router/route-params-factory.ts,source,packages/core,66,1,31,2,0,1,7,0,0,0,0,0,0,0,0,0,1,0,0,0,0,1,1,0,0,0,0,0,0,0,0,0,0,0,9,0,0,5,1,0,0,0,0,0,0,1,0,0,0,0,0,0,0,0,2,0,0,0,0,0,0,0
packages/core/router/route-path-factory.ts,source,packages/core,156,1,72,9,14,0,3,0,0,0,1,8,1,0,0,0,1,0,0,0,0,1,10,0,0,0,0,0,1,0,0,2,0,0,0,0,0,0,2,9,0,0,5,0,0,2,0,0,0,1,0,0,0,0,1,0,0,1,0,0,0,0
packages/core/router/route-specificity-sorter.ts,source,packages/core,71,1,31,5,3,0,0,0,0,0,1,1,2,0,0,0,1,1,2,0,0,1,0,0,0,0,0,0,0,0,4,0,0,0,0,0,0,0,1,5,0,0,0,0,0,0,0,0,0,1,0,0,0,0,0,0,0,3,0,0,0,0
packages/core/router/router-exception-filters.ts,source,packages/core,67,1,32,3,2,0,0,0,0,0,0,0,2,0,0,0,1,0,0,0,0,1,6,0,2,0,0,0,0,0,0,0,0,0,0,1,0,3,4,4,0,0,0,0,0,0,0,0,0,0,0,0,1,0,2,0,0,0,0,0,0,0
packages/core/router/router-execution-context.ts,source,packages/core,572,2,198,29,16,0,5,0,1,2,1,3,8,1,0,0,1,1,0,0,0,1,46,1,4,0,2,0,0,0,0,0,0,0,19,1,0,11,16,7,1,0,1,0,0,0,0,0,0,0,0,1,0,0,0,0,0,19,0,0,0,0
packages/core/router/router-explorer.ts,source,packages/core,489,2,176,21,16,0,5,3,2,3,3,3,9,1,0,0,1,1,0,0,0,1,35,0,11,0,1,0,0,4,0,3,0,0,10,5,0,4,17,3,0,0,4,0,1,0,0,0,0,5,0,0,0,0,2,0,0,2,0,0,0,0
packages/core/router/router-module.ts,source,packages/core,85,3,43,8,4,0,0,0,0,0,1,2,0,1,0,0,1,0,0,0,0,1,12,0,2,0,0,0,0,0,0,0,0,0,3,1,0,1,0,2,0,0,1,0,0,0,0,0,0,1,0,0,0,0,1,0,0,1,0,0,0,0
packages/core/router/router-proxy.ts,source,packages/core,51,2,13,4,0,0,0,0,2,0,0,0,0,1,0,0,1,1,0,0,0,1,0,0,0,0,0,0,0,0,0,2,0,0,0,0,0,0,1,0,0,0,0,0,0,0,0,0,0,0,0,0,0,0,0,0,0,0,0,0,0,0
packages/core/router/router-response-controller.ts,source,packages/core,267,3,133,23,16,1,5,0,0,2,2,5,3,1,0,0,1,1,1,0,0,1,12,0,1,0,1,2,0,3,0,0,0,0,9,0,0,5,4,0,0,0,1,0,0,0,0,2,0,1,0,0,0,0,2,0,0,28,0,0,0,0
packages/core/router/routes-resolver.ts,source,packages/core,202,1,91,16,2,0,0,0,0,2,0,0,7,0,0,0,1,0,0,0,0,1,33,0,3,0,0,0,0,3,0,0,0,0,2,5,0,2,9,0,0,0,0,0,0,0,0,0,0,5,0,0,0,0,0,0,0,0,0,0,0,0
packages/core/router/sse-stream.ts,source,packages/core,167,4,84,10,7,0,5,0,0,0,1,5,1,1,0,0,1,1,3,0,4,1,23,0,8,0,0,0,0,0,0,0,0,0,1,2,0,0,2,2,0,0,0,0,1,2,0,1,0,0,0,0,0,0,1,0,1,0,0,0,0,0
packages/core/router/utils/exclude-route.util.ts,source,packages/core,21,2,14,3,1,0,0,0,0,0,0,0,0,1,0,0,1,0,0,0,1,0,0,1,0,1,0,0,0,0,1,0,0,0,0,0,0,1,1,1,0,0,0,0,0,0,0,0,0,0,0,0,0,0,1,0,0,0,0,0,0,0
packages/core/router/utils/flatten-route-paths.util.ts,source,packages/core,28,1,22,3,3,0,0,0,0,0,0,0,0,0,1,0,1,0,0,0,1,0,0,0,4,0,0,0,0,0,1,0,0,0,1,0,0,3,1,0,0,0,0,0,0,0,0,0,0,2,0,0,0,0,1,0,0,0,0,0,0,0
packages/core/router/utils/index.ts,source,packages/core,2,2,1,0,0,0,0,0,0,0,0,0,0,1,0,0,0,0,0,0,0,0,0,0,0,0,0,0,0,0,0,0,0,0,0,0,0,0,0,0,0,0,0,0,0,0,0,0,0,0,0,0,0,0,0,0,0,0,0,0,0,0
packages/core/scanner.ts,source,packages/core,704,1,325,45,27,0,6,4,0,6,4,8,9,0,1,0,1,1,0,0,0,1,100,1,4,0,1,0,2,0,0,0,0,0,16,13,0,29,7,13,2,0,0,0,0,0,0,0,0,11,3,0,1,0,2,0,0,7,0,0,0,0
packages/core/security/cross-origin-protection.ts,source,packages/core,365,8,152,11,27,0,3,2,2,6,2,2,6,1,0,0,1,1,0,0,7,1,15,0,4,0,0,0,6,0,8,0,0,0,2,3,0,3,0,11,1,0,4,0,0,3,0,0,0,0,0,0,0,0,0,0,1,19,0,0,0,0
packages/core/security/http-security-hook.ts,source,packages/core,53,1,22,4,1,0,0,2,0,0,0,0,0,0,0,0,1,0,0,0,0,1,7,0,2,0,0,0,0,0,0,0,0,0,1,0,0,0,0,0,0,0,0,0,0,0,0,0,0,0,0,0,0,0,0,0,0,3,0,0,0,0
packages/core/security/security-headers.ts,source,packages/core,468,5,169,12,43,0,12,5,0,1,1,2,4,1,0,0,1,1,4,0,9,1,1,0,2,0,0,0,7,0,0,2,0,0,0,0,0,4,0,16,4,0,7,1,0,7,1,0,0,0,0,0,0,0,0,0,8,12,0,0,0,0
packages/core/services/index.ts,source,packages/core,1,1,0,0,0,0,0,0,0,0,0,0,0,0,0,0,0,0,0,0,0,0,0,0,0,0,0,0,0,0,0,0,0,0,0,0,0,0,0,0,0,0,0,0,0,0,0,0,0,0,0,0,0,0,0,0,0,0,0,0,0,0
packages/core/services/reflector.service.ts,source,packages/core,263,3,112,7,6,0,2,1,0,0,0,0,1,1,0,0,1,1,1,0,0,1,3,0,1,0,0,0,3,1,1,2,0,0,42,1,0,6,0,5,0,0,1,0,1,0,0,0,0,0,0,0,0,0,1,0,0,22,0,0,0,0
packages/core/test/adapters/http-adapter-cookies.spec.ts,spec,packages/core,110,0,24,0,0,0,0,0,0,0,2,2,0,0,0,0,0,0,0,0,0,0,0,0,0,0,0,0,0,1,0,0,0,0,1,0,0,2,0,2,0,0,0,0,0,2,0,0,0,0,0,0,0,0,0,0,0,0,1,2,1,8
packages/core/test/application-config.spec.ts,spec,packages/core,207,0,110,4,0,0,0,0,0,0,1,1,0,0,0,0,0,0,0,0,0,0,0,0,0,0,0,0,0,0,0,0,0,0,29,2,0,30,2,0,0,0,0,0,0,0,0,0,0,0,0,4,0,0,0,1,0,0,1,1,1,33
packages/core/test/discovery/discoverable-meta-host-collection.spec.ts,spec,packages/core,378,0,37,0,0,0,0,0,0,0,0,0,0,0,0,0,0,0,0,0,0,14,0,0,0,0,0,0,0,0,0,0,0,0,2,7,0,2,0,0,0,0,0,0,0,0,0,0,0,0,0,0,0,0,0,0,0,5,1,1,1,4
packages/core/test/discovery/discovery-service.spec.ts,spec,packages/core,520,0,120,4,0,0,0,0,0,0,2,2,0,0,0,0,0,0,0,0,0,37,0,0,0,0,0,0,0,0,0,0,0,0,25,0,0,24,0,0,0,0,0,0,0,0,0,0,0,0,0,0,0,0,0,1,0,3,1,7,1,13
packages/core/test/errors/test/exception-handler.spec.ts,spec,packages/core,24,0,16,1,0,0,0,0,0,0,3,3,0,0,0,0,0,0,0,0,0,0,0,0,0,0,0,0,0,0,0,0,0,0,1,0,0,1,0,0,0,0,0,0,0,0,0,0,0,0,0,1,0,0,0,0,0,0,1,3,1,1
packages/core/test/errors/test/exceptions-zone.spec.ts,spec,packages/core,105,0,51,7,0,0,0,0,0,5,6,6,0,0,0,0,0,0,0,0,0,0,0,0,0,0,0,0,0,0,0,0,0,0,4,0,0,4,0,0,0,0,0,0,0,0,0,0,0,0,0,2,0,0,0,1,0,0,1,8,1,6
packages/core/test/errors/test/messages.spec.ts,spec,packages/core,461,0,39,1,0,0,0,0,0,0,0,0,0,0,0,0,0,0,0,0,1,8,0,0,0,0,0,0,0,0,0,0,0,0,0,1,0,1,1,0,0,0,0,0,0,0,0,0,0,0,0,0,0,0,0,0,0,2,1,0,1,22
packages/core/test/exceptions/base-exception-filter.spec.ts,spec,packages/core,68,1,32,0,0,0,0,0,0,0,2,2,0,0,0,0,0,0,0,0,0,2,0,0,0,0,0,0,0,0,0,0,0,0,4,3,0,4,0,0,0,0,0,0,0,0,0,0,0,0,0,1,0,0,0,0,0,0,1,6,1,6
packages/core/test/exceptions/exceptions-handler.spec.ts,spec,packages/core,267,0,75,2,2,0,1,0,0,0,6,7,0,0,0,0,0,0,0,0,0,1,0,0,0,0,0,0,0,0,0,1,0,0,8,6,0,5,1,1,0,0,0,0,1,0,0,0,0,1,0,0,0,0,2,0,0,0,1,11,1,17
packages/core/test/exceptions/external-exception-filter-context.spec.ts,spec,packages/core,133,0,49,2,0,0,1,0,0,0,2,2,0,0,0,0,0,0,0,0,0,6,0,0,0,0,0,0,0,0,0,1,0,0,7,2,0,6,0,0,0,0,0,0,0,0,0,0,0,1,0,0,0,3,0,0,0,0,1,7,1,7
packages/core/test/exceptions/external-exceptions-handler.spec.ts,spec,packages/core,92,0,48,1,0,0,0,0,0,0,2,4,0,0,0,0,0,0,0,0,0,2,0,0,0,0,0,0,0,0,0,0,0,0,5,9,1,5,0,0,0,0,0,0,0,0,0,0,0,0,0,1,0,0,0,1,0,0,1,7,1,8
packages/core/test/guards/guards-consumer.spec.ts,spec,packages/core,88,0,22,2,0,0,0,0,0,0,2,2,0,0,0,0,0,0,0,0,0,0,0,0,0,0,0,0,0,0,0,0,0,0,1,4,0,0,0,0,0,0,0,0,0,0,0,0,0,0,0,0,0,0,2,0,0,0,1,1,1,6
packages/core/test/guards/guards-context-creator.spec.ts,spec,packages/core,155,0,48,0,0,0,0,0,0,0,5,5,0,0,0,0,0,0,0,0,0,4,0,0,0,0,0,0,0,0,0,0,0,0,7,3,0,4,0,0,0,0,0,0,0,0,0,0,0,0,0,0,0,0,0,0,0,0,1,9,1,9
packages/core/test/helpers/application-ref-host.spec.ts,spec,packages/core,23,0,10,2,0,0,0,0,0,0,1,1,0,0,0,0,0,0,0,0,0,0,0,0,0,0,0,0,0,0,0,0,0,0,1,0,0,1,0,0,0,0,0,0,0,0,0,0,0,0,0,0,0,0,0,0,0,0,1,1,0,2
packages/core/test/helpers/barrier.spec.ts,spec,packages/core,106,0,49,0,0,0,0,7,0,0,9,9,0,0,0,0,0,0,0,0,0,0,0,0,0,0,0,0,0,0,0,7,0,0,3,0,0,3,0,0,0,0,0,0,0,0,0,0,0,0,0,0,0,0,0,1,0,2,1,3,1,3
packages/core/test/helpers/context-id-factory.spec.ts,spec,packages/core,6,0,2,0,0,0,0,0,0,0,0,0,0,0,0,0,0,0,0,0,0,0,0,0,0,0,0,0,0,0,0,0,0,0,0,0,0,0,0,0,0,0,0,0,0,0,0,0,0,0,0,0,0,0,0,0,0,0,1,0,0,1
packages/core/test/helpers/context-utils.spec.ts,spec,packages/core,206,0,46,8,0,0,0,0,0,0,1,1,0,0,0,0,0,0,0,0,0,4,0,0,0,0,0,0,0,0,0,0,0,0,3,3,0,3,0,2,2,0,0,0,0,0,0,0,0,0,0,5,0,1,0,1,0,0,1,1,1,9
packages/core/test/helpers/cookies/cookie-signer.spec.ts,spec,packages/core,66,0,24,0,0,0,0,2,0,0,0,0,0,0,0,0,0,0,0,0,0,0,0,0,0,0,0,0,0,0,0,0,0,0,2,0,0,2,0,2,0,0,0,0,0,1,0,0,0,0,0,0,0,0,0,1,1,3,1,0,0,9
packages/core/test/helpers/cookies/parse-cookie-header.spec.ts,spec,packages/core,73,0,15,0,0,0,0,1,0,0,0,0,0,0,0,0,0,0,0,0,0,0,0,0,0,0,0,0,0,0,0,0,0,0,0,0,0,0,0,0,2,0,0,0,0,0,0,0,0,0,0,0,0,0,0,0,0,0,1,0,0,11
packages/core/test/helpers/cookies/request-cookies.spec.ts,spec,packages/core,107,0,14,0,0,0,0,0,0,0,0,0,0,0,0,0,0,0,0,0,0,0,0,0,0,0,0,0,0,0,0,0,0,0,0,0,0,0,0,1,1,0,0,0,0,0,0,0,0,0,0,0,0,0,0,0,0,0,1,0,1,10
packages/core/test/helpers/cookies/serialize-cookie.spec.ts,spec,packages/core,158,0,63,0,1,0,0,3,0,0,2,2,0,0,0,0,0,0,0,0,0,0,0,0,0,0,0,0,0,2,0,0,0,0,11,0,0,11,0,3,0,0,0,0,0,0,0,0,0,0,0,0,0,0,0,0,0,1,1,4,0,22
packages/core/test/helpers/execution-context-host.spec.ts,spec,packages/core,93,0,22,0,0,0,0,0,0,0,1,1,0,0,0,0,0,0,0,0,0,0,0,0,0,0,0,0,0,0,0,0,0,0,2,0,0,2,0,1,0,0,0,0,0,0,0,0,0,0,0,0,0,0,0,0,0,0,1,1,1,12
packages/core/test/helpers/external-context-creator.spec.ts,spec,packages/core,215,0,71,1,0,0,0,0,1,0,11,11,0,0,0,0,0,0,0,0,0,1,0,0,0,0,0,0,0,0,0,1,0,0,7,4,0,5,0,0,1,0,0,0,0,0,0,0,0,0,0,0,0,0,0,1,0,0,1,12,1,13
packages/core/test/helpers/external-proxy.spec.ts,spec,packages/core,66,0,31,7,0,0,0,0,0,3,2,2,0,0,0,0,0,0,0,0,0,0,0,0,0,0,0,0,0,0,0,0,0,0,0,0,0,0,0,0,0,0,1,0,0,0,0,0,0,0,0,4,0,1,0,0,0,0,1,4,1,5
packages/core/test/helpers/http-adapter-host.spec.ts,spec,packages/core,55,0,19,1,0,0,0,0,0,0,2,2,0,0,0,0,0,0,0,0,0,0,0,0,0,0,0,0,0,0,0,0,0,0,3,0,0,3,0,0,0,0,0,0,0,0,0,0,0,0,0,0,0,0,0,1,0,1,1,1,1,3
packages/core/test/helpers/load-adapter.spec.ts,spec,packages/core,48,0,20,2,0,0,0,0,0,0,2,2,0,0,0,0,0,0,0,0,0,0,0,0,0,0,0,0,0,0,0,0,0,0,1,0,0,1,0,0,0,0,0,0,0,0,0,0,0,0,0,2,0,0,0,1,0,0,1,7,0,1
packages/core/test/helpers/optional-require.spec.ts,spec,packages/core,31,0,7,0,0,0,0,0,0,0,0,0,0,0,0,0,0,0,0,0,0,0,0,0,0,0,0,0,0,0,0,0,0,0,0,0,0,0,0,0,0,0,2,0,0,0,0,0,0,0,0,0,0,0,0,0,0,1,1,2,0,1
packages/core/test/helpers/rethrow.spec.ts,spec,packages/core,28,0,9,0,0,0,0,0,1,0,0,0,0,0,0,0,0,0,0,0,0,0,0,0,0,0,0,0,0,0,0,1,0,0,0,0,0,0,0,0,0,0,0,0,0,0,0,0,0,0,0,0,0,0,0,0,0,0,1,0,0,6
packages/core/test/helpers/router-method-factory.spec.ts,spec,packages/core,46,0,43,17,0,0,0,0,0,0,1,1,0,0,0,0,0,0,0,0,0,0,0,0,0,0,0,0,0,0,0,0,0,0,2,0,0,1,0,0,0,0,0,0,0,0,0,0,0,0,0,17,0,1,0,0,0,0,1,1,0,1
packages/core/test/helpers/safe-instance-decorator.spec.ts,spec,packages/core,37,0,11,3,0,0,0,0,0,2,0,0,0,0,0,0,0,0,0,0,0,0,0,0,0,0,0,0,0,0,0,0,0,0,1,0,0,0,0,0,0,0,0,0,0,0,0,0,0,0,0,0,0,0,0,0,0,2,1,2,0,0
packages/core/test/hooks/before-app-shutdown.hook.spec.ts,spec,packages/core,98,0,33,6,0,0,0,0,0,3,2,2,0,0,0,0,0,0,0,0,0,7,0,0,0,0,0,0,0,0,1,0,0,0,0,0,0,0,1,0,0,0,0,0,0,0,0,0,0,0,0,1,0,0,0,1,0,0,1,5,1,2
packages/core/test/hooks/on-app-bootstrap.hook.spec.ts,spec,packages/core,36,0,17,2,0,0,0,0,0,0,2,2,0,0,0,0,0,0,0,0,0,3,0,0,0,0,0,0,0,0,1,0,0,0,0,0,0,0,1,0,0,0,0,0,0,0,0,0,0,0,0,0,0,0,0,1,0,0,1,2,1,1
packages/core/test/hooks/on-app-shutdown.hook.spec.ts,spec,packages/core,93,0,33,6,0,0,0,0,0,3,2,2,0,0,0,0,0,0,0,0,0,7,0,0,0,0,0,0,0,0,1,0,0,0,0,0,0,0,1,0,0,0,0,0,0,0,0,0,0,0,0,1,0,0,0,1,0,0,1,5,1,2
packages/core/test/hooks/on-module-destroy.hook.spec.ts,spec,packages/core,91,0,33,6,0,0,0,0,0,3,2,2,0,0,0,0,0,0,0,0,0,7,0,0,0,0,0,0,0,0,1,0,0,0,0,0,0,0,1,0,0,0,0,0,0,0,0,0,0,0,0,1,0,0,0,1,0,0,1,5,1,2
packages/core/test/hooks/on-module-init.hook.spec.ts,spec,packages/core,36,0,17,2,0,0,0,0,0,0,2,2,0,0,0,0,0,0,0,0,0,3,0,0,0,0,0,0,0,0,1,0,0,0,0,0,0,0,1,0,0,0,0,0,0,0,0,0,0,0,0,0,0,0,0,1,0,0,1,2,1,1
packages/core/test/injector/compiler.spec.ts,spec,packages/core,41,0,18,0,0,0,0,0,0,0,1,1,0,0,0,0,0,0,0,0,0,0,0,0,0,0,0,0,0,0,0,0,0,0,4,0,0,4,0,0,0,0,0,0,0,0,0,0,1,0,0,0,0,0,0,0,0,0,1,1,1,4
packages/core/test/injector/container.spec.ts,spec,packages/core,235,0,105,0,0,0,0,0,0,0,4,4,0,0,0,0,0,0,0,0,0,4,0,0,0,0,0,0,0,0,0,0,0,0,20,15,0,18,0,0,0,0,0,0,0,0,0,0,0,0,0,0,0,2,0,0,0,0,1,17,1,19
packages/core/test/injector/helpers/provider-classifier.spec.ts,spec,packages/core,103,0,31,1,0,0,0,0,0,0,0,0,0,0,0,0,0,0,0,0,0,1,0,0,0,0,0,0,0,0,0,0,0,0,0,4,0,4,3,0,0,0,0,0,0,0,0,0,0,0,0,1,0,0,0,1,0,0,1,0,1,14
packages/core/test/injector/helpers/silent-logger.spec.ts,spec,packages/core,41,0,26,0,0,0,0,0,0,0,1,1,0,0,0,0,0,0,0,0,0,0,0,0,0,0,0,0,0,12,0,0,0,0,0,0,0,0,0,0,0,0,0,0,0,0,0,0,0,0,0,0,0,0,0,1,0,0,1,1,1,8
packages/core/test/injector/injector.spec.ts,spec,packages/core,1079,0,291,16,0,0,1,1,0,1,18,23,0,0,0,0,0,0,0,0,0,29,0,0,0,0,0,1,0,0,0,0,0,0,46,24,0,46,0,1,0,0,0,0,1,0,0,0,0,0,0,6,0,2,0,1,0,1,1,38,1,33
packages/core/test/injector/instance-loader.spec.ts,spec,packages/core,160,0,77,0,0,0,0,0,0,0,9,9,0,0,0,0,0,0,0,0,0,2,0,0,0,0,0,0,0,0,0,0,0,0,16,0,0,15,0,0,0,0,0,0,0,0,0,0,0,0,0,0,0,2,0,0,0,0,1,15,1,7
packages/core/test/injector/instance-wrapper.spec.ts,spec,packages/core,1205,0,127,4,0,0,0,0,0,0,0,0,0,0,0,0,0,0,0,0,0,5,0,0,0,0,0,0,0,0,0,0,0,0,6,0,0,2,0,1,0,0,0,0,0,0,0,0,0,0,0,4,0,0,0,1,0,7,1,2,1,93
packages/core/test/injector/internal-core-module/internal-core-module-factory.spec.ts,spec,packages/core,36,0,17,0,0,0,0,0,0,0,0,0,0,0,0,0,0,0,0,0,0,0,0,0,0,0,0,0,0,0,0,0,0,0,0,6,0,3,2,2,0,0,0,0,0,0,0,0,0,0,0,0,0,0,1,1,0,0,1,0,0,1
packages/core/test/injector/lazy-module-loader/lazy-module-loader.spec.ts,spec,packages/core,276,0,68,8,0,0,0,0,0,0,7,9,0,0,0,0,0,0,0,0,0,21,0,0,0,0,0,0,0,0,0,0,0,0,2,1,0,1,0,0,0,0,0,0,0,0,0,0,0,0,0,0,0,0,0,1,0,4,1,3,1,9
packages/core/test/injector/module-ref.spec.ts,spec,packages/core,223,0,91,6,0,0,1,0,1,0,5,5,0,0,0,0,0,0,0,0,0,20,6,0,0,0,0,0,0,0,0,4,0,0,7,5,0,0,0,1,0,0,0,0,0,0,0,0,0,0,0,1,0,10,1,1,0,0,1,4,1,11
packages/core/test/injector/module.spec.ts,spec,packages/core,532,0,143,3,0,0,0,0,0,1,8,8,0,0,0,0,0,0,0,0,0,4,0,0,0,0,0,0,0,0,0,1,0,0,23,3,0,20,0,0,0,0,0,0,0,2,0,0,0,0,0,0,0,2,0,1,0,2,1,32,1,31
packages/core/test/injector/modules-container.spec.ts,spec,packages/core,45,0,15,0,0,0,0,0,0,0,1,1,0,0,0,0,0,0,0,0,0,0,0,0,0,0,0,0,0,0,0,0,0,0,1,0,0,1,0,0,0,0,0,0,0,0,0,0,0,0,0,0,0,0,0,1,0,0,1,1,1,7
packages/core/test/injector/nested-transient-isolation.spec.ts,spec,packages/core,323,0,76,11,0,0,0,1,0,0,12,12,0,0,0,0,0,0,0,0,0,13,5,0,0,0,0,0,0,0,0,0,0,0,0,0,0,0,0,0,0,0,0,0,0,0,0,0,0,0,2,0,0,2,0,1,0,5,1,4,1,6
packages/core/test/injector/opaque-key-factory/by-reference-module-opaque-key-factory.spec.ts,spec,packages/core,99,0,21,0,0,0,0,0,0,0,1,2,0,0,0,0,0,0,0,0,0,4,0,0,0,0,0,0,0,0,0,0,0,0,2,0,0,2,0,0,0,0,0,0,0,0,0,0,0,0,0,0,0,0,0,0,0,0,1,4,1,4
packages/core/test/injector/opaque-key-factory/deep-hashed-module-opaque-key-factory.spec.ts,spec,packages/core,117,0,31,2,0,0,0,0,0,0,1,1,0,0,0,0,0,0,0,0,1,3,0,0,0,0,0,0,0,0,0,0,0,0,4,0,0,4,0,0,0,0,0,0,0,0,0,0,0,0,0,1,0,0,0,0,0,0,1,2,1,10
packages/core/test/injector/settlement-signal.spec.ts,spec,packages/core,45,0,4,1,0,0,0,0,0,0,0,0,0,0,0,0,0,0,0,0,1,0,0,0,0,0,0,0,0,0,0,0,0,0,0,0,0,0,0,0,0,0,0,0,0,0,0,0,0,0,0,0,0,0,0,0,0,0,1,0,1,0
packages/core/test/injector/topology-tree/topology-tree.spec.ts,spec,packages/core,116,0,54,3,0,0,0,0,0,0,0,0,0,0,0,0,0,0,0,0,1,0,0,0,0,0,0,0,0,0,0,3,0,0,19,0,0,9,0,1,0,0,0,0,0,0,0,0,0,0,0,0,0,0,0,0,0,8,1,0,1,8
packages/core/test/injector/topology-tree/tree-node.spec.ts,spec,packages/core,122,0,15,0,0,0,0,0,0,0,0,0,0,0,0,0,0,0,0,0,0,0,0,0,0,0,0,0,0,0,0,0,0,0,0,0,0,0,0,0,0,0,0,0,0,0,0,0,0,0,0,0,0,0,0,0,0,2,1,0,1,11
packages/core/test/inspector/deterministic-uuid-registry.spec.ts,spec,packages/core,38,0,10,0,0,0,0,0,0,0,0,0,0,0,0,0,0,0,0,0,0,0,0,0,0,0,0,0,0,0,0,0,0,0,0,0,0,0,0,0,0,0,0,0,0,0,0,0,0,0,0,0,0,0,0,0,0,2,1,1,1,5
packages/core/test/inspector/graph-inspector.spec.ts,spec,packages/core,198,0,46,1,0,0,0,0,0,0,4,4,0,0,0,0,0,0,0,0,1,15,0,0,0,0,0,0,0,0,0,0,0,0,1,4,0,4,2,1,0,0,0,0,0,0,0,0,0,0,0,0,0,0,0,1,0,0,1,2,1,4
packages/core/test/inspector/noop-graph-inspector.spec.ts,spec,packages/core,28,0,20,0,0,0,0,0,0,0,0,0,0,0,0,0,0,0,0,0,0,0,0,0,0,0,0,0,0,0,0,0,0,0,7,0,0,7,0,0,0,0,0,0,0,0,0,0,0,0,0,0,0,0,0,0,0,1,1,0,0,4
packages/core/test/inspector/partial-graph.host.spec.ts,spec,packages/core,39,0,12,0,0,0,0,0,0,0,0,0,0,0,0,0,0,0,0,0,0,0,0,0,0,0,0,0,0,0,1,0,0,0,1,0,0,1,0,0,0,0,0,0,0,0,0,0,0,0,0,0,0,0,0,0,0,1,1,3,1,3
packages/core/test/inspector/serialized-graph.spec.ts,spec,packages/core,295,0,57,1,0,0,0,0,0,0,3,3,0,0,0,0,0,0,0,0,1,2,0,0,0,0,0,0,0,0,0,0,0,0,6,1,0,16,2,0,0,0,0,0,0,0,0,0,0,0,0,0,0,0,0,1,0,1,1,1,1,17
packages/core/test/inspector/uuid-factory.spec.ts,spec,packages/core,43,0,8,0,0,0,0,0,0,0,0,0,0,0,0,0,0,0,0,0,0,0,0,0,0,0,0,0,0,0,0,0,0,0,0,0,0,0,0,1,0,0,0,0,0,0,0,0,0,0,0,0,0,0,0,0,0,0,1,1,1,4
packages/core/test/interceptors/interceptors-consumer.spec.ts,spec,packages/core,251,0,93,9,3,0,0,0,1,2,5,5,0,0,0,0,0,0,0,0,1,3,0,2,0,0,1,0,0,0,0,0,0,0,10,17,0,1,3,0,0,0,1,0,0,0,0,0,0,0,0,1,0,0,0,1,0,2,1,12,1,11
packages/core/test/interceptors/interceptors-context-creator.spec.ts,spec,packages/core,164,0,49,0,0,0,0,0,0,0,5,5,0,0,0,0,0,0,0,0,0,4,0,0,0,0,0,0,0,0,0,0,0,0,7,3,0,4,0,0,0,0,0,0,0,0,0,0,0,0,0,0,0,0,0,1,0,0,1,9,1,9
packages/core/test/metadata-scanner.spec.ts,spec,packages/core,94,0,39,17,0,0,1,0,0,0,1,1,0,0,0,0,0,0,0,0,2,4,0,0,0,0,0,0,0,0,0,3,0,0,0,0,0,0,0,1,0,0,0,0,0,0,0,0,0,0,0,0,0,0,0,0,0,0,1,1,1,6
packages/core/test/middleware/builder.spec.ts,spec,packages/core,200,0,51,14,0,0,0,0,0,0,2,2,0,0,0,0,0,0,0,0,0,2,0,0,0,0,1,0,0,0,0,0,0,0,2,0,0,1,0,0,0,0,0,0,0,0,0,0,0,0,0,0,0,2,0,0,0,16,1,2,1,5
packages/core/test/middleware/container.spec.ts,spec,packages/core,58,0,23,3,0,0,0,0,0,0,1,1,0,0,0,0,0,0,0,0,0,3,0,0,0,0,0,0,0,0,0,0,0,0,0,3,0,0,0,1,0,0,0,0,0,0,0,0,0,0,0,0,0,6,1,0,0,0,1,1,0,2
packages/core/test/middleware/middleware-module.spec.ts,spec,packages/core,309,0,63,5,0,0,0,0,0,0,3,3,0,0,0,0,0,0,0,0,0,11,0,0,0,0,0,0,0,0,0,0,0,0,7,1,0,7,0,2,0,0,0,0,0,0,0,0,0,0,0,0,0,4,0,1,0,0,1,14,1,3
packages/core/test/middleware/resolver.spec.ts,spec,packages/core,40,0,21,1,0,0,0,0,0,0,2,2,0,0,0,0,0,0,0,0,0,1,0,0,0,0,0,0,0,0,0,0,0,0,3,1,0,3,0,1,0,0,0,0,0,0,0,0,0,0,0,0,0,2,0,0,0,0,1,3,0,1
packages/core/test/middleware/route-info-path-extractor.spec.ts,spec,packages/core,209,0,17,0,0,0,0,0,0,0,4,4,0,0,0,0,0,0,0,0,0,0,0,0,0,0,0,0,0,0,0,0,0,0,0,0,0,0,0,0,0,0,0,0,0,0,0,0,0,0,0,0,0,0,0,1,0,0,1,2,1,4
packages/core/test/middleware/routes-mapper.spec.ts,spec,packages/core,111,0,26,8,0,0,0,0,0,0,1,1,0,0,0,0,0,0,0,0,0,4,0,0,0,0,0,0,0,0,0,0,0,0,0,0,0,0,0,0,0,0,0,0,0,0,0,0,0,0,0,0,0,5,1,0,0,0,1,1,0,4
packages/core/test/middleware/utils.spec.ts,spec,packages/core,177,0,35,1,0,0,0,0,0,0,2,2,0,0,0,0,0,0,0,0,1,3,0,0,0,0,0,0,0,0,0,0,0,0,1,0,0,0,0,0,0,0,0,0,0,0,0,0,0,0,0,0,0,0,0,1,0,0,1,6,1,16
packages/core/test/nest-application-context.spec.ts,spec,packages/core,815,0,232,28,3,0,0,1,10,3,3,3,2,0,0,0,0,0,0,0,2,20,0,0,0,0,0,0,0,8,0,0,0,0,18,17,0,18,0,4,0,0,0,0,0,0,0,0,0,7,0,8,0,0,0,1,0,16,1,33,1,25
packages/core/test/nest-application.spec.ts,spec,packages/core,620,0,148,9,0,0,1,1,0,1,1,1,5,0,0,0,0,0,0,0,1,1,0,0,0,0,0,0,0,2,0,0,0,0,27,0,0,21,1,7,0,0,0,0,3,0,0,0,0,0,0,1,0,0,0,1,0,4,1,40,1,18
packages/core/test/pipes/params-token-factory.spec.ts,spec,packages/core,38,0,12,0,0,0,0,0,0,0,1,1,0,0,0,0,0,0,0,0,0,0,0,0,0,0,0,0,0,0,0,0,0,0,1,0,0,1,0,0,0,0,0,0,0,0,0,0,0,0,0,0,0,1,0,0,0,0,1,1,1,4
packages/core/test/pipes/pipes-consumer.spec.ts,spec,packages/core,102,0,42,7,0,0,0,1,0,0,2,7,0,0,0,0,0,0,0,0,0,0,0,0,0,0,0,0,0,0,0,1,0,0,4,0,0,3,0,2,0,0,0,0,0,0,0,0,0,0,0,0,0,1,0,0,0,0,1,8,1,4
packages/core/test/pipes/pipes-context-creator.spec.ts,spec,packages/core,117,0,47,0,0,0,0,0,0,0,3,3,0,0,0,0,0,0,0,0,0,2,0,0,0,0,0,0,0,0,0,0,0,0,7,4,0,6,0,0,0,0,0,0,0,0,0,0,0,0,0,1,0,0,0,0,0,0,1,9,1,10
packages/core/test/repl/assign-to-object.util.spec.ts,spec,packages/core,32,0,3,0,0,0,0,0,0,0,0,0,0,0,0,0,0,0,0,0,0,0,0,0,0,0,0,0,0,0,1,0,0,0,0,0,0,0,0,0,0,0,0,0,0,0,0,0,0,0,0,0,0,0,0,0,0,0,1,0,0,1
packages/core/test/repl/native-functions/debug-repl-fn.spec.ts,spec,packages/core,116,0,46,0,0,0,0,0,0,0,6,6,0,0,0,0,0,0,0,0,0,10,0,0,0,0,0,0,0,0,0,0,0,0,1,2,0,2,1,0,0,0,0,0,0,0,0,0,0,0,0,0,0,0,0,1,0,1,1,10,1,4
packages/core/test/repl/native-functions/get-repl-fn.spec.ts,spec,packages/core,38,0,20,0,0,0,0,0,0,0,3,3,0,0,0,0,0,0,0,0,0,0,0,0,0,0,0,0,0,0,0,0,0,0,1,0,0,2,1,0,0,0,0,0,0,0,0,0,0,0,0,0,0,0,1,0,0,0,1,5,1,2
packages/core/test/repl/native-functions/help-repl-fn.spec.ts,spec,packages/core,55,0,26,0,0,0,0,0,0,0,4,4,0,0,0,0,0,0,0,0,0,0,0,0,0,0,0,0,0,0,0,0,0,0,1,0,0,2,1,0,0,0,0,0,0,0,0,0,0,0,0,0,0,0,0,1,0,1,1,8,1,2
packages/core/test/repl/native-functions/methods-repl-fn.spec.ts,spec,packages/core,91,0,47,5,0,0,0,0,0,0,5,5,0,0,0,0,0,0,0,0,0,10,0,0,0,0,0,0,0,0,0,0,0,0,1,2,0,2,1,0,0,0,0,0,0,0,0,0,0,0,0,0,0,0,0,1,0,1,1,9,1,3
packages/core/test/repl/native-functions/resolve-repl-fn.spec.ts,spec,packages/core,39,0,20,0,0,0,0,0,0,0,3,3,0,0,0,0,0,0,0,0,0,0,0,0,0,0,0,0,0,0,0,0,0,0,1,0,0,2,1,0,0,0,0,0,0,0,0,0,0,0,0,0,0,0,1,0,0,0,1,5,1,2
packages/core/test/repl/native-functions/select-repl-fn.spec.ts,spec,packages/core,38,0,21,0,0,0,0,0,0,0,3,3,0,0,0,0,0,0,0,0,0,1,0,0,0,0,0,0,0,0,0,0,0,0,1,0,0,2,1,0,0,0,0,0,0,0,0,0,0,0,0,0,0,0,1,0,0,0,1,5,1,2
packages/core/test/repl/repl-context.spec.ts,spec,packages/core,31,0,16,0,0,0,0,0,0,0,2,2,0,0,0,0,0,0,0,0,0,0,0,0,0,0,0,0,0,0,0,0,0,0,2,0,0,2,0,0,0,0,0,0,0,0,0,0,0,0,0,0,0,0,0,0,0,0,1,6,0,1
packages/core/test/repl/repl-logger.spec.ts,spec,packages/core,38,0,23,1,0,0,0,0,0,0,2,2,0,0,0,0,0,0,0,0,0,0,0,0,0,0,0,0,0,5,0,0,0,0,0,0,0,0,0,0,0,0,0,0,0,0,0,0,0,0,0,1,0,0,0,0,0,2,1,3,1,5
packages/core/test/router/legacy-route-converter.spec.ts,spec,packages/core,129,0,31,2,0,0,0,0,0,0,2,2,0,0,0,0,0,0,0,0,0,0,0,0,0,0,0,0,0,0,0,0,0,0,0,0,0,0,0,0,0,0,0,0,0,0,0,0,0,0,0,2,0,0,0,0,0,0,1,4,1,17
packages/core/test/router/paths-explorer.spec.ts,spec,packages/core,171,0,44,12,0,0,0,0,0,0,1,1,0,0,0,0,0,0,0,0,4,2,0,0,0,0,0,0,0,0,0,0,0,0,0,8,0,0,0,0,0,0,0,0,0,0,0,0,0,0,0,0,0,3,0,0,0,0,1,1,1,10
packages/core/test/router/route-conflict-detector.spec.ts,spec,packages/core,584,0,90,0,0,0,0,0,3,0,5,5,0,0,0,0,0,0,0,0,0,0,0,0,0,0,0,0,0,1,0,1,0,0,0,4,0,21,1,1,0,0,0,0,0,0,0,0,0,0,0,3,0,0,0,1,0,17,1,3,1,22
packages/core/test/router/route-params-factory.spec.ts,spec,packages/core,242,0,32,0,0,0,0,0,0,0,3,3,0,0,0,0,0,0,0,0,0,0,0,0,0,0,0,0,0,0,0,0,0,0,3,0,0,1,0,0,0,0,0,0,0,0,0,0,0,0,0,0,0,1,0,0,0,0,1,2,1,17
packages/core/test/router/route-path-factory.spec.ts,spec,packages/core,359,0,24,0,0,0,0,0,0,0,2,2,0,0,0,0,0,0,0,0,0,0,0,0,0,0,0,0,0,0,0,0,0,0,0,0,0,0,0,0,0,0,0,0,0,0,0,0,0,0,0,0,0,0,0,1,0,0,1,7,1,10
packages/core/test/router/route-specificity-sorter.spec.ts,spec,packages/core,137,0,31,0,0,0,0,0,0,0,0,0,0,0,0,0,0,0,0,0,0,0,0,0,0,0,0,0,0,0,0,0,0,0,0,0,0,3,1,13,0,0,0,0,0,0,0,0,0,0,0,2,0,0,0,1,0,0,1,0,1,9
packages/core/test/router/router-exception-filters.spec.ts,spec,packages/core,128,0,43,1,0,0,1,0,0,0,2,2,0,0,0,0,0,0,0,0,0,5,0,0,0,0,0,0,0,0,0,0,0,0,7,0,0,6,0,0,0,0,0,0,0,0,0,0,0,0,0,0,0,3,0,0,0,0,1,7,1,7
packages/core/test/router/router-execution-context.spec.ts,spec,packages/core,752,0,278,16,0,0,0,0,3,0,20,20,1,0,0,0,0,0,0,0,3,0,0,2,0,0,0,0,0,0,0,3,0,0,22,33,0,33,5,0,2,0,0,0,2,0,0,0,0,0,0,1,0,3,0,1,0,0,1,77,1,29
packages/core/test/router/router-explorer.spec.ts,spec,packages/core,270,0,104,14,0,0,0,0,0,1,8,8,0,0,0,0,0,0,0,0,0,3,0,0,0,0,0,0,0,0,0,0,0,0,13,8,0,13,0,2,0,0,0,0,0,0,0,0,0,0,0,5,0,4,0,0,0,2,1,13,1,8
packages/core/test/router/router-module.spec.ts,spec,packages/core,44,0,9,0,0,0,0,0,0,0,0,0,0,0,0,0,0,0,0,0,0,2,0,0,0,0,0,0,0,0,0,0,0,0,0,2,0,0,1,0,0,0,0,0,0,0,0,0,0,0,0,0,0,0,0,0,0,0,1,0,1,2
packages/core/test/router/router-proxy.spec.ts,spec,packages/core,78,0,37,6,0,0,0,0,0,4,3,3,0,0,0,0,0,0,0,0,0,0,0,0,0,0,0,0,0,0,0,0,0,0,1,4,0,1,0,0,0,0,2,0,0,0,0,0,0,0,0,2,0,1,0,0,0,0,1,2,1,6
packages/core/test/router/router-response-controller.spec.ts,spec,packages/core,933,0,320,60,4,0,1,0,2,0,12,14,3,0,0,0,0,0,0,0,9,7,11,1,0,0,1,0,0,1,0,2,0,0,36,6,0,24,2,7,1,0,1,0,4,0,0,0,0,2,0,17,0,1,1,1,0,0,1,51,1,36
packages/core/test/router/routes-resolver.spec.ts,spec,packages/core,270,0,72,6,0,0,0,0,0,0,6,8,0,0,0,0,0,0,0,0,2,7,0,0,0,0,0,0,0,0,0,0,0,0,9,0,0,5,0,0,0,0,0,0,0,0,0,0,0,0,0,3,0,2,0,1,0,1,1,14,1,6
packages/core/test/router/sse-stream.spec.ts,spec,packages/core,374,0,64,19,0,0,0,0,0,0,2,2,5,0,0,0,0,0,0,0,0,1,2,0,0,0,0,0,0,0,0,2,0,0,1,0,0,1,4,3,0,0,0,0,0,0,0,0,0,0,0,1,0,0,0,1,0,0,1,0,0,19
packages/core/test/router/utils/flat-routes.spec.ts,spec,packages/core,129,0,21,0,0,0,0,0,0,0,0,0,0,0,0,0,0,0,0,0,0,18,0,0,0,0,0,0,0,0,0,0,0,0,0,0,0,0,0,0,0,0,0,0,0,0,0,0,0,0,0,0,0,0,0,1,0,0,1,0,0,1
packages/core/test/scanner.spec.ts,spec,packages/core,655,0,209,8,0,0,0,0,3,0,7,7,0,0,0,0,0,0,0,0,1,28,1,0,0,0,2,0,0,0,0,1,0,0,22,2,0,21,0,0,0,0,0,0,0,0,0,0,0,0,0,8,0,5,0,1,0,0,1,56,1,34
packages/core/test/scope/transient-scope.spec.ts,spec,packages/core,68,0,19,4,0,0,0,0,0,0,2,2,0,0,0,0,0,0,0,0,0,4,1,0,0,0,0,0,0,0,0,0,0,0,1,0,0,0,0,0,0,0,0,0,0,0,0,0,0,0,0,0,0,0,0,0,0,0,1,1,1,2
packages/core/test/security/cross-origin-protection.spec.ts,spec,packages/core,505,0,63,6,0,0,0,0,0,0,0,0,1,0,0,0,0,0,0,0,0,1,0,0,0,0,0,0,1,0,0,0,0,0,9,1,0,5,0,1,0,0,0,0,0,1,0,0,0,0,0,1,0,0,0,1,0,1,1,6,1,26
packages/core/test/security/security-headers.spec.ts,spec,packages/core,268,0,71,0,0,0,0,0,0,0,0,0,0,0,0,0,0,0,0,0,0,0,0,0,0,0,0,0,0,0,0,0,0,0,24,0,0,24,0,0,0,0,0,0,0,2,0,0,0,0,0,0,0,0,0,0,0,0,1,2,1,17
packages/core/test/services/reflector.service.spec.ts,spec,packages/core,243,0,60,0,0,0,0,0,0,0,4,4,0,0,0,0,0,0,0,0,0,10,0,0,0,0,0,0,0,0,1,0,1,0,1,0,4,1,0,1,0,0,0,0,1,0,0,0,0,0,0,0,0,0,0,0,0,7,1,1,1,22
packages/core/test/utils/noop-adapter.ts,test-support,packages/core,41,1,70,26,0,0,0,0,0,0,0,0,0,0,1,0,0,0,0,0,0,1,0,1,0,0,0,0,0,0,0,0,0,0,37,0,0,0,3,0,0,0,0,0,0,0,0,0,0,0,0,1,0,0,0,0,0,0,0,0,0,0
packages/core/test/utils/string.cleaner.ts,test-support,packages/core,3,1,7,1,0,0,1,0,0,0,0,0,0,0,1,0,0,0,0,0,1,0,0,0,0,0,0,0,0,0,1,0,0,0,0,0,0,0,0,0,0,0,0,0,0,2,0,0,0,0,0,0,0,0,0,0,0,0,0,0,0,0
packages/microservices/client/client-grpc.ts,source,packages/microservices,352,1,236,33,25,0,5,3,1,11,6,8,8,0,1,0,1,1,0,0,0,1,46,0,10,0,0,0,1,3,0,1,0,0,33,3,0,3,4,1,2,0,1,0,1,1,1,5,0,2,0,0,0,0,2,0,3,9,0,0,0,0
packages/microservices/client/client-kafka.ts,source,packages/microservices,454,1,306,32,19,0,0,2,2,8,0,0,8,0,0,0,1,1,0,0,0,1,133,1,28,0,0,2,0,2,0,0,0,0,11,8,0,5,18,4,1,0,0,1,1,0,0,3,0,0,0,0,0,0,2,0,0,12,0,0,0,0
packages/microservices/client/client-mqtt.ts,source,packages/microservices,384,1,261,38,20,0,4,1,4,3,6,10,3,0,0,0,1,1,0,0,0,1,96,0,20,0,3,2,0,7,0,0,0,0,14,6,0,3,6,0,0,0,0,0,1,0,0,0,0,1,0,2,0,0,2,0,0,6,0,0,0,0
packages/microservices/client/client-nats.ts,source,packages/microservices,339,1,233,21,16,1,2,2,5,3,3,3,3,0,0,0,1,1,0,0,0,1,76,0,11,0,0,3,0,8,0,0,0,0,13,3,0,13,7,1,1,0,2,0,0,0,0,0,0,0,1,3,0,0,0,0,2,27,0,0,0,0
packages/microservices/client/client-proxy-factory.ts,source,packages/microservices,79,2,35,2,1,1,0,0,0,0,0,0,0,1,0,0,1,1,0,0,0,1,1,0,0,0,0,0,0,0,0,0,0,0,0,0,0,13,11,0,0,0,0,0,0,0,0,0,0,0,0,0,0,0,1,0,0,1,0,0,0,0
packages/microservices/client/client-proxy.ts,source,packages/microservices,235,1,101,18,5,0,1,0,0,2,0,0,2,0,0,0,1,0,0,0,0,1,15,0,4,0,0,0,1,1,0,0,0,0,18,2,0,4,14,0,0,0,0,0,1,0,0,0,0,0,0,0,0,0,2,0,0,9,0,0,0,0
packages/microservices/client/client-redis.ts,source,packages/microservices,372,1,267,33,21,0,4,2,4,2,4,8,3,0,0,0,1,1,1,0,0,1,119,0,18,0,0,2,0,11,0,0,1,0,12,1,0,1,4,0,0,0,0,0,1,0,0,0,0,2,0,2,0,0,1,0,1,6,0,0,0,0
packages/microservices/client/client-rmq.ts,source,packages/microservices,526,1,368,36,16,0,5,1,4,5,3,5,6,0,0,0,1,1,0,0,0,1,160,0,25,0,1,4,0,10,0,1,0,0,20,7,0,4,6,2,0,0,0,0,2,0,0,0,0,1,0,3,0,0,2,0,4,32,0,0,0,0
packages/microservices/client/client-tcp.ts,source,packages/microservices,237,1,190,22,14,0,0,1,2,2,2,3,3,0,0,0,1,0,0,0,0,1,80,0,13,0,1,1,4,3,0,0,0,0,7,2,0,3,8,0,0,0,0,0,0,0,0,0,0,1,0,2,0,0,1,0,0,13,0,0,0,0
packages/microservices/client/index.ts,source,packages/microservices,9,9,1,0,0,0,0,0,0,0,0,0,0,1,0,0,0,0,0,0,0,0,0,0,0,0,0,0,0,0,0,0,0,0,0,0,0,0,0,0,0,0,0,0,0,0,0,0,0,0,0,0,0,0,0,0,0,0,0,0,0,0
packages/microservices/constants.ts,source,packages/microservices,60,48,53,0,0,0,0,0,0,0,0,0,0,1,0,0,1,0,0,1,0,0,0,0,0,4,0,0,0,0,4,0,0,0,0,0,0,0,0,0,0,0,0,0,0,0,0,0,0,0,0,0,0,0,0,0,42,0,0,0,0,0
packages/microservices/container.ts,source,packages/microservices,13,1,12,3,0,0,0,0,0,0,0,0,0,0,1,0,1,0,0,0,0,1,3,0,2,0,0,0,0,0,0,0,0,0,0,0,0,0,1,0,0,0,0,0,0,0,0,0,0,0,0,0,0,0,0,0,0,0,0,0,0,0
packages/microservices/context/exception-filters-context.ts,source,packages/microservices,69,1,31,3,2,0,0,0,0,0,0,0,2,0,0,0,1,0,0,0,0,1,5,0,2,0,0,0,0,0,0,0,0,0,3,0,0,3,1,4,0,0,0,0,0,0,0,0,0,0,0,0,1,0,2,0,0,1,0,0,0,0
packages/microservices/context/request-context-host.ts,source,packages/microservices,32,1,18,5,0,0,0,0,0,0,0,0,0,0,0,0,1,0,0,0,0,1,3,0,0,0,0,0,0,0,0,0,0,0,5,0,0,0,2,0,0,0,0,0,0,0,0,0,0,0,0,0,0,0,0,0,0,1,0,0,0,0
packages/microservices/context/rpc-context-creator.ts,source,packages/microservices,307,2,100,16,6,0,4,0,0,1,1,1,5,1,0,0,1,1,0,0,0,1,28,0,1,0,0,0,0,0,0,0,0,0,12,0,0,3,3,8,1,0,0,0,0,0,0,0,0,0,0,0,0,0,0,0,1,5,0,0,0,0
packages/microservices/context/rpc-metadata-constants.ts,source,packages/microservices,9,2,5,0,0,0,0,0,0,0,0,0,0,1,0,0,0,0,1,2,0,0,0,0,0,0,0,0,0,0,0,0,0,0,0,0,0,0,0,0,0,0,0,0,0,0,0,0,0,0,0,0,0,0,0,0,1,0,0,0,0,0
packages/microservices/context/rpc-proxy.ts,source,packages/microservices,50,1,15,3,0,0,1,0,1,0,0,0,0,0,0,0,1,0,0,0,0,1,2,0,0,0,0,0,0,0,0,0,0,0,1,0,0,1,2,0,0,0,0,0,0,0,0,0,0,0,0,0,0,0,2,0,0,0,0,0,0,0
packages/microservices/ctx-host/base-rpc.context.ts,source,packages/microservices,19,1,12,3,0,0,0,0,0,0,0,0,0,0,1,0,1,0,0,0,0,1,2,0,0,0,0,0,0,0,1,0,0,0,0,0,0,0,0,0,0,0,0,0,0,0,0,0,0,0,0,0,0,0,0,0,0,3,0,0,0,0
packages/microservices/ctx-host/index.ts,source,packages/microservices,7,7,1,0,0,0,0,0,0,0,0,0,0,1,0,0,0,0,0,0,0,0,0,0,0,0,0,0,0,0,0,0,0,0,0,0,0,0,0,0,0,0,0,0,0,0,0,0,0,0,0,0,0,0,0,0,0,0,0,0,0,0
packages/microservices/ctx-host/kafka.context.ts,source,packages/microservices,58,1,32,7,0,0,0,0,0,0,0,0,0,0,1,0,1,1,4,0,0,1,6,0,0,0,0,0,0,0,1,0,0,0,0,0,0,0,3,0,0,0,0,0,0,0,0,0,0,0,0,0,0,0,0,0,0,7,0,0,0,0
packages/microservices/ctx-host/mqtt.context.ts,source,packages/microservices,22,1,14,3,0,0,0,0,0,0,0,0,0,0,1,0,1,1,0,0,0,1,2,0,0,0,0,0,0,0,1,0,0,0,1,0,0,0,0,0,0,0,0,0,0,0,0,0,0,0,0,0,0,0,0,0,0,3,0,0,0,0
packages/microservices/ctx-host/nats.context.ts,source,packages/microservices,22,1,14,3,0,0,0,0,0,0,0,0,0,0,1,0,1,1,0,0,0,1,2,0,0,0,0,0,0,0,1,0,0,0,1,0,0,0,0,0,0,0,0,0,0,0,0,0,0,0,0,0,0,0,0,0,0,3,0,0,0,0
packages/microservices/ctx-host/redis.context.ts,source,packages/microservices,23,1,14,3,0,0,0,0,0,0,0,0,0,0,1,0,1,1,0,0,0,1,2,0,0,0,0,0,0,0,1,0,0,0,0,0,0,0,1,0,0,0,0,0,0,0,0,0,0,0,0,0,0,0,0,0,0,3,0,0,0,0
packages/microservices/ctx-host/rmq.context.ts,source,packages/microservices,28,1,19,4,0,0,0,0,0,0,0,0,0,0,1,0,1,1,1,0,0,1,3,0,0,0,0,0,0,0,1,0,0,0,2,0,0,0,0,0,0,0,0,0,0,0,0,0,0,0,0,0,0,0,0,0,0,4,0,0,0,0
packages/microservices/ctx-host/tcp.context.ts,source,packages/microservices,30,1,19,4,0,0,0,0,0,0,0,0,0,0,1,0,1,1,1,0,0,1,3,0,0,0,0,0,0,0,1,0,0,0,0,0,0,0,2,0,0,0,0,0,0,0,0,0,0,0,0,0,0,0,0,0,0,4,0,0,0,0
packages/microservices/decorators/client.decorator.ts,source,packages/microservices,25,1,12,2,0,0,0,0,0,0,0,0,0,0,1,0,1,0,0,0,1,0,0,0,3,0,0,0,0,0,2,0,0,0,0,0,0,0,1,0,0,0,0,0,0,0,0,0,0,0,0,0,0,0,0,0,0,1,0,0,0,0
packages/microservices/decorators/ctx.decorator.ts,source,packages/microservices,5,1,2,0,0,0,0,0,0,0,0,0,0,0,1,0,0,0,0,0,0,0,0,0,0,0,0,0,0,0,1,0,0,0,0,0,0,0,0,0,0,0,0,0,0,0,0,0,0,0,0,0,0,0,0,0,0,0,0,0,0,0
packages/microservices/decorators/event-pattern.decorator.ts,source,packages/microservices,94,2,41,2,2,0,0,0,0,0,2,4,0,1,0,0,1,1,0,0,0,0,0,0,4,0,0,0,0,0,2,0,0,0,14,1,0,2,1,1,0,0,0,0,1,0,0,0,0,0,0,0,0,0,1,0,0,1,0,0,0,0
packages/microservices/decorators/grpc-service.decorator.ts,source,packages/microservices,6,1,3,0,0,0,0,0,0,0,0,0,0,0,1,0,0,0,0,0,0,0,0,0,0,0,0,0,0,0,1,0,0,0,0,0,0,0,0,0,0,0,0,0,0,0,0,0,0,0,0,0,0,0,0,0,0,1,0,0,0,0
packages/microservices/decorators/index.ts,source,packages/microservices,6,6,1,0,0,0,0,0,0,0,0,0,0,1,0,0,0,0,0,0,0,0,0,0,0,0,0,0,0,0,0,0,0,0,0,0,0,0,0,0,0,0,0,0,0,0,0,0,0,0,0,0,0,0,0,0,0,0,0,0,0,0
packages/microservices/decorators/message-pattern.decorator.ts,source,packages/microservices,219,12,105,12,7,0,0,0,1,1,2,4,2,1,0,0,1,1,0,0,11,0,1,0,6,0,0,0,0,0,11,0,0,1,10,1,0,5,2,2,0,0,1,0,1,2,0,2,0,1,0,0,0,0,1,0,6,9,0,0,0,0
packages/microservices/decorators/payload.decorator.ts,source,packages/microservices,102,6,26,1,0,0,0,0,0,0,0,0,0,1,0,0,1,0,0,0,6,0,0,0,0,0,0,0,0,0,7,0,0,0,0,0,0,0,0,0,0,0,0,0,0,0,0,0,0,0,0,0,0,0,0,0,5,5,0,0,0,0
packages/microservices/deserializers/identity.deserializer.ts,source,packages/microservices,9,1,8,1,0,0,0,0,0,0,0,0,0,0,1,0,1,0,0,0,0,1,0,0,0,0,0,0,0,0,1,0,0,0,1,0,0,0,1,0,0,0,0,0,0,0,0,0,0,0,0,0,0,0,0,0,0,1,0,0,0,0
packages/microservices/deserializers/incoming-request.deserializer.ts,source,packages/microservices,47,1,25,3,3,0,1,0,0,0,0,0,0,0,1,0,1,0,0,0,0,1,2,0,0,0,0,0,0,0,1,0,0,0,5,0,0,2,3,0,0,0,0,0,0,0,0,0,0,0,0,0,0,0,1,0,0,1,0,0,0,0
packages/microservices/deserializers/incoming-response.deserializer.ts,source,packages/microservices,42,1,27,3,2,0,1,0,0,0,0,0,0,0,1,0,1,0,0,0,0,1,2,0,0,0,0,0,0,0,1,0,0,0,4,0,0,0,2,2,1,0,1,0,0,0,0,1,0,0,0,0,0,0,0,0,0,4,0,0,0,0
packages/microservices/deserializers/index.ts,source,packages/microservices,7,7,1,0,0,0,0,0,0,0,0,0,0,1,0,0,0,0,0,0,0,0,0,0,0,0,0,0,0,0,0,0,0,0,0,0,0,0,0,0,0,0,0,0,0,0,0,0,0,0,0,0,0,0,0,0,0,0,0,0,0,0
packages/microservices/deserializers/kafka-request.deserializer.ts,source,packages/microservices,23,1,11,1,1,0,0,0,0,0,0,0,0,0,1,0,1,0,0,0,0,1,0,0,0,0,0,0,0,0,1,0,0,0,1,0,0,0,3,0,0,0,0,0,0,0,0,0,0,0,0,0,0,0,0,0,0,1,0,0,0,0
packages/microservices/deserializers/kafka-response.deserializer.ts,source,packages/microservices,33,1,14,1,2,0,0,0,0,0,0,0,0,0,1,0,1,0,0,0,0,1,0,0,0,0,0,0,0,0,1,0,0,0,3,0,0,0,2,0,0,0,0,0,0,0,0,0,0,0,0,0,0,0,1,0,0,1,0,0,0,0
packages/microservices/deserializers/nats-request-json.deserializer.ts,source,packages/microservices,24,1,17,1,0,0,0,0,0,0,0,0,0,0,1,0,1,1,0,0,0,1,0,0,0,0,0,0,0,0,1,0,0,0,2,0,0,0,2,0,0,0,0,0,0,0,0,0,0,0,0,0,0,0,0,0,1,6,0,0,0,0
packages/microservices/deserializers/nats-response-json.deserializer.ts,source,packages/microservices,20,1,16,1,0,0,0,0,0,0,0,0,0,0,1,0,1,1,0,0,0,1,0,0,0,0,0,0,0,0,1,0,0,0,2,0,0,0,1,0,0,0,0,0,0,0,0,0,0,0,0,0,0,0,0,0,1,6,0,0,0,0
packages/microservices/enums/grpc-status.enum.ts,source,packages/microservices,22,1,4,0,0,0,0,0,0,0,0,0,0,0,1,0,0,0,0,0,0,0,0,0,0,0,0,0,0,0,1,0,0,1,0,0,0,0,0,0,0,0,0,0,0,0,0,0,0,0,0,0,0,0,0,0,0,1,0,0,0,0
packages/microservices/enums/index.ts,source,packages/microservices,3,3,1,0,0,0,0,0,0,0,0,0,0,1,0,0,0,0,0,0,0,0,0,0,0,0,0,0,0,0,0,0,0,0,0,0,0,0,0,0,0,0,0,0,0,0,0,0,0,0,0,0,0,0,0,0,0,0,0,0,0,0
packages/microservices/enums/kafka-headers.enum.ts,source,packages/microservices,41,1,5,0,0,0,0,0,0,0,0,0,0,0,1,0,0,0,0,0,0,0,0,0,0,0,0,0,0,0,1,0,0,1,0,0,0,0,0,0,0,0,0,0,0,0,0,0,0,0,0,0,0,0,0,0,0,2,0,0,0,0
packages/microservices/enums/pattern-handler.enum.ts,source,packages/microservices,4,1,3,0,0,0,0,0,0,0,0,0,0,0,1,0,0,0,0,0,0,0,0,0,0,0,0,0,0,0,1,0,0,1,0,0,0,0,0,0,0,0,0,0,0,0,0,0,0,0,0,0,0,0,0,0,0,0,0,0,0,0
packages/microservices/enums/rpc-paramtype.enum.ts,source,packages/microservices,6,1,3,0,0,0,0,0,0,0,0,0,0,0,1,0,0,0,0,0,0,0,0,0,0,0,0,0,0,0,1,0,0,1,0,0,0,0,0,0,0,0,0,0,0,0,0,0,0,0,0,0,0,0,0,0,0,0,0,0,0,0
packages/microservices/enums/transport.enum.ts,source,packages/microservices,9,1,3,0,0,0,0,0,0,0,0,0,0,0,1,0,0,0,0,0,0,0,0,0,0,0,0,0,0,0,1,0,0,1,0,0,0,0,0,0,0,0,0,0,0,0,0,0,0,0,0,0,0,0,0,0,0,0,0,0,0,0
packages/microservices/errors/corrupted-packet-length.exception.ts,source,packages/microservices,8,1,6,1,0,0,0,0,0,0,0,0,0,0,1,0,1,0,0,0,0,1,0,0,0,0,0,0,0,0,1,0,0,0,0,0,0,0,0,0,0,0,0,0,0,0,0,0,0,0,0,0,0,0,0,0,0,1,0,0,0,0
packages/microservices/errors/empty-response.exception.ts,source,packages/microservices,10,1,6,1,0,0,0,0,0,0,0,0,0,0,1,0,1,0,0,0,0,1,0,0,0,0,0,0,0,0,1,0,0,0,0,0,0,0,0,0,0,0,0,0,0,0,0,0,0,0,0,0,0,0,0,0,0,1,0,0,0,0
packages/microservices/errors/incomplete-message-timeout.exception.ts,source,packages/microservices,10,1,6,1,0,0,0,0,0,0,0,0,0,0,1,0,1,0,0,0,0,1,0,0,0,0,0,0,0,0,1,0,0,0,0,0,0,0,0,0,0,0,0,0,0,0,0,0,0,0,0,0,0,0,0,0,0,1,0,0,0,0
packages/microservices/errors/invalid-grpc-message-decorator.exception.ts,source,packages/microservices,16,2,7,1,0,0,0,0,0,0,0,0,0,1,0,0,1,1,0,0,0,1,0,0,0,0,0,0,0,0,1,0,0,0,0,0,0,0,0,0,0,0,0,0,0,0,0,0,0,0,0,0,0,0,0,0,0,1,0,0,0,0
packages/microservices/errors/invalid-grpc-package-definition-missing-package-definition.exception.ts,source,packages/microservices,8,1,5,1,0,0,0,0,0,0,0,0,0,0,1,0,1,0,0,0,0,1,0,0,0,0,0,0,0,0,1,0,0,0,0,0,0,0,0,0,0,0,0,0,0,0,0,0,0,0,0,0,0,0,0,0,0,0,0,0,0,0
packages/microservices/errors/invalid-grpc-package-definition-mutex.exception.ts,source,packages/microservices,8,1,5,1,0,0,0,0,0,0,0,0,0,0,1,0,1,0,0,0,0,1,0,0,0,0,0,0,0,0,1,0,0,0,0,0,0,0,0,0,0,0,0,0,0,0,0,0,0,0,0,0,0,0,0,0,0,0,0,0,0,0
packages/microservices/errors/invalid-grpc-package.exception.ts,source,packages/microservices,9,1,6,1,0,0,0,0,0,0,0,0,0,0,1,0,1,0,0,0,0,1,0,0,0,0,0,0,0,0,1,0,0,0,0,0,0,0,0,0,0,0,0,0,0,0,0,0,0,0,0,0,0,0,0,0,0,1,0,0,0,0
packages/microservices/errors/invalid-grpc-service.exception.ts,source,packages/microservices,9,1,6,1,0,0,0,0,0,0,0,0,0,0,1,0,1,0,0,0,0,1,0,0,0,0,0,0,0,0,1,0,0,0,0,0,0,0,0,0,0,0,0,0,0,0,0,0,0,0,0,0,0,0,0,0,0,1,0,0,0,0
packages/microservices/errors/invalid-json-format.exception.ts,source,packages/microservices,8,1,6,1,0,0,0,0,0,0,0,0,0,0,1,0,1,0,0,0,0,1,0,0,0,0,0,0,0,0,1,0,0,0,0,0,0,0,0,0,0,0,0,0,0,0,0,0,0,0,0,0,0,0,0,0,0,1,0,0,0,0
packages/microservices/errors/invalid-kafka-client-topic.exception.ts,source,packages/microservices,11,1,6,1,0,0,0,0,0,0,0,0,0,0,1,0,1,0,0,0,0,1,0,0,0,0,0,0,0,0,1,0,0,0,0,0,0,0,0,0,0,0,0,0,0,0,0,0,0,0,0,0,0,0,0,0,0,1,0,0,0,0
packages/microservices/errors/invalid-message.exception.ts,source,packages/microservices,9,1,6,1,0,0,0,0,0,0,0,0,0,0,1,0,1,0,0,0,0,1,0,0,0,0,0,0,0,0,1,0,0,0,0,0,0,0,0,0,0,0,0,0,0,0,0,0,0,0,0,0,0,0,0,0,0,1,0,0,0,0
packages/microservices/errors/invalid-proto-definition.exception.ts,source,packages/microservices,9,1,6,1,0,0,0,0,0,0,0,0,0,0,1,0,1,0,0,0,0,1,0,0,0,0,0,0,0,0,1,0,0,0,0,0,0,0,0,0,0,0,0,0,0,0,0,0,0,0,0,0,0,0,0,0,0,1,0,0,0,0
packages/microservices/errors/invalid-tcp-data-reception.exception.ts,source,packages/microservices,18,1,17,1,0,0,3,0,0,0,0,0,1,0,1,0,1,0,0,0,0,1,0,0,0,0,0,0,0,0,1,0,0,0,2,0,0,2,0,1,0,0,3,0,0,0,0,0,0,0,0,0,0,0,0,0,0,0,0,0,0,0
packages/microservices/errors/max-packet-length-exceeded.exception.ts,source,packages/microservices,8,1,6,1,0,0,0,0,0,0,0,0,0,0,1,0,1,0,0,0,0,1,0,0,0,0,0,0,0,0,1,0,0,0,0,0,0,0,0,0,0,0,0,0,0,0,0,0,0,0,0,0,0,0,0,0,0,1,0,0,0,0
packages/microservices/errors/max-send-buffer-size-exceeded.exception.ts,source,packages/microservices,10,1,6,1,0,0,0,0,0,0,0,0,0,0,1,0,1,0,0,0,0,1,0,0,0,0,0,0,0,0,1,0,0,0,0,0,0,0,0,0,0,0,0,0,0,0,0,0,0,0,0,0,0,0,0,0,0,1,0,0,0,0
packages/microservices/errors/net-socket-closed.exception.ts,source,packages/microservices,8,1,6,1,0,0,0,0,0,0,0,0,0,0,1,0,1,0,0,0,0,1,0,0,0,0,0,0,0,0,1,0,0,0,0,0,0,0,0,0,0,0,0,0,0,0,0,0,0,0,0,0,0,0,0,0,0,1,0,0,0,0
packages/microservices/events/index.ts,source,packages/microservices,6,11,1,0,0,0,0,0,0,0,0,0,0,1,0,0,0,0,0,0,0,0,0,0,0,0,0,0,0,0,0,0,0,0,0,0,0,0,0,0,0,0,0,0,0,0,0,0,0,0,0,0,0,0,0,0,0,0,0,0,0,0
packages/microservices/events/kafka.events.ts,source,packages/microservices,7,1,3,0,0,0,0,0,0,0,0,0,0,0,1,0,0,0,0,0,0,0,0,0,0,0,0,0,0,0,1,0,0,1,0,0,0,0,0,0,0,0,0,0,0,0,0,0,0,0,0,0,0,0,0,0,0,0,0,0,0,0
packages/microservices/events/mqtt.events.ts,source,packages/microservices,36,3,9,0,0,0,0,0,0,0,0,0,0,1,0,0,0,0,0,0,0,0,0,0,0,0,0,0,0,0,1,0,1,2,1,0,0,0,0,0,0,0,0,0,0,0,0,0,0,0,0,0,0,0,0,0,2,1,0,0,0,0
packages/microservices/events/nats.events.ts,source,packages/microservices,25,4,9,0,0,0,0,0,0,0,0,0,0,1,0,0,0,0,0,0,0,0,0,0,0,0,0,0,0,0,1,0,2,2,2,0,0,0,0,0,0,0,0,0,0,0,0,0,0,0,0,0,0,0,0,0,0,1,0,0,0,0
packages/microservices/events/redis.events.ts,source,packages/microservices,31,3,9,0,0,0,0,0,0,0,0,0,0,1,0,0,0,0,0,0,0,0,0,0,0,0,0,0,0,0,1,0,1,2,1,0,0,0,0,0,0,0,0,0,0,0,0,0,0,0,0,0,0,0,0,0,2,1,0,0,0,0
packages/microservices/events/rmq.events.ts,source,packages/microservices,28,3,8,0,0,0,0,0,0,0,0,0,0,1,0,0,0,0,0,0,0,0,0,0,0,0,0,0,0,0,1,0,1,2,0,0,0,0,0,0,0,0,0,0,0,0,0,0,0,0,0,0,0,0,0,0,2,1,0,0,0,0
packages/microservices/events/tcp.events.ts,source,packages/microservices,36,3,8,0,0,0,0,0,0,0,0,0,0,1,0,0,0,0,0,0,0,0,0,0,0,0,0,0,0,0,1,0,1,2,0,0,0,0,0,0,0,0,0,0,0,0,0,0,0,0,0,0,0,0,0,0,2,1,0,0,0,0
packages/microservices/exceptions/base-rpc-exception-filter.ts,source,packages/microservices,39,1,22,3,2,0,1,0,0,0,0,0,1,0,0,0,1,0,0,0,0,1,1,0,0,0,2,0,0,2,0,0,0,0,3,0,0,1,1,0,0,0,0,0,0,0,0,0,0,0,0,0,0,0,2,0,0,1,0,0,0,0
packages/microservices/exceptions/grpc-exception-filter.ts,source,packages/microservices,58,1,18,3,6,0,0,0,0,0,0,0,0,0,0,0,1,0,0,0,0,1,2,0,0,0,2,0,0,0,0,0,0,0,0,0,0,2,0,0,0,0,0,0,0,0,0,0,0,0,0,0,0,0,0,0,0,1,0,0,0,0
packages/microservices/exceptions/grpc-exception.ts,source,packages/microservices,105,18,43,19,0,0,0,0,0,0,0,0,0,1,0,0,1,1,0,0,0,17,3,0,0,0,0,0,0,0,0,0,0,0,0,0,0,0,0,0,0,0,0,0,0,0,0,0,0,0,0,0,0,0,0,0,0,1,0,0,0,0
packages/microservices/exceptions/index.ts,source,packages/microservices,5,5,1,0,0,0,0,0,0,0,0,0,0,1,0,0,0,0,0,0,0,0,0,0,0,0,0,0,0,0,0,0,0,0,0,0,0,0,0,0,0,0,0,0,0,0,0,0,0,0,0,0,0,0,0,0,0,0,0,0,0,0
packages/microservices/exceptions/kafka-retriable-exception.ts,source,packages/microservices,16,1,5,1,0,0,0,0,0,0,0,0,0,0,0,0,1,0,0,0,0,1,1,0,0,0,0,0,0,0,0,0,0,0,0,0,0,0,0,0,0,0,0,0,0,0,0,0,0,0,0,0,0,0,0,0,0,1,0,0,0,0
packages/microservices/exceptions/rpc-exception.ts,source,packages/microservices,27,1,30,3,3,0,0,0,0,0,0,0,0,0,0,0,1,0,0,0,0,1,12,0,3,0,0,0,0,0,0,0,0,0,2,1,0,2,0,1,0,0,0,0,0,0,0,0,0,0,0,0,0,0,0,0,0,1,0,0,0,0
packages/microservices/exceptions/rpc-exceptions-handler.ts,source,packages/microservices,50,1,27,3,4,0,1,0,0,1,0,0,0,0,0,0,1,0,0,0,0,1,4,0,1,0,1,0,0,1,0,0,0,0,3,0,0,0,1,0,0,0,1,0,0,0,0,0,0,0,0,0,0,0,2,0,0,2,0,0,0,0
packages/microservices/external/grpc-options.interface.ts,source,packages/microservices,22,1,4,0,0,0,0,0,0,0,0,0,0,0,1,0,0,0,0,0,0,0,0,0,0,0,0,0,0,0,1,0,0,0,1,0,0,0,0,0,0,0,0,0,0,0,0,0,0,0,0,0,0,0,0,0,0,1,0,0,0,0
packages/microservices/external/kafka.interface.ts,source,packages/microservices,1178,156,136,0,0,0,0,0,0,0,4,0,0,1,0,0,1,1,0,0,0,22,0,0,0,0,0,0,0,0,7,11,36,8,13,0,0,0,0,0,0,0,0,0,0,0,0,0,0,0,0,0,0,0,0,0,26,6,0,0,0,0
packages/microservices/external/mqtt-options.interface.ts,source,packages/microservices,178,6,55,0,0,0,0,0,0,0,0,0,0,1,0,0,0,0,0,0,0,0,0,0,0,0,0,0,0,0,1,1,0,0,9,0,0,0,0,0,0,0,0,0,0,0,0,0,0,0,0,0,0,0,0,0,4,39,0,0,0,0
packages/microservices/external/nats-codec.interface.ts,source,packages/microservices,9,1,5,0,0,0,0,0,0,0,0,0,0,0,1,0,0,0,0,0,0,0,0,0,0,0,0,0,0,0,1,2,0,0,0,0,0,0,0,0,0,0,0,0,0,0,0,0,0,0,0,0,0,0,0,0,0,1,0,0,0,0
packages/microservices/external/redis.interface.ts,source,packages/microservices,199,1,36,0,0,0,0,0,0,0,0,0,0,0,1,0,0,0,0,0,0,0,0,0,0,0,0,0,0,0,1,0,0,0,4,0,0,0,1,0,0,0,0,0,0,0,0,0,0,0,0,0,0,0,0,0,0,29,0,0,0,0
packages/microservices/external/rmq-url.interface.ts,source,packages/microservices,65,3,13,0,0,0,0,0,0,0,0,0,0,1,0,0,0,0,0,0,0,0,0,0,0,0,0,0,0,0,1,0,0,0,5,0,0,0,2,0,0,0,0,0,0,0,0,0,0,0,0,0,0,0,1,0,0,3,0,0,0,0
packages/microservices/factories/rpc-params-factory.ts,source,packages/microservices,22,1,8,1,1,1,1,0,0,0,0,0,0,0,0,0,1,0,1,0,0,1,0,0,0,0,0,0,0,0,0,0,0,0,0,0,0,1,0,0,0,0,0,0,0,0,0,0,0,0,0,0,0,0,0,0,0,0,0,0,0,0
packages/microservices/helpers/grpc-helpers.ts,source,packages/microservices,20,1,11,1,2,0,0,0,0,2,0,0,1,0,1,0,1,0,0,0,1,0,0,0,0,0,0,0,0,0,0,0,0,0,1,0,0,0,1,0,0,0,0,0,0,0,0,0,0,0,0,0,0,0,0,0,0,0,0,0,0,0
packages/microservices/helpers/index.ts,source,packages/microservices,6,6,1,0,0,0,0,0,0,0,0,0,0,1,0,0,0,0,0,0,0,0,0,0,0,0,0,0,0,0,0,0,0,0,0,0,0,0,0,0,0,0,0,0,0,0,0,0,0,0,0,0,0,0,0,0,0,0,0,0,0,0
packages/microservices/helpers/json-socket.ts,source,packages/microservices,215,2,183,12,13,0,1,1,2,2,0,0,1,1,0,0,1,1,8,0,0,1,78,0,19,0,0,0,3,0,0,2,0,0,5,0,0,0,0,7,0,0,0,0,0,0,0,0,0,0,0,0,0,0,0,0,2,23,0,0,0,0
packages/microservices/helpers/kafka-logger.ts,source,packages/microservices,28,1,13,1,1,1,0,0,0,0,1,4,0,0,0,0,1,0,0,0,0,0,0,0,0,1,0,0,0,0,1,0,0,0,1,0,0,0,0,0,0,0,0,0,0,0,0,0,1,0,0,0,0,0,0,0,0,0,0,0,0,0
packages/microservices/helpers/kafka-parser.ts,source,packages/microservices,54,1,39,3,6,0,0,1,1,0,1,1,0,0,0,0,1,0,0,0,0,1,5,0,5,0,0,0,0,0,0,1,0,0,2,0,0,0,1,1,1,0,0,0,0,1,0,1,0,0,0,0,0,0,1,0,0,5,0,0,0,0
packages/microservices/helpers/kafka-reply-partition-assigner.ts,source,packages/microservices,174,1,98,14,7,0,0,0,0,0,1,2,2,0,0,0,1,0,0,0,0,1,7,2,9,0,0,0,0,0,0,2,0,0,1,0,0,1,6,11,2,0,0,0,0,0,0,0,0,6,0,0,0,0,2,0,0,21,0,0,0,0
packages/microservices/helpers/tcp-socket.ts,source,packages/microservices,74,1,64,10,2,0,0,0,2,1,1,2,0,0,0,0,1,0,0,0,0,1,26,0,3,0,0,0,0,0,0,3,0,0,9,0,0,0,2,0,0,0,0,0,0,0,0,0,0,0,0,0,0,0,0,0,0,1,0,0,0,0
packages/microservices/index.ts,source,packages/microservices,21,14,2,0,0,0,0,0,0,0,0,0,0,1,0,0,0,0,0,0,0,0,0,0,0,0,0,0,0,0,0,0,0,0,0,0,0,0,0,0,0,0,0,0,0,0,0,0,0,0,0,0,0,0,0,0,0,1,0,0,0,0
packages/microservices/interfaces/client-grpc.interface.ts,source,packages/microservices,17,1,6,0,0,0,0,0,0,0,0,0,0,0,1,0,0,0,0,0,0,0,0,0,0,0,0,0,0,0,1,0,0,0,1,0,0,0,0,0,0,0,0,0,0,0,0,0,0,0,0,0,0,0,0,0,0,3,0,0,0,0
packages/microservices/interfaces/client-kafka-proxy.interface.ts,source,packages/microservices,34,1,11,0,0,0,0,0,0,0,0,0,0,0,1,0,0,0,0,0,0,0,0,0,0,0,0,0,0,0,1,0,0,0,0,0,0,0,5,0,0,0,0,0,0,0,0,0,0,0,0,0,0,0,0,0,0,4,0,0,0,0
packages/microservices/interfaces/client-metadata.interface.ts,source,packages/microservices,65,3,20,0,0,0,0,0,0,0,0,0,0,1,0,0,0,0,0,0,0,0,0,0,0,0,0,0,0,0,1,0,0,0,1,0,0,0,12,0,0,0,0,0,0,0,0,0,0,0,0,0,0,0,0,0,0,5,0,0,0,0
packages/microservices/interfaces/custom-transport-strategy.interface.ts,source,packages/microservices,19,1,10,0,0,0,0,0,0,0,0,0,0,0,1,0,0,0,0,0,0,0,0,0,0,0,0,0,0,0,1,0,0,0,3,0,0,0,1,0,0,0,0,0,0,0,0,0,0,0,0,0,0,0,0,0,0,4,0,0,0,0
packages/microservices/interfaces/deserializer.interface.ts,source,packages/microservices,19,3,12,0,0,0,0,0,0,0,0,0,0,1,0,0,0,0,0,0,0,0,0,0,0,0,0,0,0,0,1,0,0,0,5,0,0,0,3,0,0,0,0,0,0,0,0,0,0,0,0,0,0,0,0,0,1,1,0,0,0,0
packages/microservices/interfaces/index.ts,source,packages/microservices,12,12,1,0,0,0,0,0,0,0,0,0,0,1,0,0,0,0,0,0,0,0,0,0,0,0,0,0,0,0,0,0,0,0,0,0,0,0,0,0,0,0,0,0,0,0,0,0,0,0,0,0,0,0,0,0,0,0,0,0,0,0
packages/microservices/interfaces/message-handler.interface.ts,source,packages/microservices,16,1,8,0,0,0,0,0,0,0,0,0,0,0,1,0,0,0,0,0,0,0,0,0,0,0,0,0,0,0,1,0,0,0,4,0,0,0,1,0,0,0,0,0,0,0,0,0,0,0,0,0,0,0,0,0,0,1,0,0,0,0
packages/microservices/interfaces/microservice-configuration.interface.ts,source,packages/microservices,368,13,78,0,0,0,0,0,0,0,0,0,0,1,0,0,0,0,0,0,0,0,0,0,0,0,0,0,0,0,1,0,2,0,15,0,0,0,19,0,0,0,0,0,0,0,0,0,0,0,0,0,0,0,0,0,0,40,0,0,0,0
packages/microservices/interfaces/microservice-entrypoint-metadata.interface.ts,source,packages/microservices,8,1,6,0,0,0,0,0,0,0,0,0,0,0,1,0,0,0,0,0,0,0,0,0,0,0,0,0,0,0,1,0,1,0,1,0,0,0,2,0,0,0,0,0,0,0,0,0,0,0,0,0,0,0,0,0,0,0,0,0,0,0
packages/microservices/interfaces/packet.interface.ts,source,packages/microservices,26,10,12,0,0,0,0,0,0,0,0,0,0,1,0,0,0,0,0,0,0,0,0,0,0,0,0,0,0,0,1,0,0,0,4,0,0,0,0,0,0,0,0,0,0,0,0,0,0,0,0,0,0,0,0,0,5,1,0,0,0,0
packages/microservices/interfaces/pattern-metadata.interface.ts,source,packages/microservices,1,1,3,0,0,0,0,0,0,0,0,0,0,0,1,0,0,0,0,0,0,0,0,0,0,0,0,0,0,0,1,0,0,0,1,0,0,0,0,0,0,0,0,0,0,0,0,0,0,0,0,0,0,0,0,0,0,0,0,0,0,0
packages/microservices/interfaces/pattern.interface.ts,source,packages/microservices,6,4,3,0,0,0,0,0,0,0,0,0,0,1,0,0,0,0,0,0,0,0,0,0,0,0,0,0,0,0,1,0,0,0,0,0,0,0,0,0,0,0,0,0,0,0,0,0,0,0,0,0,0,0,0,0,1,0,0,0,0,0
packages/microservices/interfaces/request-context.interface.ts,source,packages/microservices,12,1,7,0,0,0,0,0,0,0,0,0,0,0,1,0,0,0,0,0,0,0,0,0,0,0,0,0,0,0,1,0,0,0,4,0,0,0,1,0,0,0,0,0,0,0,0,0,0,0,0,0,0,0,0,0,0,0,0,0,0,0
packages/microservices/interfaces/serializer.interface.ts,source,packages/microservices,19,3,12,0,0,0,0,0,0,0,0,0,0,1,0,0,0,0,0,0,0,0,0,0,0,0,0,0,0,0,1,0,0,0,5,0,0,0,3,0,0,0,0,0,0,0,0,0,0,0,0,0,0,0,0,0,1,1,0,0,0,0
packages/microservices/listener-metadata-explorer.ts,source,packages/microservices,98,4,24,3,3,0,0,1,0,0,0,0,1,1,0,0,1,1,0,0,0,1,2,0,0,0,0,0,0,0,0,0,0,0,3,1,0,0,3,2,0,0,0,0,0,0,0,0,0,0,0,0,0,0,1,0,0,0,0,0,0,0
packages/microservices/listeners-controller.ts,source,packages/microservices,337,1,109,12,10,0,4,1,1,0,3,5,4,0,0,0,1,0,0,0,0,1,22,0,4,0,4,0,0,0,0,0,0,0,5,2,0,5,13,5,0,0,1,0,1,0,0,0,0,1,0,0,0,0,2,0,0,2,0,0,0,0
packages/microservices/microservices-module.ts,source,packages/microservices,120,1,39,8,3,0,0,0,0,2,0,0,1,0,0,0,1,0,0,0,0,1,13,0,2,0,0,0,0,0,0,0,0,0,0,0,0,1,1,1,0,0,0,0,0,0,0,0,0,4,0,0,0,0,1,0,0,0,0,0,0,0
packages/microservices/module/clients.module.ts,source,packages/microservices,108,1,46,8,3,0,2,0,0,0,0,0,3,0,1,0,1,0,0,0,0,1,7,1,1,0,0,0,0,0,1,0,0,0,1,4,0,2,0,6,0,0,4,0,0,0,0,0,0,0,0,0,0,0,0,0,0,0,0,0,0,0
packages/microservices/module/index.ts,source,packages/microservices,2,2,1,0,0,0,0,0,0,0,0,0,0,1,0,0,0,0,0,0,0,0,0,0,0,0,0,0,0,0,0,0,0,0,0,0,0,0,0,0,0,0,0,0,0,0,0,0,0,0,0,0,0,0,0,0,0,0,0,0,0,0
packages/microservices/module/interfaces/clients-module.interface.ts,source,packages/microservices,32,6,7,0,0,0,0,0,0,0,0,0,0,1,0,0,0,0,0,0,0,0,0,0,0,0,0,0,0,0,1,0,0,0,2,0,0,0,2,0,0,0,0,0,0,0,0,0,0,0,0,0,0,0,1,0,0,0,0,0,0,0
packages/microservices/module/interfaces/index.ts,source,packages/microservices,1,1,0,0,0,0,0,0,0,0,0,0,0,0,0,0,0,0,0,0,0,0,0,0,0,0,0,0,0,0,0,0,0,0,0,0,0,0,0,0,0,0,0,0,0,0,0,0,0,0,0,0,0,0,0,0,0,0,0,0,0,0
packages/microservices/nest-microservice.ts,source,packages/microservices,391,1,240,27,22,0,0,0,1,3,0,4,0,0,0,0,1,1,0,0,0,1,111,0,10,0,0,0,0,9,0,1,0,0,8,1,0,7,3,2,0,0,0,0,0,0,0,0,0,4,0,0,0,0,2,0,0,22,0,0,0,0
packages/microservices/record-builders/index.ts,source,packages/microservices,3,3,1,0,0,0,0,0,0,0,0,0,0,1,0,0,0,0,0,0,0,0,0,0,0,0,0,0,0,0,0,0,0,0,0,0,0,0,0,0,0,0,0,0,0,0,0,0,0,0,0,0,0,0,0,0,0,0,0,0,0,0
packages/microservices/record-builders/mqtt.record-builder.ts,source,packages/microservices,81,3,43,8,0,0,0,0,0,0,0,0,0,1,0,0,1,1,0,0,0,2,16,0,5,0,0,0,0,0,1,0,0,0,1,0,0,0,0,0,0,0,0,0,0,0,0,0,0,0,0,0,0,0,0,0,0,7,0,0,0,0
packages/microservices/record-builders/nats.record-builder.ts,source,packages/microservices,27,2,24,5,0,0,0,0,0,0,0,0,0,1,0,0,1,0,0,0,0,2,6,0,2,0,0,0,0,0,1,0,0,0,4,0,0,0,0,0,0,0,0,0,0,0,0,0,0,0,0,0,0,0,0,0,0,2,0,0,0,0
packages/microservices/record-builders/rmq.record-builder.ts,source,packages/microservices,47,3,23,5,0,0,0,0,0,0,0,0,0,1,0,0,1,1,0,0,0,2,6,0,2,0,0,0,0,0,1,0,0,0,1,0,0,0,0,0,0,0,0,0,0,0,0,0,0,0,0,0,0,0,0,0,0,3,0,0,0,0
packages/microservices/serializers/identity.serializer.ts,source,packages/microservices,6,1,7,1,0,0,0,0,0,0,0,0,0,0,1,0,1,0,0,0,0,1,0,0,0,0,0,0,0,0,1,0,0,0,1,0,0,0,1,0,0,0,0,0,0,0,0,0,0,0,0,0,0,0,0,0,0,0,0,0,0,0
packages/microservices/serializers/index.ts,source,packages/microservices,5,5,1,0,0,0,0,0,0,0,0,0,0,1,0,0,0,0,0,0,0,0,0,0,0,0,0,0,0,0,0,0,0,0,0,0,0,0,0,0,0,0,0,0,0,0,0,0,0,0,0,0,0,0,0,0,0,0,0,0,0,0
packages/microservices/serializers/kafka-request.serializer.ts,source,packages/microservices,52,2,29,2,5,0,1,0,0,0,0,1,0,1,0,0,1,1,0,0,0,1,2,0,3,0,0,0,0,0,1,0,0,0,5,0,0,0,1,0,0,0,1,0,0,0,0,0,0,0,0,0,0,0,1,0,0,2,0,0,0,0
packages/microservices/serializers/mqtt-record.serializer.ts,source,packages/microservices,15,1,10,1,1,0,0,0,0,0,0,0,0,0,1,0,1,0,0,0,0,1,0,0,0,0,1,0,0,0,1,0,0,0,0,0,0,0,2,0,0,0,0,0,0,0,0,0,0,0,0,0,0,0,1,0,0,0,0,0,0,0
packages/microservices/serializers/nats-record.serializer.ts,source,packages/microservices,21,1,9,0,0,0,1,0,0,0,0,0,0,0,1,0,1,0,0,0,0,1,0,0,0,0,1,0,0,0,1,0,0,0,1,0,0,0,2,0,0,0,0,0,0,0,0,0,0,0,0,0,0,0,0,0,0,0,0,0,0,0
packages/microservices/serializers/rmq-record.serializer.ts,source,packages/microservices,24,1,10,1,1,0,0,0,0,0,0,0,0,0,1,0,1,0,0,0,0,1,0,0,0,0,1,0,0,0,1,0,0,0,0,0,0,0,2,0,0,0,0,0,0,0,0,0,0,0,0,0,0,0,1,0,0,0,0,0,0,0
packages/microservices/server/index.ts,source,packages/microservices,8,8,1,0,0,0,0,0,0,0,0,0,0,1,0,0,0,0,0,0,0,0,0,0,0,0,0,0,0,0,0,0,0,0,0,0,0,0,0,0,0,0,0,0,0,0,0,0,0,0,0,0,0,0,0,0,0,0,0,0,0,0
packages/microservices/server/server-factory.ts,source,packages/microservices,42,1,19,1,0,1,0,0,0,0,0,0,0,0,0,0,1,0,0,0,0,1,0,0,0,0,0,0,0,0,0,0,0,0,0,0,0,7,8,0,0,0,0,0,0,0,0,0,0,0,0,0,0,0,0,0,0,0,0,0,0,0
packages/microservices/server/server-grpc.ts,source,packages/microservices,789,1,422,56,42,0,7,7,7,5,15,22,5,0,0,0,1,1,0,0,6,1,77,4,14,0,0,0,1,2,0,3,0,0,29,6,0,8,5,5,2,0,1,0,1,3,0,5,0,0,2,0,0,0,2,0,3,74,0,0,0,0
packages/microservices/server/server-kafka.ts,source,packages/microservices,428,1,254,31,18,0,2,1,1,2,1,3,6,0,0,0,1,0,0,0,0,1,100,0,22,0,3,0,0,2,0,0,0,0,9,11,0,8,16,1,0,0,1,0,1,0,0,2,0,0,0,0,0,0,2,0,0,9,0,0,0,0
packages/microservices/server/server-mqtt.ts,source,packages/microservices,320,1,204,31,12,0,5,2,2,1,2,2,4,0,0,0,1,1,1,0,0,1,73,0,12,0,1,1,1,2,0,2,0,0,9,2,0,7,7,4,0,0,0,0,1,4,0,0,0,2,0,0,0,0,1,0,0,10,0,0,0,0
packages/microservices/server/server-nats.ts,source,packages/microservices,254,1,150,20,8,1,2,1,1,1,0,0,3,0,0,0,1,1,0,0,0,1,57,0,6,0,0,1,0,6,0,0,0,0,5,2,0,11,5,0,0,0,0,0,1,0,0,0,0,1,1,1,0,0,0,0,3,10,0,0,0,0
packages/microservices/server/server-redis.ts,source,packages/microservices,268,1,189,27,12,0,4,0,2,1,0,0,3,0,0,0,1,1,1,0,0,1,83,0,8,0,0,3,0,6,0,1,0,0,11,1,0,4,4,0,0,0,0,0,2,0,0,0,0,3,0,0,0,0,1,0,0,9,0,0,0,0
packages/microservices/server/server-rmq.ts,source,packages/microservices,456,1,306,29,28,0,1,2,2,1,2,4,6,0,0,0,1,1,0,0,0,1,128,0,12,0,0,2,0,10,0,1,0,0,14,12,0,7,8,5,0,0,1,0,0,2,0,0,0,2,0,0,0,0,2,0,4,18,0,0,0,0
packages/microservices/server/server-tcp.ts,source,packages/microservices,260,1,202,23,13,0,1,0,0,1,1,1,1,0,0,0,1,0,0,0,0,1,100,0,18,0,0,1,3,0,0,0,0,0,3,0,0,8,11,0,0,0,0,0,1,0,0,0,0,2,0,0,0,0,2,0,0,10,0,0,0,0
packages/microservices/server/server.ts,source,packages/microservices,416,1,170,28,10,0,4,1,4,1,3,5,1,0,0,0,1,0,0,0,0,1,27,0,11,0,1,0,0,4,0,0,0,0,18,7,0,4,20,3,0,0,0,0,0,0,0,0,0,0,1,0,0,0,2,0,0,13,0,0,0,0
packages/microservices/test/client/client-grpc.spec.ts,spec,packages/microservices,448,0,152,7,0,0,0,0,1,0,16,19,0,0,0,0,0,0,0,0,0,2,0,0,0,0,0,2,0,0,0,0,0,0,24,4,0,7,0,2,1,0,0,0,0,0,0,0,0,0,0,0,0,0,0,1,0,3,1,36,1,25
packages/microservices/test/client/client-kafka.spec.ts,spec,packages/microservices,887,0,289,18,0,0,0,0,0,5,33,42,0,0,0,0,0,0,0,0,0,0,0,3,0,0,1,1,0,2,0,1,0,0,28,4,0,17,4,3,0,0,0,0,7,0,0,0,0,0,0,6,0,0,0,1,0,11,1,64,1,36
packages/microservices/test/client/client-mqtt.spec.ts,spec,packages/microservices,739,0,280,21,0,0,1,0,0,3,17,35,0,0,0,0,0,0,0,0,1,0,1,0,0,0,0,1,0,0,0,24,0,0,25,0,0,15,1,0,0,0,0,0,3,0,0,0,0,0,0,10,0,0,0,1,0,0,1,71,1,48
packages/microservices/test/client/client-nats.spec.ts,spec,packages/microservices,757,0,331,38,0,0,0,0,0,7,25,52,0,0,0,0,0,0,0,0,13,0,4,0,0,0,0,3,0,0,0,0,0,0,32,1,0,23,2,0,0,0,0,0,1,0,0,0,0,0,0,10,0,0,0,1,0,13,1,76,1,28
packages/microservices/test/client/client-proxy-factory.spec.ts,spec,packages/microservices,48,0,17,0,0,0,0,0,0,0,0,0,0,0,0,0,0,0,0,0,0,0,0,0,0,0,7,0,0,0,0,0,0,0,0,0,0,0,0,0,0,0,0,0,0,0,0,0,0,0,0,0,0,0,0,1,0,0,1,0,1,7
packages/microservices/test/client/client-proxy.spec.ts,spec,packages/microservices,327,0,131,17,0,0,0,0,0,3,1,1,0,0,0,0,0,0,0,0,1,1,0,0,0,0,2,0,0,0,0,0,0,0,23,0,0,19,1,0,0,0,0,0,0,0,0,0,0,0,0,3,0,0,0,1,0,0,1,31,1,25
packages/microservices/test/client/client-redis.spec.ts,spec,packages/microservices,895,0,323,33,4,0,1,1,2,3,22,38,1,0,0,0,0,0,0,0,0,1,12,0,0,0,0,2,0,0,0,6,0,0,27,2,0,25,1,4,0,0,0,0,1,0,0,0,0,0,0,10,0,0,0,1,0,4,1,78,1,42
packages/microservices/test/client/client-rmq.spec.ts,spec,packages/microservices,811,0,341,25,0,0,0,0,1,2,31,44,0,0,0,0,0,0,0,0,3,0,2,0,0,0,0,4,0,0,0,29,0,0,14,2,0,9,2,4,0,0,0,0,8,0,0,0,0,0,0,9,0,0,0,1,0,9,1,95,1,45
packages/microservices/test/client/client-tcp.spec.ts,spec,packages/microservices,494,0,176,10,0,0,0,0,0,3,20,22,0,0,0,0,0,0,0,0,0,2,2,0,0,0,0,0,0,0,0,0,0,0,15,0,0,11,0,0,0,0,0,0,0,0,0,0,0,0,0,1,0,0,0,1,0,3,1,49,1,35
packages/microservices/test/container.spec.ts,spec,packages/microservices,29,0,14,0,0,0,0,0,0,0,1,1,0,0,0,0,0,0,0,0,0,0,0,0,0,0,0,0,0,0,0,0,0,0,3,0,0,3,0,0,0,0,0,0,0,0,0,0,0,0,0,0,0,0,0,0,0,0,1,1,1,3
packages/microservices/test/context/exception-filters-context.spec.ts,spec,packages/microservices,80,0,41,1,0,0,0,0,0,0,2,2,0,0,0,0,0,0,0,0,0,4,0,0,0,0,0,0,0,0,0,0,0,0,7,2,0,6,0,0,0,0,0,0,0,0,0,0,0,0,0,0,0,4,0,1,0,0,1,6,1,4
packages/microservices/test/context/request-context-host.spec.ts,spec,packages/microservices,26,0,8,0,0,0,0,0,0,0,1,1,0,0,0,0,0,0,0,0,0,0,0,0,0,0,0,0,0,0,0,0,0,0,0,0,0,0,0,0,0,0,0,0,0,0,0,0,0,0,0,0,0,0,0,0,0,0,1,1,1,3
packages/microservices/test/context/rpc-context-creator.spec.ts,spec,packages/microservices,552,0,314,20,4,0,0,0,0,0,12,13,1,0,0,0,0,0,0,0,1,3,0,0,0,0,0,2,0,0,0,6,0,0,89,5,0,78,0,0,1,0,4,0,0,0,0,0,0,0,0,0,0,26,0,1,0,0,1,27,1,19
packages/microservices/test/context/rpc-proxy.spec.ts,spec,packages/microservices,113,0,46,10,0,0,0,0,0,1,3,3,0,0,0,0,0,0,0,0,0,0,0,1,0,0,0,4,0,0,0,0,0,0,0,0,0,0,0,0,0,0,1,0,0,0,0,0,0,0,0,7,0,0,1,1,0,0,0,7,1,6
packages/microservices/test/ctx-host/base-rpc-context.spec.ts,spec,packages/microservices,20,0,7,0,0,0,0,0,0,0,1,1,0,0,0,0,0,0,0,0,0,0,0,0,0,0,0,0,0,0,0,0,0,0,0,0,0,0,0,0,0,0,0,0,0,0,0,0,0,0,0,0,0,0,0,0,0,0,1,1,1,2
packages/microservices/test/ctx-host/kafka.context.spec.ts,spec,packages/microservices,59,0,18,1,0,0,0,0,0,0,1,1,0,0,0,0,0,0,0,0,0,0,0,0,0,0,0,0,0,0,1,0,0,0,0,0,0,1,3,0,0,0,0,0,0,0,0,0,0,0,0,1,0,0,0,0,0,0,1,1,1,6
packages/microservices/test/ctx-host/mqtt.context.spec.ts,spec,packages/microservices,18,0,10,0,0,0,0,0,0,0,1,1,0,0,0,0,0,0,0,0,0,0,0,0,0,0,0,0,0,0,1,0,0,0,1,0,0,1,0,0,0,0,0,0,0,0,0,0,0,0,0,0,0,0,0,0,0,0,1,1,1,2
packages/microservices/test/ctx-host/nats.context.spec.ts,spec,packages/microservices,18,0,9,0,0,0,0,0,0,0,1,1,0,0,0,0,0,0,0,0,0,0,0,0,0,0,0,0,0,0,1,0,0,0,1,0,0,0,0,0,0,0,0,0,0,0,0,0,0,0,0,0,0,0,0,0,0,0,1,1,1,2
packages/microservices/test/ctx-host/redis.context.spec.ts,spec,packages/microservices,13,0,8,0,0,0,0,0,0,0,1,1,0,0,0,0,0,0,0,0,0,0,0,0,0,0,0,0,0,0,1,0,0,0,0,0,0,1,0,0,0,0,0,0,0,0,0,0,0,0,0,0,0,0,0,0,0,0,1,1,1,1
packages/microservices/test/ctx-host/rmq.context.spec.ts,spec,packages/microservices,23,0,12,0,0,0,0,0,0,0,1,1,0,0,0,0,0,0,0,0,0,0,0,0,0,0,0,0,0,0,1,0,0,0,2,0,0,1,0,0,0,0,0,0,0,0,0,0,0,0,0,0,0,0,0,0,0,0,1,1,1,3
packages/microservices/test/ctx-host/tcp.context.spec.ts,spec,packages/microservices,18,0,10,0,0,0,0,0,0,0,1,1,0,0,0,0,0,0,0,0,0,0,0,0,0,0,0,0,0,0,1,0,0,0,1,0,0,1,0,0,0,0,0,0,0,0,0,0,0,0,0,0,0,0,0,0,0,0,1,1,1,2
packages/microservices/test/decorators/client.decorator.spec.ts,spec,packages/microservices,26,0,6,0,0,0,0,0,0,0,0,0,0,0,0,0,0,0,0,0,0,1,0,0,0,0,0,0,0,0,1,0,0,0,1,0,0,1,0,0,0,0,0,0,0,0,0,0,0,0,0,0,0,0,0,0,0,0,1,0,0,1
packages/microservices/test/decorators/ctx.decorator.spec.ts,spec,packages/microservices,23,0,6,1,0,0,0,0,0,0,0,0,0,0,0,0,0,0,0,0,0,1,0,0,0,0,0,0,0,0,1,0,0,0,1,0,0,0,0,0,0,0,0,0,0,0,0,0,0,0,0,0,0,0,0,0,0,0,1,0,0,1
packages/microservices/test/decorators/event-pattern.decorator.spec.ts,spec,packages/microservices,188,0,37,12,0,0,0,0,0,0,0,0,0,0,0,0,0,0,0,0,0,7,0,0,0,0,0,0,0,0,1,0,1,0,0,1,0,0,0,3,0,0,0,0,1,0,0,0,0,0,0,0,0,0,0,0,0,0,1,0,1,9
packages/microservices/test/decorators/message-pattern.decorator.spec.ts,spec,packages/microservices,277,0,48,16,0,0,0,0,0,0,0,0,0,0,0,0,0,0,0,0,0,10,0,0,0,0,0,0,0,0,1,0,0,0,1,1,0,0,0,0,0,0,0,0,1,0,0,0,0,0,0,0,0,0,0,0,0,0,1,0,1,16
packages/microservices/test/decorators/payload.decorator.spec.ts,spec,packages/microservices,84,0,27,5,0,0,0,0,0,0,0,0,0,0,0,0,0,0,0,0,0,5,0,0,0,0,0,0,0,0,1,1,0,0,5,0,0,1,0,0,4,0,0,0,0,0,0,0,0,0,0,0,0,0,0,1,0,0,1,0,1,2
packages/microservices/test/deserializers/identity.deserializer.spec.ts,spec,packages/microservices,13,0,7,0,0,0,0,0,0,0,1,1,0,0,0,0,0,0,0,0,0,0,0,0,0,0,0,0,0,0,1,0,0,0,0,0,0,0,0,0,0,0,0,0,0,0,0,0,0,0,0,0,0,0,0,0,0,0,1,1,1,1
packages/microservices/test/deserializers/incoming-request.deserializer.spec.ts,spec,packages/microservices,44,0,10,0,0,0,0,0,0,0,1,1,0,0,0,0,0,0,0,0,0,0,0,0,0,0,0,0,0,0,1,0,0,0,0,0,0,0,1,0,0,0,0,0,0,0,0,0,0,0,0,0,0,0,0,0,0,0,1,1,1,3
packages/microservices/test/deserializers/incoming-response.deserializer.spec.ts,spec,packages/microservices,76,0,15,0,0,0,0,0,0,0,1,1,0,0,0,0,0,0,0,0,0,0,0,0,0,0,0,0,0,0,1,0,0,0,0,0,0,0,1,0,0,0,0,0,0,0,0,0,0,0,0,0,0,0,0,0,0,0,1,1,1,8
packages/microservices/test/deserializers/kafka-response.deserializer.spec.ts,spec,packages/microservices,42,0,8,0,0,0,0,0,0,0,1,1,0,0,0,0,0,0,0,0,0,0,0,0,0,0,0,0,0,0,1,0,0,0,0,0,0,0,0,0,0,0,0,0,0,0,0,0,0,0,0,0,0,0,0,0,0,0,1,1,1,2
packages/microservices/test/exceptions/grpc-exception-filter.spec.ts,spec,packages/microservices,89,0,22,8,0,0,0,0,0,0,1,1,0,0,0,0,0,0,0,0,0,0,0,0,0,0,0,0,0,0,0,0,0,0,0,4,0,0,0,0,0,0,0,0,0,0,0,0,0,0,0,0,0,0,1,1,0,0,1,1,0,4
packages/microservices/test/exceptions/grpc-exception.spec.ts,spec,packages/microservices,26,0,3,0,0,0,0,0,0,0,0,0,0,0,0,0,0,0,0,0,0,0,0,0,0,0,0,0,0,0,0,0,0,0,0,0,0,0,0,0,0,0,0,0,0,0,0,0,0,0,0,0,0,0,0,0,0,0,1,0,0,2
packages/microservices/test/exceptions/rpc-exception.spec.ts,spec,packages/microservices,35,0,8,0,0,0,0,0,0,0,0,0,0,0,0,0,0,0,0,0,0,0,0,0,0,0,0,0,0,0,0,0,0,0,0,0,0,0,0,0,0,0,0,0,0,0,0,0,0,0,0,0,0,0,0,0,0,0,1,0,1,6
packages/microservices/test/exceptions/rpc-exceptions-handler.spec.ts,spec,packages/microservices,125,0,53,6,0,0,0,0,0,0,2,3,2,0,0,0,0,0,0,0,0,1,0,0,0,0,0,0,0,0,0,0,0,0,6,11,0,3,0,0,0,0,0,0,0,0,0,0,0,0,0,0,0,0,0,1,0,0,1,6,1,10
packages/microservices/test/factories/rpc-params-factory.spec.ts,spec,packages/microservices,44,0,16,0,0,0,0,0,0,0,1,1,0,0,0,0,0,0,0,0,0,0,0,0,0,0,0,0,0,0,0,0,0,0,0,6,0,0,0,0,0,0,0,0,0,0,0,0,0,0,0,0,0,0,0,0,0,0,1,1,1,5
packages/microservices/test/helpers/grpc-helpers.spec.ts,spec,packages/microservices,58,0,8,0,0,0,0,0,0,0,0,0,0,0,0,0,0,0,0,0,0,0,0,0,0,0,0,0,0,0,0,2,0,0,0,0,0,0,0,0,0,0,0,0,0,0,0,0,0,0,0,0,0,0,0,0,0,0,1,0,1,4
packages/microservices/test/helpers/json-socket.spec.ts,spec,packages/microservices,300,0,110,10,0,0,0,1,0,0,4,4,0,0,0,0,0,0,0,0,2,0,0,0,0,0,0,0,0,0,0,3,0,0,19,0,0,17,0,9,0,0,0,1,1,1,0,0,0,1,0,0,0,0,0,1,0,0,1,13,1,21
packages/microservices/test/helpers/kafka-logger.spec.ts,spec,packages/microservices,78,0,27,0,0,0,0,0,0,0,5,5,0,0,0,0,0,0,0,0,0,0,0,0,0,0,0,0,0,0,2,0,0,0,1,0,0,0,0,0,0,0,0,0,0,0,0,0,0,0,0,0,0,0,0,0,2,1,1,5,0,5
packages/microservices/test/helpers/kafka-parser.spec.ts,spec,packages/microservices,146,0,18,0,0,0,0,0,0,0,1,1,0,0,0,0,0,0,0,0,0,0,0,0,0,0,0,0,0,0,0,0,0,0,1,0,0,0,0,0,0,0,0,0,0,0,0,0,0,0,0,0,0,0,0,0,0,2,1,1,1,10
packages/microservices/test/helpers/kafka-reply-partition-assigner.spec.ts,spec,packages/microservices,265,0,29,0,0,0,0,0,0,0,3,7,0,0,0,0,0,0,0,0,0,0,0,0,0,0,0,0,0,0,0,4,0,0,0,0,0,0,0,4,0,0,0,0,0,0,0,0,0,0,0,0,0,0,0,1,0,2,1,3,1,3
packages/microservices/test/json-socket/connection.spec.ts,spec,packages/microservices,214,0,109,37,9,0,0,0,0,2,3,3,3,0,0,0,0,0,0,0,0,0,0,0,0,0,0,5,0,0,0,6,0,0,0,33,0,2,1,1,0,0,0,0,0,0,0,0,0,0,0,0,0,0,0,0,0,0,1,0,0,3
packages/microservices/test/json-socket/data/long-payload-with-special-chars.ts,test-support,packages/microservices,262,1,30,0,0,0,0,0,0,0,0,0,0,0,1,0,0,0,28,1,0,0,0,0,0,0,0,0,0,0,0,0,0,0,0,0,0,0,0,0,0,0,0,0,0,0,0,0,0,0,0,0,0,0,0,0,0,0,0,0,0,0
packages/microservices/test/json-socket/helpers.ts,test-support,packages/microservices,68,5,37,10,3,0,0,1,0,1,1,1,1,1,0,0,0,0,0,0,4,0,0,0,1,0,0,0,0,0,1,2,0,0,5,1,0,2,2,0,0,0,0,0,0,0,0,0,0,0,0,0,0,0,0,0,0,0,0,0,0,0
packages/microservices/test/json-socket/listener-chaining.spec.ts,spec,packages/microservices,24,0,17,6,1,0,0,0,0,0,0,0,0,0,0,0,0,0,0,0,0,0,0,0,0,0,0,0,0,0,0,0,0,0,0,5,0,0,0,0,0,0,0,0,0,0,0,0,0,0,0,4,0,0,0,0,0,0,1,0,0,0
packages/microservices/test/json-socket/max-buffer-size.spec.ts,spec,packages/microservices,193,0,51,9,0,0,0,0,2,0,0,0,0,0,0,0,0,0,0,0,0,0,0,0,0,0,0,0,0,0,0,0,0,0,0,0,0,0,0,11,0,0,0,0,0,11,0,0,0,0,0,0,0,0,0,1,0,6,1,2,1,7
packages/microservices/test/json-socket/message-parsing.spec.ts,spec,packages/microservices,161,0,45,1,0,0,0,0,4,0,1,1,0,0,0,0,0,0,0,0,0,0,0,0,0,0,0,0,0,0,0,0,0,0,0,0,0,0,0,11,0,0,0,0,0,0,0,0,0,0,0,0,0,0,0,1,0,2,1,5,1,17
packages/microservices/test/listeners-controller.spec.ts,spec,packages/microservices,499,0,149,2,1,0,0,0,0,1,3,18,0,0,0,0,0,0,0,0,0,2,0,0,0,0,0,0,0,0,0,2,0,0,30,1,0,24,3,5,0,0,0,0,0,0,0,0,0,0,0,1,0,2,1,1,0,3,1,33,1,14
packages/microservices/test/listeners-metadata-explorer.spec.ts,spec,packages/microservices,193,0,52,8,0,0,0,0,0,0,4,4,0,0,0,0,0,0,0,0,0,2,0,0,0,0,0,0,0,0,0,0,0,0,4,4,0,4,0,5,4,0,0,0,0,0,0,0,0,0,0,0,0,1,0,0,0,3,1,4,1,3
packages/microservices/test/module/clients.module.spec.ts,spec,packages/microservices,118,0,40,1,0,0,0,0,1,0,1,5,0,0,0,0,0,0,0,0,0,1,0,0,0,0,0,0,0,0,1,2,0,0,3,5,0,7,0,1,0,0,0,0,0,0,0,0,0,0,0,0,0,0,0,1,0,0,1,2,1,7
packages/microservices/test/nest-microservice.spec.ts,spec,packages/microservices,238,0,96,2,0,0,0,0,0,0,2,2,0,0,0,0,0,0,0,0,0,7,0,0,0,0,0,0,0,0,0,0,0,0,13,0,0,7,3,0,0,0,0,0,1,0,0,0,0,0,0,2,0,0,0,0,0,3,1,43,1,9
packages/microservices/test/serializers/identity.serializer.spec.ts,spec,packages/microservices,13,0,7,0,0,0,0,0,0,0,1,1,0,0,0,0,0,0,0,0,0,0,0,0,0,0,0,0,0,0,1,0,0,0,0,0,0,0,0,0,0,0,0,0,0,0,0,0,0,0,0,0,0,0,0,0,0,0,1,1,1,1
packages/microservices/test/serializers/kafka-request.serializer.spec.ts,spec,packages/microservices,131,0,27,2,0,0,0,0,0,0,1,1,0,0,0,0,0,0,0,0,0,4,2,0,0,0,0,0,0,0,1,0,0,0,0,0,0,0,0,0,0,0,0,0,0,0,0,0,0,0,0,0,0,0,0,0,0,0,1,1,1,13
packages/microservices/test/serializers/mqtt-record.serializer.spec.ts,spec,packages/microservices,37,0,8,0,0,0,0,0,0,0,1,1,0,0,0,0,0,0,0,0,0,0,0,0,0,0,0,0,0,0,1,0,0,0,0,0,0,0,0,0,0,0,0,0,0,0,0,0,0,0,0,0,0,0,0,0,0,0,1,1,1,2
packages/microservices/test/serializers/nats-record.serializer.spec.ts,spec,packages/microservices,92,0,16,0,0,0,0,0,0,0,1,1,0,0,0,0,0,0,0,0,0,0,0,0,0,0,0,0,0,0,1,0,0,0,0,0,0,0,0,0,0,0,0,0,0,0,0,0,0,0,0,0,0,0,0,1,0,0,1,1,1,9
packages/microservices/test/serializers/rmq-record.serializer.spec.ts,spec,packages/microservices,34,0,8,0,0,0,0,0,0,0,1,1,0,0,0,0,0,0,0,0,0,0,0,0,0,0,0,0,0,0,1,0,0,0,0,0,0,0,0,0,0,0,0,0,0,0,0,0,0,0,0,0,0,0,0,0,0,0,1,1,1,2
packages/microservices/test/server/server-factory.spec.ts,spec,packages/microservices,114,0,30,0,0,0,0,0,0,0,0,0,0,0,0,0,0,0,0,0,0,0,0,0,0,0,14,0,0,0,0,0,0,0,0,0,0,0,0,0,0,0,0,0,0,0,0,0,0,0,0,0,0,0,0,0,0,0,1,0,1,14
packages/microservices/test/server/server-grpc.spec.ts,spec,packages/microservices,1370,0,417,40,7,0,0,0,1,6,9,10,1,0,0,0,0,0,0,0,6,1,0,0,0,0,0,1,0,0,0,5,0,0,60,4,0,45,0,2,0,1,0,0,1,0,0,0,0,0,0,3,0,0,1,1,0,21,1,144,1,45
packages/microservices/test/server/server-kafka.spec.ts,spec,packages/microservices,731,0,195,15,0,0,0,0,0,5,17,19,0,0,0,0,0,0,0,0,1,1,0,2,0,0,0,0,0,2,0,0,0,0,17,6,0,11,2,1,0,0,0,0,4,0,0,0,0,0,0,4,0,0,0,1,0,11,1,48,1,26
packages/microservices/test/server/server-mqtt.spec.ts,spec,packages/microservices,486,0,152,3,0,0,0,0,0,2,16,19,0,0,0,0,0,0,0,0,0,0,0,0,0,0,0,0,0,0,0,1,0,0,13,5,0,8,0,2,0,1,0,0,7,0,0,0,0,0,0,1,0,0,0,1,0,2,1,43,1,26
packages/microservices/test/server/server-nats.spec.ts,spec,packages/microservices,392,0,154,8,2,0,0,2,0,2,8,10,1,0,0,0,0,0,0,0,4,0,0,0,0,0,0,0,0,0,0,0,0,0,21,1,0,20,0,2,0,0,2,0,1,0,0,0,0,0,0,1,0,0,0,1,0,2,1,44,1,20
packages/microservices/test/server/server-redis.spec.ts,spec,packages/microservices,398,0,142,4,0,0,0,0,1,2,12,16,0,0,0,0,0,0,0,0,0,0,0,0,0,0,0,0,0,0,0,0,0,0,13,4,0,11,0,1,0,1,0,0,0,0,0,0,0,0,0,2,0,0,0,1,0,4,1,41,1,27
packages/microservices/test/server/server-rmq.spec.ts,spec,packages/microservices,601,0,177,10,0,0,0,0,0,3,16,16,0,0,0,0,0,0,0,0,0,0,0,0,0,0,0,1,0,0,0,0,0,0,19,0,0,15,0,1,0,0,0,0,0,2,0,0,0,0,0,3,0,0,0,1,0,1,1,49,1,38
packages/microservices/test/server/server-tcp.spec.ts,spec,packages/microservices,402,0,149,8,0,0,0,1,0,1,12,14,0,0,0,0,0,0,0,0,0,1,0,0,0,0,0,0,0,0,0,1,0,0,14,2,0,12,0,2,0,0,0,0,3,0,0,0,0,0,0,4,0,0,0,1,0,2,1,38,1,31
packages/microservices/test/server/server.spec.ts,spec,packages/microservices,465,0,115,14,0,0,0,0,0,3,6,8,0,0,0,0,0,0,0,0,2,1,0,0,0,0,0,0,0,0,0,0,0,0,12,1,0,9,0,0,0,0,0,0,2,0,0,0,0,0,0,4,0,0,0,1,0,0,1,31,1,19
packages/microservices/test/server/utils/object-to-map.ts,test-support,packages/microservices,2,1,3,0,0,0,0,0,0,0,0,0,0,0,0,0,0,0,0,0,0,0,0,0,0,1,0,0,0,0,0,0,0,0,1,0,0,0,0,0,1,0,0,0,0,0,0,0,0,0,0,0,0,0,0,0,0,0,0,0,0,0
packages/microservices/test/utils/transform-pattern.utils.spec.ts,spec,packages/microservices,125,0,23,3,0,0,0,0,0,0,0,0,0,0,0,0,0,0,0,0,1,0,0,0,0,0,0,0,0,0,1,1,0,0,1,0,0,3,1,0,0,0,0,0,0,0,0,0,0,2,0,0,0,0,0,0,1,0,1,0,1,7
packages/microservices/tokens.ts,source,packages/microservices,2,1,1,0,0,0,0,0,0,0,0,0,0,0,1,0,0,0,0,0,0,0,0,0,0,0,0,0,0,0,0,0,0,0,0,0,0,0,0,0,0,0,0,0,0,0,0,0,0,0,0,0,0,0,0,0,0,0,0,0,0,0
packages/microservices/utils/index.ts,source,packages/microservices,1,1,0,0,0,0,0,0,0,0,0,0,0,0,0,0,0,0,0,0,0,0,0,0,0,0,0,0,0,0,0,0,0,0,0,0,0,0,0,0,0,0,0,0,0,0,0,0,0,0,0,0,0,0,0,0,0,0,0,0,0,0
packages/microservices/utils/param.utils.ts,source,packages/microservices,85,2,34,3,3,0,2,0,0,0,1,3,1,1,0,0,1,0,0,0,1,0,0,0,3,1,0,0,0,0,1,0,0,0,1,6,0,3,1,2,0,0,0,0,0,0,0,0,0,0,0,0,0,0,0,0,0,0,0,0,0,0
packages/microservices/utils/transform-pattern.utils.ts,source,packages/microservices,53,1,30,2,5,0,0,0,0,0,1,2,1,0,1,0,1,0,0,0,1,0,0,0,0,0,0,0,0,0,1,3,0,0,0,0,0,0,1,4,1,0,0,0,0,2,0,0,0,0,0,0,0,0,1,0,2,1,0,0,0,0
packages/platform-express/adapters/express-adapter.ts,source,packages/platform-express,560,1,313,55,45,1,5,2,2,4,1,1,3,0,0,0,1,1,1,0,1,1,61,0,7,0,5,0,2,2,0,3,0,0,40,5,0,5,5,13,1,0,9,0,0,11,0,3,0,1,0,0,0,0,2,0,0,14,0,0,0,0
packages/platform-express/adapters/index.ts,source,packages/platform-express,1,1,0,0,0,0,0,0,0,0,0,0,0,0,0,0,0,0,0,0,0,0,0,0,0,0,0,0,0,0,0,0,0,0,0,0,0,0,0,0,0,0,0,0,0,0,0,0,0,0,0,0,0,0,0,0,0,0,0,0,0,0
packages/platform-express/adapters/utils/get-body-parser-options.util.ts,source,packages/platform-express,32,1,9,2,2,0,0,0,0,0,0,0,0,0,1,0,1,0,0,0,1,0,0,0,1,0,0,0,0,0,1,0,0,0,0,0,0,0,0,0,0,0,0,0,0,0,0,0,0,0,0,0,0,0,0,0,0,0,0,0,0,0
packages/platform-express/adapters/utils/get-media-type-version.util.ts,source,packages/platform-express,29,1,18,1,1,0,0,2,0,0,0,0,0,0,1,0,1,0,0,0,1,0,0,0,0,0,0,0,0,0,1,0,0,0,0,0,0,1,0,4,0,0,0,0,0,4,0,0,0,0,0,0,0,0,0,0,0,1,0,0,0,0
packages/platform-express/index.ts,source,packages/platform-express,9,3,2,0,0,0,0,0,0,0,0,0,0,1,0,0,0,0,0,0,0,0,0,0,0,0,0,0,0,0,0,0,0,0,0,0,0,0,0,0,0,0,0,0,0,0,0,0,0,0,0,0,0,0,0,0,0,1,0,0,0,0
packages/platform-express/interfaces/index.ts,source,packages/platform-express,3,3,1,0,0,0,0,0,0,0,0,0,0,1,0,0,0,0,0,0,0,0,0,0,0,0,0,0,0,0,0,0,0,0,0,0,0,0,0,0,0,0,0,0,0,0,0,0,0,0,0,0,0,0,0,0,0,0,0,0,0,0
packages/platform-express/interfaces/nest-express-application.interface.ts,source,packages/platform-express,135,1,25,0,0,0,0,0,0,0,0,0,0,0,1,0,0,0,0,0,0,0,0,0,0,0,0,0,0,0,1,0,0,0,6,0,0,0,3,0,0,0,0,0,0,0,0,0,0,0,0,0,0,0,2,0,0,12,0,0,0,0
packages/platform-express/interfaces/nest-express-body-parser-options.interface.ts,source,packages/platform-express,28,1,8,0,0,0,0,0,0,0,0,0,0,0,1,0,0,0,0,0,0,0,0,0,0,0,0,0,0,0,1,0,0,0,1,0,0,0,0,0,0,0,0,0,0,0,0,0,0,0,0,0,0,0,0,0,0,5,0,0,0,0
packages/platform-express/interfaces/nest-express-body-parser.interface.ts,source,packages/platform-express,31,3,5,0,0,0,0,0,0,0,0,0,0,1,0,0,0,0,0,0,0,0,0,0,0,0,0,0,0,0,1,0,0,0,0,0,0,0,0,0,0,0,0,0,0,0,0,0,0,0,0,0,0,0,0,0,0,3,0,0,0,0
packages/platform-express/interfaces/serve-static-options.interface.ts,source,packages/platform-express,69,1,17,0,0,0,0,0,0,0,0,0,0,0,1,0,0,0,0,0,0,0,0,0,0,0,0,0,0,0,1,0,0,0,3,0,0,0,0,0,0,0,0,0,0,0,0,0,0,0,0,0,0,0,0,0,0,12,0,0,0,0
packages/platform-express/multer/files.constants.ts,source,packages/platform-express,1,1,2,0,0,0,0,0,0,0,0,0,0,0,1,0,0,0,0,0,0,0,0,0,0,0,0,0,0,0,1,0,0,0,0,0,0,0,0,0,0,0,0,0,0,0,0,0,0,0,0,0,0,0,0,0,0,0,0,0,0,0
packages/platform-express/multer/index.ts,source,packages/platform-express,3,3,1,0,0,0,0,0,0,0,0,0,0,1,0,0,0,0,0,0,0,0,0,0,0,0,0,0,0,0,0,0,0,0,0,0,0,0,0,0,0,0,0,0,0,0,0,0,0,0,0,0,0,0,0,0,0,0,0,0,0,0
packages/platform-express/multer/interceptors/any-files.interceptor.ts,source,packages/platform-express,56,1,21,4,1,0,0,0,0,0,0,0,0,0,1,0,1,1,0,0,1,1,2,0,1,0,0,0,0,0,2,0,0,0,4,0,0,1,0,0,0,0,0,0,0,0,0,0,0,0,0,0,0,0,0,0,0,1,0,0,0,0
packages/platform-express/multer/interceptors/file-fields.interceptor.ts,source,packages/platform-express,64,1,21,4,1,0,0,0,0,0,0,0,0,0,1,0,1,1,0,0,1,1,2,0,1,0,0,0,0,0,2,0,0,0,4,0,0,1,0,0,0,0,0,0,0,0,0,0,0,0,0,0,0,0,0,0,0,1,0,0,0,0
packages/platform-express/multer/interceptors/file.interceptor.ts,source,packages/platform-express,62,1,21,4,1,0,0,0,0,0,0,0,0,0,1,0,1,1,0,0,1,1,2,0,1,0,0,0,0,0,2,0,0,0,4,0,0,1,0,0,0,0,0,0,0,0,0,0,0,0,0,0,0,0,0,0,0,1,0,0,0,0
packages/platform-express/multer/interceptors/files.interceptor.ts,source,packages/platform-express,65,1,21,4,1,0,0,0,0,0,0,0,0,0,1,0,1,1,0,0,1,1,2,0,1,0,0,0,0,0,2,0,0,0,4,0,0,1,0,0,0,0,0,0,0,0,0,0,0,0,0,0,0,0,0,0,0,1,0,0,0,0
packages/platform-express/multer/interceptors/index.ts,source,packages/platform-express,5,5,1,0,0,0,0,0,0,0,0,0,0,1,0,0,0,0,0,0,0,0,0,0,0,0,0,0,0,0,0,0,0,0,0,0,0,0,0,0,0,0,0,0,0,0,0,0,0,0,0,0,0,0,0,0,0,0,0,0,0,0
packages/platform-express/multer/interceptors/no-files.interceptor.ts,source,packages/platform-express,56,1,21,4,1,0,0,0,0,0,0,0,0,0,1,0,1,1,0,0,1,1,2,0,1,0,0,0,0,0,2,0,0,0,4,0,0,1,0,0,0,0,0,0,0,0,0,0,0,0,0,0,0,0,0,0,0,1,0,0,0,0
packages/platform-express/multer/interfaces/files-upload-module.interface.ts,source,packages/platform-express,23,3,8,0,0,0,0,0,0,0,0,0,0,1,0,0,0,0,0,0,0,0,0,0,0,0,0,0,0,0,1,0,0,0,2,0,0,0,1,0,0,0,0,0,0,0,0,0,0,0,0,0,0,0,1,0,0,2,0,0,0,0
packages/platform-express/multer/interfaces/index.ts,source,packages/platform-express,1,1,0,0,0,0,0,0,0,0,0,0,0,0,0,0,0,0,0,0,0,0,0,0,0,0,0,0,0,0,0,0,0,0,0,0,0,0,0,0,0,0,0,0,0,0,0,0,0,0,0,0,0,0,0,0,0,0,0,0,0,0
packages/platform-express/multer/interfaces/multer-options.interface.ts,source,packages/platform-express,73,3,30,0,0,0,0,0,0,0,0,0,0,1,0,0,0,0,0,0,0,0,0,0,0,0,0,0,0,0,1,0,0,0,3,0,0,0,0,0,0,0,0,0,0,0,0,0,0,0,0,0,0,0,0,0,0,25,0,0,0,0
packages/platform-express/multer/multer.constants.ts,source,packages/platform-express,1,1,2,0,0,0,0,0,0,0,0,0,0,0,1,0,0,0,0,0,0,0,0,0,0,0,0,0,0,0,1,0,0,0,0,0,0,0,0,0,0,0,0,0,0,0,0,0,0,0,0,0,0,0,0,0,0,0,0,0,0,0
packages/platform-express/multer/multer.module.ts,source,packages/platform-express,73,1,20,4,2,0,0,0,0,0,0,0,0,0,1,0,1,0,0,0,0,1,3,0,0,0,0,0,0,2,1,0,0,0,0,3,0,0,0,0,0,0,0,0,0,0,0,0,0,0,0,0,0,0,1,0,0,1,0,0,0,0
packages/platform-express/multer/multer/multer.constants.ts,source,packages/platform-express,24,2,9,0,0,0,0,0,0,0,0,0,0,1,0,0,0,0,0,2,0,0,0,0,0,0,0,0,0,0,1,0,0,0,0,0,0,0,0,0,0,0,0,0,0,0,0,0,0,0,0,0,0,0,0,0,0,5,0,0,0,0
packages/platform-express/multer/multer/multer.utils.ts,source,packages/platform-express,73,2,28,3,3,1,1,0,0,0,0,0,0,1,0,0,1,0,0,0,3,0,0,0,1,0,1,0,0,0,1,0,0,0,0,0,0,0,2,0,0,0,1,0,2,0,1,0,0,0,0,0,0,0,1,0,0,5,0,0,0,0
packages/platform-express/test/adapters/express-adapter.spec.ts,spec,packages/platform-express,285,0,88,3,0,0,0,1,0,0,1,1,0,0,0,0,0,0,0,0,2,0,0,0,0,0,0,0,0,0,0,0,0,0,3,0,0,7,0,1,0,0,0,0,1,0,0,0,0,0,0,1,0,0,0,0,0,6,1,36,1,23
packages/platform-express/test/adapters/utils/get-body-parser-options.util.spec.ts,spec,packages/platform-express,58,0,14,0,0,0,0,0,0,0,0,0,0,0,0,0,0,0,0,0,0,0,0,0,0,0,0,0,0,0,1,0,0,0,6,0,0,0,0,0,0,0,0,0,0,0,0,0,0,0,0,0,0,0,0,0,0,0,1,0,1,5
packages/platform-express/test/adapters/utils/get-media-type-version.util.spec.ts,spec,packages/platform-express,29,0,9,0,0,0,0,0,0,0,0,0,0,0,0,0,0,0,0,0,0,0,0,0,0,0,0,0,0,0,1,0,0,0,0,0,0,0,0,0,0,0,0,0,0,0,0,0,0,0,0,0,0,0,0,0,0,0,1,2,0,5
packages/platform-express/test/multer/interceptors/any-files.interceptor.spec.ts,spec,packages/platform-express,45,0,22,0,0,0,0,0,0,0,1,1,0,0,0,0,0,0,0,0,0,0,0,0,0,0,0,1,0,0,1,0,0,0,4,0,0,4,1,0,0,0,0,0,0,0,0,0,0,0,0,0,0,0,0,1,0,0,1,2,1,4
packages/platform-express/test/multer/interceptors/file-fields.interceptor.spec.ts,spec,packages/platform-express,64,0,22,0,0,0,0,0,0,0,1,1,0,0,0,0,0,0,0,0,0,0,0,0,0,0,0,1,0,0,1,0,0,0,4,0,0,4,1,0,0,0,0,0,0,0,0,0,0,0,0,0,0,0,0,1,0,0,1,2,1,4
packages/platform-express/test/multer/interceptors/file.interceptor.spec.ts,spec,packages/platform-express,47,0,22,0,0,0,0,0,0,0,1,1,0,0,0,0,0,0,0,0,0,0,0,0,0,0,0,1,0,0,1,0,0,0,4,0,0,4,1,0,0,0,0,0,0,0,0,0,0,0,0,0,0,0,0,1,0,0,1,2,1,4
packages/platform-express/test/multer/interceptors/files.interceptor.spec.ts,spec,packages/platform-express,48,0,22,0,0,0,0,0,0,0,1,1,0,0,0,0,0,0,0,0,0,0,0,0,0,0,0,1,0,0,1,0,0,0,4,0,0,4,1,0,0,0,0,0,0,0,0,0,0,0,0,0,0,0,0,1,0,0,1,2,1,4
packages/platform-express/test/multer/interceptors/no-files.interceptor.spec.ts,spec,packages/platform-express,44,0,22,0,0,0,0,0,0,0,1,1,0,0,0,0,0,0,0,0,0,0,0,0,0,0,0,1,0,0,1,0,0,0,4,0,0,4,1,0,0,0,0,0,0,0,0,0,0,0,0,0,0,0,0,1,0,0,1,2,1,4
packages/platform-express/test/multer/multer/multer.module.spec.ts,spec,packages/platform-express,75,0,27,0,0,0,0,0,0,0,0,0,0,0,0,0,0,0,0,0,0,0,0,0,0,0,0,0,0,0,1,1,0,0,6,2,0,6,1,1,0,0,0,0,0,0,0,0,0,0,0,0,0,0,0,1,0,0,1,1,1,5
packages/platform-express/test/multer/multer/multer.utils.spec.ts,spec,packages/platform-express,187,0,48,0,0,0,0,0,0,0,0,0,0,0,0,0,0,0,0,0,0,0,0,0,0,0,0,0,0,0,1,0,0,0,8,7,0,8,0,0,0,0,0,0,1,0,0,0,0,0,0,0,0,0,0,1,0,0,1,0,1,20
packages/platform-fastify/adapters/fastify-adapter.ts,source,packages/platform-fastify,1145,1,619,91,68,1,18,5,2,4,4,13,13,0,0,0,1,1,4,0,8,1,133,0,23,0,4,1,12,5,0,3,0,0,45,6,0,31,29,16,0,0,10,0,7,18,0,0,1,2,0,0,0,0,2,0,3,34,0,0,0,0
packages/platform-fastify/adapters/index.ts,source,packages/platform-fastify,1,1,0,0,0,0,0,0,0,0,0,0,0,0,0,0,0,0,0,0,0,0,0,0,0,0,0,0,0,0,0,0,0,0,0,0,0,0,0,0,0,0,0,0,0,0,0,0,0,0,0,0,0,0,0,0,0,0,0,0,0,0
packages/platform-fastify/adapters/utils/get-media-type-version.util.ts,source,packages/platform-fastify,29,1,18,1,1,0,0,2,0,0,0,0,0,0,1,0,1,0,0,0,1,0,0,0,0,0,0,0,0,0,1,0,0,0,0,0,0,1,0,4,0,0,0,0,0,4,0,0,0,0,0,0,0,0,0,0,0,1,0,0,0,0
packages/platform-fastify/constants.ts,source,packages/platform-fastify,4,3,3,0,0,0,0,0,0,0,0,0,0,1,0,0,0,0,0,0,0,0,0,0,0,0,0,0,0,0,0,0,0,0,0,0,0,0,0,0,0,0,0,0,0,0,0,0,0,0,0,0,0,0,0,0,2,0,0,0,0,0
packages/platform-fastify/decorators/index.ts,source,packages/platform-fastify,3,3,1,0,0,0,0,0,0,0,0,0,0,1,0,0,0,0,0,0,0,0,0,0,0,0,0,0,0,0,0,0,0,0,0,0,0,0,0,0,0,0,0,0,0,0,0,0,0,0,0,0,0,0,0,0,0,0,0,0,0,0
packages/platform-fastify/decorators/route-config.decorator.ts,source,packages/platform-fastify,9,1,7,0,0,0,0,0,0,0,0,0,0,0,1,0,1,0,0,0,0,0,0,0,0,1,0,0,0,0,2,0,0,0,1,0,0,0,0,0,0,0,0,0,0,0,0,0,0,0,0,0,0,0,0,0,0,1,0,0,0,0
packages/platform-fastify/decorators/route-constraints.decorator.ts,source,packages/platform-fastify,11,1,8,0,0,0,0,0,0,0,0,0,0,0,1,0,1,0,0,0,0,0,0,0,0,1,0,0,0,0,2,0,0,0,0,0,0,0,1,0,0,0,0,0,0,0,0,0,0,0,0,0,0,0,1,0,0,1,0,0,0,0
packages/platform-fastify/decorators/route-schema.decorator.ts,source,packages/platform-fastify,14,1,8,0,0,0,0,0,0,0,0,0,0,0,1,0,1,0,0,0,0,0,0,0,0,1,0,0,0,0,2,0,0,0,0,0,0,0,1,0,0,0,0,0,0,0,0,0,0,0,0,0,0,0,1,0,0,1,0,0,0,0
packages/platform-fastify/index.ts,source,packages/platform-fastify,10,4,2,0,0,0,0,0,0,0,0,0,0,1,0,0,0,0,0,0,0,0,0,0,0,0,0,0,0,0,0,0,0,0,0,0,0,0,0,0,0,0,0,0,0,0,0,0,0,0,0,0,0,0,0,0,0,1,0,0,0,0
packages/platform-fastify/interfaces/external/fastify-multipart-options.interface.ts,source,packages/platform-fastify,57,1,16,0,0,0,0,0,0,0,0,0,0,0,1,0,0,0,0,0,0,0,0,0,0,0,0,0,0,0,1,0,0,0,0,0,0,0,0,0,0,0,0,0,0,0,0,0,0,0,0,0,0,0,0,0,0,14,0,0,0,0
packages/platform-fastify/interfaces/external/fastify-static-options.interface.ts,source,packages/platform-fastify,95,3,11,0,0,0,0,0,0,0,0,0,0,1,0,0,0,0,0,0,0,0,0,0,0,0,0,0,0,0,1,0,0,0,0,0,0,0,4,0,0,0,0,0,0,0,0,0,0,0,0,0,0,0,0,0,0,5,0,0,0,0
packages/platform-fastify/interfaces/external/fastify-view-options.interface.ts,source,packages/platform-fastify,31,1,13,0,0,0,0,0,0,0,0,0,0,0,1,0,0,0,0,0,0,0,0,0,0,0,0,0,0,0,1,0,0,0,10,0,0,0,0,0,0,0,0,0,0,0,0,0,0,0,0,0,0,0,0,0,0,1,0,0,0,0
packages/platform-fastify/interfaces/external/index.ts,source,packages/platform-fastify,3,3,1,0,0,0,0,0,0,0,0,0,0,1,0,0,0,0,0,0,0,0,0,0,0,0,0,0,0,0,0,0,0,0,0,0,0,0,0,0,0,0,0,0,0,0,0,0,0,0,0,0,0,0,0,0,0,0,0,0,0,0
packages/platform-fastify/interfaces/index.ts,source,packages/platform-fastify,2,2,1,0,0,0,0,0,0,0,0,0,0,1,0,0,0,0,0,0,0,0,0,0,0,0,0,0,0,0,0,0,0,0,0,0,0,0,0,0,0,0,0,0,0,0,0,0,0,0,0,0,0,0,0,0,0,0,0,0,0,0
packages/platform-fastify/interfaces/nest-fastify-application.interface.ts,source,packages/platform-fastify,120,1,30,0,0,0,0,0,0,0,0,0,0,0,1,0,0,0,0,0,0,0,0,0,0,0,0,0,0,0,1,0,0,0,1,0,0,0,18,0,0,0,0,0,0,0,0,0,0,0,0,0,0,0,0,0,0,9,0,0,0,0
packages/platform-fastify/interfaces/nest-fastify-body-parser-options.interface.ts,source,packages/platform-fastify,5,1,2,0,0,0,0,0,0,0,0,0,0,0,1,0,0,0,0,0,0,0,0,0,0,0,0,0,0,0,1,0,0,0,0,0,0,0,0,0,0,0,0,0,0,0,0,0,0,0,0,0,0,0,0,0,0,0,0,0,0,0
packages/platform-fastify/multipart/files.constants.ts,source,packages/platform-fastify,1,1,2,0,0,0,0,0,0,0,0,0,0,0,1,0,0,0,0,0,0,0,0,0,0,0,0,0,0,0,1,0,0,0,0,0,0,0,0,0,0,0,0,0,0,0,0,0,0,0,0,0,0,0,0,0,0,0,0,0,0,0
packages/platform-fastify/multipart/index.ts,source,packages/platform-fastify,4,4,1,0,0,0,0,0,0,0,0,0,0,1,0,0,0,0,0,0,0,0,0,0,0,0,0,0,0,0,0,0,0,0,0,0,0,0,0,0,0,0,0,0,0,0,0,0,0,0,0,0,0,0,0,0,0,0,0,0,0,0
packages/platform-fastify/multipart/interceptors/any-files.interceptor.ts,source,packages/platform-fastify,20,1,7,1,0,0,0,0,0,0,0,0,0,0,1,0,1,0,0,0,1,0,0,0,0,0,0,0,0,0,2,0,0,0,0,0,0,0,0,0,0,0,0,0,0,0,0,0,0,0,0,0,0,0,0,0,0,1,0,0,0,0
packages/platform-fastify/multipart/interceptors/file-fields.interceptor.ts,source,packages/platform-fastify,22,1,7,1,0,0,0,0,0,0,0,0,0,0,1,0,1,0,0,0,1,0,0,0,0,0,0,0,0,0,2,0,0,0,0,0,0,0,0,0,0,0,0,0,0,0,0,0,0,0,0,0,0,0,0,0,0,1,0,0,0,0
packages/platform-fastify/multipart/interceptors/file-stream.interceptor.ts,source,packages/platform-fastify,37,1,7,1,0,0,0,0,0,0,0,0,0,0,1,0,1,0,0,0,1,0,0,0,0,0,0,0,0,0,2,0,0,0,0,0,0,0,0,0,0,0,0,0,0,0,0,0,0,0,0,0,0,0,0,0,0,1,0,0,0,0
packages/platform-fastify/multipart/interceptors/file.interceptor.ts,source,packages/platform-fastify,26,1,7,1,0,0,0,0,0,0,0,0,0,0,1,0,1,0,0,0,1,0,0,0,0,0,0,0,0,0,2,0,0,0,0,0,0,0,0,0,0,0,0,0,0,0,0,0,0,0,0,0,0,0,0,0,0,1,0,0,0,0
packages/platform-fastify/multipart/interceptors/files.interceptor.ts,source,packages/platform-fastify,24,1,7,1,0,0,0,0,0,0,0,0,0,0,1,0,1,0,0,0,1,0,0,0,0,0,0,0,0,0,2,0,0,0,0,0,0,0,0,0,0,0,0,0,0,0,0,0,0,0,0,0,0,0,0,0,0,1,0,0,0,0
packages/platform-fastify/multipart/interceptors/index.ts,source,packages/platform-fastify,6,6,1,0,0,0,0,0,0,0,0,0,0,1,0,0,0,0,0,0,0,0,0,0,0,0,0,0,0,0,0,0,0,0,0,0,0,0,0,0,0,0,0,0,0,0,0,0,0,0,0,0,0,0,0,0,0,0,0,0,0,0
packages/platform-fastify/multipart/interceptors/no-files.interceptor.ts,source,packages/platform-fastify,20,1,7,1,0,0,0,0,0,0,0,0,0,0,1,0,1,0,0,0,1,0,0,0,0,0,0,0,0,0,2,0,0,0,0,0,0,0,0,0,0,0,0,0,0,0,0,0,0,0,0,0,0,0,0,0,0,1,0,0,0,0
packages/platform-fastify/multipart/interfaces/files-upload-module.interface.ts,source,packages/platform-fastify,29,3,5,0,0,0,0,0,0,0,0,0,0,1,0,0,0,0,0,0,0,0,0,0,0,0,0,0,0,0,1,0,0,0,1,0,0,0,0,0,0,0,0,0,0,0,0,0,0,0,0,0,0,0,0,0,0,2,0,0,0,0
packages/platform-fastify/multipart/interfaces/index.ts,source,packages/platform-fastify,3,3,1,0,0,0,0,0,0,0,0,0,0,1,0,0,0,0,0,0,0,0,0,0,0,0,0,0,0,0,0,0,0,0,0,0,0,0,0,0,0,0,0,0,0,0,0,0,0,0,0,0,0,0,0,0,0,0,0,0,0,0
packages/platform-fastify/multipart/interfaces/multipart-file.interface.ts,source,packages/platform-fastify,70,3,24,0,0,0,0,0,0,0,0,0,0,1,0,0,0,0,0,0,0,0,0,0,0,0,0,0,0,0,1,0,0,0,0,0,0,0,0,0,0,0,0,0,0,0,0,0,0,0,0,0,0,0,0,0,0,22,0,0,0,0
packages/platform-fastify/multipart/interfaces/multipart-options.interface.ts,source,packages/platform-fastify,92,4,26,0,0,0,0,0,0,0,0,0,0,1,0,0,0,0,0,0,0,0,0,0,0,0,0,0,0,0,1,0,0,0,5,0,0,0,0,0,0,0,0,0,0,0,0,0,0,0,0,0,0,0,0,0,0,19,0,0,0,0
packages/platform-fastify/multipart/multipart.constants.ts,source,packages/platform-fastify,1,1,2,0,0,0,0,0,0,0,0,0,0,0,1,0,0,0,0,0,0,0,0,0,0,0,0,0,0,0,1,0,0,0,0,0,0,0,0,0,0,0,0,0,0,0,0,0,0,0,0,0,0,0,0,0,0,0,0,0,0,0
packages/platform-fastify/multipart/multipart.module.ts,source,packages/platform-fastify,80,1,19,4,2,0,0,0,0,0,0,0,0,0,1,0,1,0,0,0,0,1,3,0,0,0,0,0,0,2,1,0,0,0,0,3,0,0,0,0,0,0,0,0,0,0,0,0,0,0,0,0,0,0,0,0,0,1,0,0,0,0
packages/platform-fastify/multipart/multipart/append-field.util.ts,source,packages/platform-fastify,144,1,86,6,12,2,2,1,0,0,4,8,1,0,1,0,1,1,2,0,5,0,0,0,14,0,0,0,2,0,1,1,0,0,8,1,0,1,0,7,0,0,2,0,0,0,0,0,0,1,0,0,0,0,0,0,0,2,0,0,0,0
packages/platform-fastify/multipart/multipart/multipart-interceptor.factory.ts,source,packages/platform-fastify,184,2,66,10,6,0,1,0,1,3,0,0,2,1,0,0,1,0,0,0,3,3,9,0,2,0,1,0,0,0,1,0,0,0,3,0,0,1,0,0,0,0,1,0,0,0,0,0,0,0,0,0,0,0,1,0,0,16,0,0,0,0
packages/platform-fastify/multipart/multipart/multipart.constants.ts,source,packages/platform-fastify,78,9,18,0,0,0,0,0,0,0,0,0,0,1,0,0,0,0,0,2,0,0,0,0,0,0,0,0,0,0,1,0,0,0,0,0,0,3,0,0,0,0,0,0,0,0,0,0,0,0,0,0,0,0,0,0,0,11,0,0,0,0
packages/platform-fastify/multipart/multipart/multipart.error.ts,source,packages/platform-fastify,17,1,8,1,0,0,0,0,0,0,0,0,0,0,1,0,1,0,0,0,0,1,1,0,1,0,0,0,0,0,1,0,0,0,0,0,0,0,0,0,0,0,0,0,0,0,0,0,0,0,0,0,0,0,0,0,0,1,0,0,0,0
packages/platform-fastify/multipart/multipart/multipart.parser.ts,source,packages/platform-fastify,493,7,170,24,34,2,4,5,2,13,3,3,3,1,0,0,1,1,0,0,19,0,0,0,10,0,0,1,3,0,1,0,0,0,1,4,0,6,0,2,1,0,3,0,2,2,0,0,0,0,8,1,0,0,0,0,0,10,0,0,0,0
packages/platform-fastify/multipart/multipart/multipart.utils.ts,source,packages/platform-fastify,87,2,30,3,8,0,1,0,0,0,0,1,0,1,0,0,1,0,0,0,3,0,0,0,1,0,2,0,0,0,1,0,0,0,0,0,0,0,0,2,0,0,1,0,2,0,1,0,0,0,0,0,0,0,0,0,0,2,0,0,0,0
packages/platform-fastify/multipart/storage/disk.storage.ts,source,packages/platform-fastify,96,2,41,5,1,0,1,0,1,1,1,2,2,1,0,0,1,1,1,0,4,0,0,0,4,0,0,1,0,0,1,0,0,0,3,1,0,1,0,0,0,0,1,0,0,0,0,0,0,0,0,1,0,0,0,0,1,5,0,0,0,0
packages/platform-fastify/multipart/storage/index.ts,source,packages/platform-fastify,2,2,1,0,0,0,0,0,0,0,0,0,0,1,0,0,0,0,0,0,0,0,0,0,0,0,0,0,0,0,0,0,0,0,0,0,0,0,0,0,0,0,0,0,0,0,0,0,0,0,0,0,0,0,0,0,0,0,0,0,0,0
packages/platform-fastify/multipart/storage/memory.storage.ts,source,packages/platform-fastify,24,1,15,4,0,0,0,0,0,0,0,0,0,0,1,0,1,0,0,0,3,0,0,0,2,0,0,0,0,0,1,0,0,0,0,0,0,0,0,2,0,0,0,0,0,0,0,0,0,0,0,0,0,0,0,0,0,1,0,0,0,0
packages/platform-fastify/test/adapters/fastify-adapter.spec.ts,spec,packages/platform-fastify,415,0,86,11,0,0,1,1,0,0,3,3,1,0,0,0,0,0,0,0,0,0,0,0,0,0,0,0,0,0,0,0,0,0,6,0,0,8,4,0,0,0,0,0,0,0,0,0,0,0,0,1,0,1,1,0,0,7,1,14,1,22
packages/platform-fastify/test/adapters/middie.spec.ts,spec,packages/platform-fastify,107,0,39,9,0,0,0,0,0,0,3,3,0,0,0,0,0,0,0,0,6,0,12,0,0,0,0,0,0,0,0,0,0,0,3,0,0,0,0,0,0,0,0,0,0,0,0,0,0,0,0,1,0,0,0,0,0,0,1,0,0,1
packages/platform-fastify/test/adapters/multipart-option.spec.ts,spec,packages/platform-fastify,109,0,31,1,2,0,0,0,0,0,1,10,0,0,0,0,0,0,0,0,0,0,0,0,0,0,0,0,0,0,0,0,0,0,1,0,0,1,0,1,0,0,0,0,0,0,0,0,0,0,0,0,0,0,0,1,0,2,1,5,1,4
packages/platform-fastify/test/adapters/utils/get-media-type-version.util.spec.ts,spec,packages/platform-fastify,29,0,9,0,0,0,0,0,0,0,0,0,0,0,0,0,0,0,0,0,0,0,0,0,0,0,0,0,0,0,1,0,0,0,0,0,0,0,0,0,0,0,0,0,0,0,0,0,0,0,0,0,0,0,0,0,0,0,1,2,0,5
packages/platform-fastify/test/decorators/router-config.decorator.spec.ts,spec,packages/platform-fastify,14,0,5,1,0,0,0,0,0,0,0,0,0,0,0,0,0,0,0,0,0,1,0,0,0,0,0,0,0,0,1,0,0,0,0,0,0,0,0,0,0,0,0,0,0,0,0,0,0,0,0,0,0,0,0,0,0,0,1,0,0,1
packages/platform-fastify/test/decorators/router-constraints.decorator.spec.ts,spec,packages/platform-fastify,34,0,9,2,0,0,0,0,0,0,0,0,0,0,0,0,0,0,0,0,0,2,0,0,0,0,0,0,0,0,1,0,0,0,0,0,0,0,0,0,0,0,0,0,0,0,0,0,0,0,0,0,0,0,0,0,0,0,1,0,1,2
packages/platform-fastify/test/decorators/router-schema.decorator.spec.ts,spec,packages/platform-fastify,14,0,5,1,0,0,0,0,0,0,0,0,0,0,0,0,0,0,0,0,0,1,0,0,0,0,0,0,0,0,1,0,0,0,0,0,0,0,0,0,0,0,0,0,0,0,0,0,0,0,0,0,0,0,0,0,0,0,1,0,0,1
packages/platform-fastify/test/multipart/fake-request.ts,test-support,packages/platform-fastify,109,5,47,7,5,0,1,1,0,1,0,0,2,1,0,0,0,1,0,0,7,0,0,0,7,0,0,0,0,0,0,0,0,0,3,0,0,0,0,0,0,0,0,0,3,0,0,0,0,0,1,1,0,0,0,0,0,6,0,0,0,0
packages/platform-fastify/test/multipart/interceptors/any-files.interceptor.spec.ts,spec,packages/platform-fastify,17,0,8,0,0,0,0,0,0,0,0,0,0,0,0,0,0,0,0,0,0,0,0,0,0,0,0,0,0,0,1,1,0,0,1,0,0,0,0,1,0,0,0,0,0,0,0,0,0,0,0,0,0,0,0,1,0,0,1,0,0,2
packages/platform-fastify/test/multipart/interceptors/file-fields.interceptor.spec.ts,spec,packages/platform-fastify,34,0,7,0,0,0,0,0,0,0,0,0,0,0,0,0,0,0,0,0,0,0,0,0,0,0,0,0,0,0,1,0,0,0,0,0,0,0,0,0,1,0,0,0,0,0,0,0,0,0,0,0,0,0,0,1,0,0,1,0,0,3
packages/platform-fastify/test/multipart/interceptors/file-stream.interceptor.spec.ts,spec,packages/platform-fastify,124,0,24,2,0,0,0,0,0,0,0,0,0,0,0,0,0,0,0,0,0,0,0,0,0,0,0,0,0,0,1,0,0,0,0,0,0,0,0,1,0,0,0,0,0,0,1,0,0,0,3,0,0,0,0,1,0,5,1,0,1,8
packages/platform-fastify/test/multipart/interceptors/file.interceptor.spec.ts,spec,packages/platform-fastify,254,0,44,4,0,0,0,0,0,0,1,1,0,0,0,0,0,0,0,0,0,0,0,0,0,0,0,0,0,0,1,0,0,0,0,0,0,0,0,0,0,0,0,0,0,0,2,0,0,0,0,0,0,0,0,1,0,1,1,12,1,19
packages/platform-fastify/test/multipart/interceptors/files.interceptor.spec.ts,spec,packages/platform-fastify,37,0,12,1,0,0,0,0,0,0,0,0,0,0,0,0,0,0,0,0,0,0,0,0,0,0,0,0,0,0,1,1,0,0,1,0,0,0,0,1,0,0,0,0,0,0,0,0,0,0,0,0,0,0,0,1,0,0,1,2,0,3
packages/platform-fastify/test/multipart/interceptors/no-files.interceptor.spec.ts,spec,packages/platform-fastify,95,0,16,0,0,0,0,0,0,0,0,0,0,0,0,0,0,0,0,0,0,0,0,0,0,0,0,0,0,0,1,0,0,0,2,0,0,2,0,0,0,0,0,0,0,0,0,0,0,0,0,0,0,0,0,1,0,2,1,0,0,7
packages/platform-fastify/test/multipart/multipart.module.spec.ts,spec,packages/platform-fastify,56,0,22,0,0,0,0,0,0,0,0,0,0,0,0,0,0,0,0,0,0,1,0,0,0,0,0,0,0,0,1,1,0,0,3,2,0,4,0,1,0,0,0,0,0,0,0,0,0,0,0,0,0,0,0,1,0,0,1,1,1,5
packages/platform-fastify/test/multipart/multipart/append-field.util.spec.ts,spec,packages/platform-fastify,69,0,14,1,0,0,0,1,0,0,0,0,0,0,0,0,0,0,0,0,0,0,0,0,0,0,0,0,0,0,1,0,0,0,1,0,0,1,0,0,1,1,0,0,0,0,0,0,0,0,0,0,0,0,0,0,0,0,1,1,0,5
packages/platform-fastify/test/multipart/multipart/multipart-interceptor.factory.spec.ts,spec,packages/platform-fastify,117,0,32,2,0,0,0,0,0,2,0,0,0,0,0,0,0,0,0,0,0,0,0,0,0,0,0,0,0,0,1,0,0,0,3,10,0,2,0,0,0,0,0,0,0,0,0,0,0,0,0,0,0,0,0,0,0,1,1,5,1,4
packages/platform-fastify/test/multipart/multipart/multipart.utils.spec.ts,spec,packages/platform-fastify,107,0,29,0,0,0,1,0,0,0,0,0,0,0,0,0,0,0,0,0,0,0,0,0,0,0,0,0,0,0,1,0,0,0,0,3,0,1,0,0,1,0,0,0,1,0,0,0,0,0,0,0,0,0,0,1,0,0,1,4,1,14
packages/platform-fastify/test/multipart/storage/disk.storage.spec.ts,spec,packages/platform-fastify,81,0,22,2,0,0,2,0,0,0,1,1,0,0,0,0,0,0,0,0,1,0,2,0,0,0,0,0,0,0,1,0,0,0,3,0,0,0,0,0,0,0,0,0,1,0,0,0,0,0,0,0,0,0,0,1,0,0,1,2,0,4
packages/platform-fastify/test/multipart/storage/memory.storage.spec.ts,spec,packages/platform-fastify,42,0,15,1,0,0,2,0,0,0,0,0,0,0,0,0,0,0,0,0,1,0,1,0,0,0,0,0,0,0,1,0,0,0,3,0,0,1,0,0,0,0,0,0,0,0,0,0,0,0,0,0,0,0,0,1,0,0,1,0,0,3
packages/platform-socket.io/adapters/index.ts,source,packages/platform-socket.io,1,1,0,0,0,0,0,0,0,0,0,0,0,0,0,0,0,0,0,0,0,0,0,0,0,0,0,0,0,0,0,0,0,0,0,0,0,0,0,0,0,0,0,0,0,0,0,0,0,0,0,0,0,0,0,0,0,0,0,0,0,0
packages/platform-socket.io/adapters/io-adapter.ts,source,packages/platform-socket.io,119,1,70,10,9,0,3,0,1,0,1,1,1,0,0,0,1,0,0,0,0,1,12,0,0,0,0,0,0,3,0,0,0,0,7,0,0,0,4,3,0,0,1,0,0,0,0,0,1,1,0,0,0,0,1,0,0,9,0,0,0,0
packages/platform-socket.io/index.ts,source,packages/platform-socket.io,7,1,1,0,0,0,0,0,0,0,0,0,0,0,0,0,0,0,0,0,0,0,0,0,0,0,0,0,0,0,0,0,0,0,0,0,0,0,0,0,0,0,0,0,0,0,0,0,0,0,0,0,0,0,0,0,0,1,0,0,0,0
packages/platform-socket.io/test/io-adapter.spec.ts,spec,packages/platform-socket.io,198,0,84,5,4,0,0,0,0,4,4,4,0,0,0,0,0,0,0,0,1,0,1,0,0,0,0,0,0,0,0,0,0,0,21,0,0,6,0,2,0,1,0,0,0,2,0,0,0,0,0,2,0,3,1,1,0,6,1,9,1,5
packages/platform-ws/adapters/index.ts,source,packages/platform-ws,1,1,0,0,0,0,0,0,0,0,0,0,0,0,0,0,0,0,0,0,0,0,0,0,0,0,0,0,0,0,0,0,0,0,0,0,0,0,0,0,0,0,0,0,0,0,0,0,0,0,0,0,0,0,0,0,0,0,0,0,0,0
packages/platform-ws/adapters/ws-adapter.ts,source,packages/platform-ws,308,1,168,16,15,0,1,2,4,1,4,5,2,0,0,0,1,1,0,0,0,1,32,1,4,0,0,0,0,7,0,0,1,1,22,3,0,1,1,2,0,0,1,0,0,0,0,0,1,2,0,0,0,0,1,0,7,28,0,0,0,0
packages/platform-ws/index.ts,source,packages/platform-ws,7,1,1,0,0,0,0,0,0,0,0,0,0,0,0,0,0,0,0,0,0,0,0,0,0,0,0,0,0,0,0,0,0,0,0,0,0,0,0,0,0,0,0,0,0,0,0,0,0,0,0,0,0,0,0,0,0,1,0,0,0,0
packages/platform-ws/test/ws-adapter.spec.ts,spec,packages/platform-ws,245,0,69,5,1,0,0,1,0,5,2,2,0,0,0,0,0,0,0,0,0,0,0,0,0,0,0,0,0,0,0,1,0,0,14,0,0,4,0,0,0,0,0,0,0,2,0,0,0,0,1,4,0,3,1,1,0,5,1,6,1,9
packages/testing/index.ts,source,packages/testing,11,5,2,0,0,0,0,0,0,0,0,0,0,1,0,0,0,0,0,0,0,0,0,0,0,0,0,0,0,0,0,0,0,0,0,0,0,0,0,0,0,0,0,0,0,0,0,0,0,0,0,0,0,0,0,0,0,1,0,0,0,0
packages/testing/interfaces/index.ts,source,packages/testing,3,3,1,0,0,0,0,0,0,0,0,0,0,1,0,0,0,0,0,0,0,0,0,0,0,0,0,0,0,0,0,0,0,0,0,0,0,0,0,0,0,0,0,0,0,0,0,0,0,0,0,0,0,0,0,0,0,0,0,0,0,0
packages/testing/interfaces/mock-factory.ts,source,packages/testing,2,1,1,0,0,0,0,0,0,0,0,0,0,0,0,0,0,0,0,0,0,0,0,0,0,0,0,0,0,0,0,0,0,0,1,0,0,0,0,0,0,0,0,0,0,0,0,0,0,0,0,0,0,0,0,0,0,0,0,0,0,0
packages/testing/interfaces/override-by-factory-options.interface.ts,source,packages/testing,7,1,6,0,0,0,0,0,0,0,0,0,0,0,1,0,0,0,0,0,0,0,0,0,0,0,0,0,0,0,1,0,0,0,3,0,0,0,0,0,0,0,0,0,0,0,0,0,0,0,0,0,0,0,0,0,0,1,0,0,0,0
packages/testing/interfaces/override-by.interface.ts,source,packages/testing,10,1,7,0,0,0,0,0,0,0,0,0,0,0,1,0,0,0,0,0,0,0,0,0,0,0,0,0,0,0,1,0,0,0,2,0,0,0,2,0,0,0,0,0,0,0,0,0,0,0,0,0,0,0,0,0,0,1,0,0,0,0
packages/testing/interfaces/override-module.interface.ts,source,packages/testing,8,1,5,0,0,0,0,0,0,0,0,0,0,0,1,0,0,0,0,0,0,0,0,0,0,0,0,0,0,0,1,0,0,0,0,0,0,0,1,0,0,0,0,0,0,0,0,0,0,0,0,0,0,0,1,0,0,1,0,0,0,0
packages/testing/services/capturing-logger.service.ts,source,packages/testing,276,5,150,17,11,0,11,0,0,2,0,0,3,1,0,0,1,1,2,0,3,1,24,0,7,0,0,0,5,0,1,0,0,0,13,1,0,0,0,17,1,0,7,0,0,1,0,0,1,0,0,0,0,0,0,0,0,19,0,0,0,0
packages/testing/services/testing-logger.service.ts,source,packages/testing,16,1,12,6,0,0,0,0,0,0,0,0,0,0,1,0,1,0,0,0,0,1,0,0,0,0,0,0,0,0,1,0,0,0,1,0,0,0,0,0,0,0,0,0,0,0,0,0,0,0,0,0,0,0,0,0,0,1,0,0,0,0
packages/testing/test.ts,source,packages/testing,15,1,6,1,0,0,0,0,0,0,0,0,0,0,0,0,1,0,0,0,0,1,1,0,0,0,0,0,0,0,0,0,0,0,0,0,0,0,1,0,0,0,0,0,0,0,0,0,0,0,0,0,0,0,1,0,0,0,0,0,0,0
packages/testing/test/capturing-logger.service.spec.ts,spec,packages/testing,318,0,121,0,0,0,0,1,1,0,6,11,0,0,0,0,0,0,0,0,0,0,0,0,0,0,0,0,0,34,1,2,0,0,0,1,0,1,1,21,0,0,0,0,0,0,0,0,0,0,0,0,0,0,0,1,0,0,1,9,1,29
packages/testing/test/test.spec.ts,spec,packages/testing,17,0,4,0,0,0,0,0,0,0,0,0,0,0,0,0,0,0,0,0,0,0,0,0,0,0,0,0,0,0,0,0,0,0,0,0,0,0,0,0,0,0,0,0,0,0,0,0,0,0,0,0,0,0,0,0,0,0,1,0,1,2
packages/testing/test/testing-injector.spec.ts,spec,packages/testing,141,0,76,0,0,0,0,0,0,0,1,1,0,0,0,0,0,0,0,0,0,2,0,0,0,0,0,0,0,0,0,0,0,0,23,0,0,23,0,0,0,0,0,0,0,0,0,0,0,0,0,0,0,0,0,0,0,0,1,20,1,4
packages/testing/test/testing-instance-loader.spec.ts,spec,packages/testing,59,0,26,0,0,0,0,0,0,0,3,3,0,0,0,0,0,0,0,0,0,0,0,0,0,0,0,0,0,0,0,0,0,0,3,0,0,1,0,0,0,0,0,0,0,0,0,0,0,0,0,0,0,0,0,0,0,4,1,8,1,2
packages/testing/test/testing-logger.service.spec.ts,spec,packages/testing,47,0,24,1,0,0,0,0,0,0,2,2,0,0,0,0,0,0,0,0,0,0,0,0,0,0,0,0,0,6,1,0,0,0,0,0,0,0,0,0,0,0,0,0,0,0,0,0,0,0,0,1,0,0,0,0,0,0,1,3,1,6
packages/testing/test/testing-module-builder.spec.ts,spec,packages/testing,271,0,64,2,1,0,0,0,0,0,0,0,0,0,0,0,0,0,0,0,0,24,0,0,0,0,0,0,0,0,0,0,0,0,3,0,0,3,0,0,0,0,0,0,0,0,0,0,0,0,0,0,0,0,1,1,0,0,1,1,1,26
packages/testing/test/testing-module.spec.ts,spec,packages/testing,159,0,62,8,0,0,0,0,0,0,0,0,0,0,0,0,0,0,0,0,7,11,2,0,0,0,0,0,0,0,0,0,0,0,14,0,0,6,0,0,0,0,0,0,0,0,1,0,0,0,0,0,0,0,1,1,0,0,1,2,1,7
packages/testing/testing-injector.ts,source,packages/testing,109,1,31,5,3,0,0,0,2,3,0,0,1,0,0,0,1,1,0,0,0,1,7,0,2,0,0,0,0,0,0,0,0,0,2,0,0,0,1,0,0,0,0,0,0,0,0,0,0,0,0,0,0,0,1,0,0,1,0,0,0,0
packages/testing/testing-instance-loader.ts,source,packages/testing,13,1,10,1,0,0,0,0,0,0,0,0,0,0,0,0,1,0,0,0,0,1,4,0,0,0,0,0,0,0,0,0,0,0,0,0,0,0,2,0,0,0,0,0,0,0,0,0,0,0,0,0,0,0,1,0,0,0,0,0,0,0
packages/testing/testing-module.builder.ts,source,packages/testing,189,2,97,21,1,0,0,0,0,0,1,2,2,1,0,0,1,1,0,0,0,2,38,0,6,0,0,0,0,0,1,0,0,0,9,1,0,0,4,1,0,0,0,0,0,1,0,0,0,1,0,0,0,0,1,0,0,2,0,0,0,0
packages/testing/testing-module.ts,source,packages/testing,145,1,42,8,3,0,2,0,0,0,0,0,1,0,0,0,1,0,0,0,0,1,13,0,1,0,0,0,0,0,0,0,0,0,4,0,0,3,0,0,0,0,0,0,0,0,0,0,0,0,0,0,0,0,1,0,0,4,0,0,0,0
packages/websockets/adapters/index.ts,source,packages/websockets,1,1,0,0,0,0,0,0,0,0,0,0,0,0,0,0,0,0,0,0,0,0,0,0,0,0,0,0,0,0,0,0,0,0,0,0,0,0,0,0,0,0,0,0,0,0,0,0,0,0,0,0,0,0,0,0,0,0,0,0,0,0
packages/websockets/adapters/ws-adapter.ts,source,packages/websockets,52,2,35,7,2,0,0,0,0,0,0,0,0,1,0,0,1,1,0,0,0,1,4,0,3,0,1,0,0,0,0,0,0,0,8,0,0,2,1,0,0,0,1,0,0,0,0,0,0,0,0,0,0,0,2,0,0,0,0,0,0,0
packages/websockets/constants.ts,source,packages/websockets,13,12,11,0,0,0,0,0,0,0,0,0,0,1,0,0,0,0,0,0,0,0,0,0,0,0,0,0,0,0,0,0,0,0,0,0,0,0,0,0,0,0,0,0,0,0,0,0,0,0,0,0,0,0,0,0,10,0,0,0,0,0
packages/websockets/context/exception-filters-context.ts,source,packages/websockets,43,1,20,3,1,0,0,0,0,0,0,0,1,0,0,0,1,0,0,0,0,1,2,0,2,0,0,0,0,0,0,0,0,0,4,0,0,2,0,0,0,0,0,0,0,0,0,0,0,0,0,0,0,0,2,0,0,1,0,0,0,0
packages/websockets/context/ws-context-creator.ts,source,packages/websockets,277,2,87,15,4,0,4,0,0,1,0,0,4,1,0,0,1,1,0,0,0,1,27,0,1,0,0,0,0,0,0,0,0,0,14,0,0,1,2,6,1,0,0,0,0,0,0,0,0,0,0,0,0,0,0,0,1,2,0,0,0,0
packages/websockets/context/ws-metadata-constants.ts,source,packages/websockets,6,1,3,0,0,0,0,0,0,0,0,0,0,0,1,0,0,0,1,1,0,0,0,0,0,0,0,0,0,0,0,0,0,0,0,0,0,0,0,0,0,0,0,0,0,0,0,0,0,0,0,0,0,0,0,0,0,0,0,0,0,0
packages/websockets/context/ws-proxy.ts,source,packages/websockets,37,1,17,4,0,0,1,0,1,0,0,1,0,0,0,0,1,0,0,0,0,1,2,0,0,0,0,0,0,0,0,0,0,0,2,0,0,1,1,0,0,0,0,0,0,0,0,0,0,0,0,0,0,0,2,0,0,0,0,0,0,0
packages/websockets/decorators/ack.decorator.ts,source,packages/websockets,27,1,7,1,0,0,0,0,0,0,0,0,0,0,1,0,1,0,0,0,1,0,0,0,0,0,0,0,0,0,2,0,0,0,0,0,0,0,0,0,0,0,0,0,0,0,0,0,0,0,0,0,0,0,0,0,0,1,0,0,0,0
packages/websockets/decorators/connected-socket.decorator.ts,source,packages/websockets,8,1,3,0,0,0,0,0,0,0,0,0,0,0,1,0,0,0,0,0,0,0,0,0,0,0,0,0,0,0,1,0,0,0,0,0,0,0,0,0,0,0,0,0,0,0,0,0,0,0,0,0,0,0,0,0,0,1,0,0,0,0
packages/websockets/decorators/gateway-server.decorator.ts,source,packages/websockets,12,1,10,2,0,0,0,0,0,0,0,0,0,0,1,0,1,0,0,0,0,0,0,1,2,0,0,0,0,0,2,0,0,0,0,0,0,0,0,0,0,0,0,0,0,0,0,0,0,0,0,0,0,0,0,0,0,1,0,0,0,0
packages/websockets/decorators/index.ts,source,packages/websockets,6,6,1,0,0,0,0,0,0,0,0,0,0,1,0,0,0,0,0,0,0,0,0,0,0,0,0,0,0,0,0,0,0,0,0,0,0,0,0,0,0,0,0,0,0,0,0,0,0,0,0,0,0,0,0,0,0,0,0,0,0,0
packages/websockets/decorators/message-body.decorator.ts,source,packages/websockets,104,6,26,1,0,0,0,0,0,0,0,0,0,1,0,0,1,0,0,0,6,0,0,0,0,0,0,0,0,0,7,0,0,0,0,0,0,0,0,0,0,0,0,0,0,0,0,0,0,0,0,0,0,0,0,0,5,5,0,0,0,0
packages/websockets/decorators/socket-gateway.decorator.ts,source,packages/websockets,32,4,29,2,0,0,1,0,0,0,1,1,0,1,0,0,1,0,0,0,4,0,0,0,3,0,0,0,0,0,5,0,0,0,3,0,0,2,1,0,0,0,0,0,0,0,0,0,0,0,0,0,0,0,0,0,3,1,0,0,0,0
packages/websockets/decorators/subscribe-message.decorator.ts,source,packages/websockets,17,1,10,2,0,0,0,0,0,0,0,0,0,0,1,0,1,0,0,0,0,0,0,1,2,0,0,0,0,0,2,0,0,0,0,0,0,0,0,0,0,0,0,0,0,0,0,0,0,0,0,0,0,0,0,0,0,1,0,0,0,0
packages/websockets/enums/ws-paramtype.enum.ts,source,packages/websockets,6,1,3,0,0,0,0,0,0,0,0,0,0,0,1,0,0,0,0,0,0,0,0,0,0,0,0,0,0,0,1,0,0,1,0,0,0,0,0,0,0,0,0,0,0,0,0,0,0,0,0,0,0,0,0,0,0,0,0,0,0,0
packages/websockets/errors/index.ts,source,packages/websockets,1,1,0,0,0,0,0,0,0,0,0,0,0,0,0,0,0,0,0,0,0,0,0,0,0,0,0,0,0,0,0,0,0,0,0,0,0,0,0,0,0,0,0,0,0,0,0,0,0,0,0,0,0,0,0,0,0,0,0,0,0,0
packages/websockets/errors/invalid-socket-port.exception.ts,source,packages/websockets,6,1,6,1,0,0,0,0,0,0,0,0,0,0,1,0,1,0,0,0,0,1,0,0,0,0,0,0,0,0,1,0,0,0,1,0,0,0,0,0,0,0,0,0,0,0,0,0,0,0,0,0,0,0,0,0,0,0,0,0,0,0
packages/websockets/errors/ws-exception.ts,source,packages/websockets,24,1,29,3,3,0,0,0,0,0,0,0,0,0,0,0,1,0,0,0,0,1,12,0,3,0,0,0,0,0,0,0,0,0,2,1,0,2,0,1,0,0,0,0,0,0,0,0,0,0,0,0,0,0,0,0,0,0,0,0,0,0
packages/websockets/exceptions/base-ws-exception-filter.ts,source,packages/websockets,138,2,59,7,7,0,0,0,0,0,0,0,3,1,0,0,1,1,0,0,0,1,14,0,4,0,2,0,0,2,0,0,0,0,4,2,0,1,0,0,0,0,0,0,0,0,0,0,0,0,0,0,0,0,1,0,0,8,0,0,0,0
packages/websockets/exceptions/index.ts,source,packages/websockets,1,1,0,0,0,0,0,0,0,0,0,0,0,0,0,0,0,0,0,0,0,0,0,0,0,0,0,0,0,0,0,0,0,0,0,0,0,0,0,0,0,0,0,0,0,0,0,0,0,0,0,0,0,0,0,0,0,0,0,0,0,0
packages/websockets/exceptions/ws-exceptions-handler.ts,source,packages/websockets,37,1,19,3,3,0,0,0,0,1,0,0,0,0,0,0,1,0,0,0,0,1,4,0,1,0,0,0,0,0,0,0,0,0,1,0,0,0,1,0,0,0,1,0,0,0,0,0,0,0,0,0,0,0,1,0,0,1,0,0,0,0
packages/websockets/factories/server-and-event-streams-factory.ts,source,packages/websockets,16,1,6,1,0,0,0,0,0,0,0,0,1,0,0,0,1,0,0,0,0,1,0,0,0,0,0,0,0,0,0,0,0,0,1,0,0,0,1,0,0,0,0,0,0,0,0,0,0,0,0,0,0,0,0,0,0,0,0,0,0,0
packages/websockets/factories/ws-params-factory.ts,source,packages/websockets,24,1,9,1,1,1,1,0,0,0,0,0,0,0,0,0,1,0,0,0,0,1,0,0,0,0,0,0,0,0,0,0,0,0,0,0,0,1,0,1,0,0,0,0,0,0,0,0,0,0,0,0,0,0,1,0,0,0,0,0,0,0
packages/websockets/gateway-metadata-explorer.ts,source,packages/websockets,87,2,34,5,4,0,0,1,0,0,0,0,2,1,0,0,1,1,0,0,0,1,4,0,0,0,0,0,0,0,0,0,0,0,4,1,0,1,2,3,1,0,0,0,0,0,0,0,0,0,0,0,0,0,2,0,0,0,0,0,0,0
packages/websockets/index.ts,source,packages/websockets,13,6,2,0,0,0,0,0,0,0,0,0,0,1,0,0,0,0,0,0,0,0,0,0,0,0,0,0,0,0,0,0,0,0,0,0,0,0,0,0,0,0,0,0,0,0,0,0,0,0,0,0,0,0,0,0,0,1,0,0,0,0
packages/websockets/interfaces/gateway-metadata.interface.ts,source,packages/websockets,122,1,30,0,0,0,0,0,0,0,0,0,0,0,1,0,0,0,0,0,0,0,0,0,0,0,0,0,0,0,1,0,0,0,5,0,0,0,0,0,0,0,0,0,0,0,0,0,0,0,0,0,0,0,0,0,0,23,0,0,0,0
packages/websockets/interfaces/hooks/index.ts,source,packages/websockets,3,3,1,0,0,0,0,0,0,0,0,0,0,1,0,0,0,0,0,0,0,0,0,0,0,0,0,0,0,0,0,0,0,0,0,0,0,0,0,0,0,0,0,0,0,0,0,0,0,0,0,0,0,0,0,0,0,0,0,0,0,0
packages/websockets/interfaces/hooks/on-gateway-connection.interface.ts,source,packages/websockets,6,1,6,0,0,0,0,0,0,0,0,0,0,0,1,0,0,0,0,0,0,0,0,0,0,0,0,0,0,0,1,0,0,0,3,0,0,0,0,0,0,0,0,0,0,0,0,0,0,0,0,0,0,0,0,0,0,1,0,0,0,0
packages/websockets/interfaces/hooks/on-gateway-disconnect.interface.ts,source,packages/websockets,6,1,5,0,0,0,0,0,0,0,0,0,0,0,1,0,0,0,0,0,0,0,0,0,0,0,0,0,0,0,1,0,0,0,2,0,0,0,0,0,0,0,0,0,0,0,0,0,0,0,0,0,0,0,0,0,0,1,0,0,0,0
packages/websockets/interfaces/hooks/on-gateway-init.interface.ts,source,packages/websockets,6,1,5,0,0,0,0,0,0,0,0,0,0,0,1,0,0,0,0,0,0,0,0,0,0,0,0,0,0,0,1,0,0,0,2,0,0,0,0,0,0,0,0,0,0,0,0,0,0,0,0,0,0,0,0,0,0,1,0,0,0,0
packages/websockets/interfaces/index.ts,source,packages/websockets,5,5,1,0,0,0,0,0,0,0,0,0,0,1,0,0,0,0,0,0,0,0,0,0,0,0,0,0,0,0,0,0,0,0,0,0,0,0,0,0,0,0,0,0,0,0,0,0,0,0,0,0,0,0,0,0,0,0,0,0,0,0
packages/websockets/interfaces/nest-gateway.interface.ts,source,packages/websockets,8,1,6,0,0,0,0,0,0,0,0,0,0,0,1,0,0,0,0,0,0,0,0,0,0,0,0,0,0,0,1,0,0,0,3,0,0,0,0,0,0,0,0,0,0,0,0,0,0,0,0,0,0,0,0,0,0,1,0,0,0,0
packages/websockets/interfaces/server-and-event-streams-host.interface.ts,source,packages/websockets,10,1,8,0,0,0,0,0,0,0,0,0,0,0,1,0,0,0,0,0,0,0,0,0,0,0,0,0,0,0,1,0,0,0,3,0,0,0,2,0,0,0,0,0,0,0,0,0,0,0,0,0,0,0,0,0,0,1,0,0,0,0
packages/websockets/interfaces/web-socket-server.interface.ts,source,packages/websockets,7,1,3,0,0,0,0,0,0,0,0,0,0,0,1,0,0,0,0,0,0,0,0,0,0,0,0,0,0,0,1,0,0,0,0,0,0,0,0,0,0,0,0,0,0,0,0,0,0,0,0,0,0,0,0,0,0,1,0,0,0,0
packages/websockets/interfaces/websockets-entrypoint-metadata.interface.ts,source,packages/websockets,4,1,3,0,0,0,0,0,0,0,0,0,0,0,1,0,0,0,0,0,0,0,0,0,0,0,0,0,0,0,1,0,1,0,0,0,0,0,0,0,0,0,0,0,0,0,0,0,0,0,0,0,0,0,0,0,0,0,0,0,0,0
packages/websockets/interfaces/ws-response.interface.ts,source,packages/websockets,7,1,4,0,0,0,0,0,0,0,0,0,0,0,1,0,0,0,0,0,0,0,0,0,0,0,0,0,0,0,1,0,0,0,1,0,0,0,0,0,0,0,0,0,0,0,0,0,0,0,0,0,0,0,0,0,0,1,0,0,0,0
packages/websockets/internal.ts,source,packages/websockets,8,1,1,0,0,0,0,0,0,0,0,0,0,0,0,0,0,0,0,0,0,0,0,0,0,0,0,0,0,0,0,0,0,0,0,0,0,0,0,0,0,0,0,0,0,0,0,0,0,0,0,0,0,0,0,0,0,1,0,0,0,0
packages/websockets/socket-module.ts,source,packages/websockets,174,1,75,6,5,0,0,0,0,0,0,0,4,0,0,0,1,0,0,0,0,1,26,0,10,0,0,0,0,0,0,0,0,0,2,3,0,4,2,6,0,0,0,0,0,0,0,0,0,0,0,0,1,0,2,0,0,2,0,0,0,0
packages/websockets/socket-server-provider.ts,source,packages/websockets,87,1,34,6,3,0,1,0,0,0,0,0,2,0,0,0,1,0,0,0,0,1,10,0,0,0,0,0,0,0,0,0,0,0,4,0,0,1,3,0,0,0,0,0,0,0,0,0,1,0,0,0,0,0,1,0,0,0,0,0,0,0
packages/websockets/sockets-container.ts,source,packages/websockets,35,1,19,5,0,0,0,0,0,0,0,0,0,0,0,0,1,0,0,0,0,1,6,0,0,0,0,0,0,0,0,0,0,0,3,1,0,0,2,0,0,0,0,0,0,0,0,0,0,0,0,0,0,0,0,0,0,0,0,0,0,0
packages/websockets/test/container.spec.ts,spec,packages/websockets,48,0,24,0,0,0,0,0,0,0,2,3,0,0,0,0,0,0,0,0,0,0,0,0,0,0,0,0,0,0,0,0,0,0,4,0,0,4,0,0,0,0,0,0,0,0,0,0,0,0,0,0,0,0,0,1,0,0,1,4,1,4
packages/websockets/test/context/exception-filters.context.spec.ts,spec,packages/websockets,43,0,28,1,0,0,0,0,0,0,1,1,0,0,0,0,0,0,0,0,0,4,0,0,0,0,0,0,0,0,1,0,0,0,5,0,0,5,0,0,0,0,0,0,0,0,0,0,0,0,0,0,0,3,0,0,0,0,1,3,1,2
packages/websockets/test/context/ws-context-creator.spec.ts,spec,packages/websockets,280,0,123,4,0,0,0,0,0,0,12,13,0,0,0,0,0,0,0,0,0,4,0,0,0,0,0,2,0,0,0,1,0,0,20,5,0,19,0,2,1,0,0,0,0,0,0,0,0,0,0,0,0,10,0,1,0,0,1,15,1,12
packages/websockets/test/context/ws-proxy.spec.ts,spec,packages/websockets,41,0,24,6,0,0,0,0,0,1,2,2,0,0,0,0,0,0,0,0,0,0,0,1,0,0,0,0,0,0,0,0,0,0,0,0,0,0,0,0,0,0,1,0,0,0,0,0,0,0,0,3,0,0,0,1,0,0,1,3,1,2
packages/websockets/test/decorators/ack.decorator.spec.ts,spec,packages/websockets,24,0,6,1,0,0,0,0,0,0,0,0,0,0,0,0,0,0,0,0,0,1,0,0,0,0,0,0,0,0,1,0,0,0,0,0,0,0,0,0,0,0,0,0,0,0,0,0,0,0,0,0,0,0,0,1,0,0,1,0,0,1
packages/websockets/test/decorators/connected-socket.decorator.spec.ts,spec,packages/websockets,23,0,6,1,0,0,0,0,0,0,0,0,0,0,0,0,0,0,0,0,0,1,0,0,0,0,0,0,0,0,1,0,0,0,1,0,0,0,0,0,0,0,0,0,0,0,0,0,0,0,0,0,0,0,0,0,0,0,1,0,0,1
packages/websockets/test/decorators/message-body.decorator.spec.ts,spec,packages/websockets,84,0,27,5,0,0,0,0,0,0,0,0,0,0,0,0,0,0,0,0,0,5,0,0,0,0,0,0,0,0,1,1,0,0,5,0,0,1,0,0,4,0,0,0,0,0,0,0,0,0,0,0,0,0,0,1,0,0,1,0,1,2
packages/websockets/test/exceptions/ws-exception.spec.ts,spec,packages/websockets,35,0,8,0,0,0,0,0,0,0,0,0,0,0,0,0,0,0,0,0,0,0,0,0,0,0,0,0,0,0,0,0,0,0,0,0,0,0,0,0,0,0,0,0,0,0,0,0,0,0,0,0,0,0,0,0,0,0,1,0,1,6
packages/websockets/test/exceptions/ws-exceptions-handler.spec.ts,spec,packages/websockets,233,0,69,0,0,0,0,0,0,0,10,14,0,0,0,0,0,0,0,0,0,1,0,0,0,0,0,0,0,0,0,0,0,0,5,6,0,4,0,0,0,0,0,0,0,0,0,0,0,0,0,0,0,0,0,1,0,0,1,11,1,15
packages/websockets/test/factories/server-and-event-streams-factory.spec.ts,spec,packages/websockets,17,0,8,0,0,0,0,0,0,0,0,0,0,0,0,0,0,0,0,0,0,0,0,0,0,0,3,0,0,0,0,0,0,0,0,0,0,0,0,0,1,0,0,0,0,0,0,0,0,0,0,0,0,0,0,1,0,0,1,0,1,1
packages/websockets/test/factories/ws-params-factory.spec.ts,spec,packages/websockets,44,0,16,0,0,0,0,0,0,0,1,1,0,0,0,0,0,0,0,0,0,0,0,0,0,0,0,0,0,0,0,0,0,0,0,6,0,0,0,0,0,0,0,0,0,0,0,0,0,0,0,0,0,0,0,0,0,0,1,1,1,5
packages/websockets/test/gateway-metadata-explorer.spec.ts,spec,packages/websockets,84,0,33,7,0,0,0,0,0,0,4,4,0,0,0,0,0,0,0,0,0,1,0,0,0,0,0,0,0,0,0,0,0,0,2,3,0,2,0,0,1,0,0,0,0,0,0,0,0,0,0,0,0,1,0,0,0,0,1,4,1,2
packages/websockets/test/socket-server-provider.spec.ts,spec,packages/websockets,64,0,37,2,0,0,0,0,0,0,3,3,0,0,0,0,0,0,0,0,0,1,0,0,0,0,0,0,0,0,0,0,0,0,8,1,0,6,0,0,0,0,0,0,0,0,0,0,0,0,0,0,0,0,0,1,0,0,1,8,1,2
packages/websockets/test/utils/compare-element.util.spec.ts,spec,packages/websockets,7,0,3,0,0,0,0,0,0,0,0,0,0,0,0,0,0,0,0,0,0,0,0,0,0,0,0,0,0,0,1,0,0,0,0,0,0,0,0,0,0,0,0,0,0,0,0,0,0,0,0,0,0,0,0,0,0,0,1,0,0,1
packages/websockets/test/utils/gateway-server.decorator.spec.ts,spec,packages/websockets,18,0,6,0,0,0,0,0,0,0,0,0,0,0,0,0,0,0,0,0,0,1,0,0,0,0,0,0,0,0,1,0,0,0,0,0,0,0,0,0,0,0,0,0,0,0,0,0,0,0,0,0,0,0,1,0,0,0,1,0,0,2
packages/websockets/test/utils/socket-gateway.decorator.spec.ts,spec,packages/websockets,32,0,8,0,0,0,0,0,0,0,0,0,0,0,0,0,0,0,0,0,0,3,0,0,0,0,0,0,0,0,1,0,0,0,0,0,0,0,0,0,0,0,0,0,0,0,0,0,0,0,0,0,0,0,0,0,0,0,1,0,0,3
packages/websockets/test/utils/subscribe-message.decorator.spec.ts,spec,packages/websockets,17,0,5,1,0,0,0,0,0,0,0,0,0,0,0,0,0,0,0,0,0,1,0,0,0,0,0,0,0,0,1,0,0,0,0,0,0,0,0,0,0,0,0,0,0,0,0,0,0,0,0,0,0,0,0,0,0,0,1,0,0,1
packages/websockets/test/web-sockets-controller.spec.ts,spec,packages/websockets,1048,0,364,21,3,0,0,0,0,0,21,49,0,0,0,0,0,0,0,0,5,9,0,0,0,0,0,0,0,0,0,2,0,0,56,12,0,59,0,2,0,0,0,0,0,0,0,0,0,1,0,14,0,2,1,1,0,0,1,73,1,31
packages/websockets/utils/compare-element.util.ts,source,packages/websockets,7,1,5,1,0,0,0,0,0,0,0,0,0,0,1,0,1,0,0,0,1,0,0,0,0,0,0,0,0,0,1,0,0,0,0,0,0,0,0,0,0,0,0,0,0,0,0,0,0,0,0,0,0,0,0,0,0,0,0,0,0,0
packages/websockets/utils/index.ts,source,packages/websockets,1,1,0,0,0,0,0,0,0,0,0,0,0,0,0,0,0,0,0,0,0,0,0,0,0,0,0,0,0,0,0,0,0,0,0,0,0,0,0,0,0,0,0,0,0,0,0,0,0,0,0,0,0,0,0,0,0,0,0,0,0,0
packages/websockets/utils/param.utils.ts,source,packages/websockets,85,2,34,3,3,0,2,0,0,0,1,3,1,1,0,0,1,0,0,0,1,0,0,0,3,1,0,0,0,0,1,0,0,0,1,6,0,3,1,2,0,0,0,0,0,0,0,0,0,0,0,0,0,0,0,0,0,0,0,0,0,0
packages/websockets/web-sockets-controller.ts,source,packages/websockets,567,1,223,23,18,0,17,1,2,2,3,3,8,0,0,0,1,0,0,0,0,1,53,0,3,0,1,0,0,2,0,0,0,0,25,1,0,26,10,6,0,0,4,0,1,0,0,0,0,2,0,0,0,0,2,0,0,8,0,0,0,0
sample/01-cats-app/e2e/cats/cats.e2e-spec.ts,sample,sample,28,0,10,4,0,0,0,0,0,0,1,1,0,0,0,0,0,0,1,0,0,0,0,1,0,0,0,0,0,0,1,0,0,0,0,0,0,0,1,0,0,0,0,0,0,0,0,0,0,0,0,0,0,0,0,0,0,0,0,0,0,0
sample/01-cats-app/src/app.module.ts,sample,sample,7,1,3,0,0,0,0,0,0,0,0,0,0,0,1,0,0,0,0,0,0,1,0,0,0,0,0,0,0,0,1,0,0,0,0,0,0,0,0,0,0,0,0,0,0,0,0,0,0,0,0,0,0,0,0,0,0,0,0,0,0,0
sample/01-cats-app/src/cats/cats.controller.spec.ts,sample,sample,45,0,15,0,0,0,0,0,0,0,2,2,0,0,0,0,0,0,0,0,0,0,0,0,0,0,0,0,0,0,1,0,0,0,0,0,3,0,1,0,0,0,0,0,0,0,0,0,0,0,0,0,0,0,0,1,0,0,1,1,1,2
sample/01-cats-app/src/cats/cats.controller.ts,sample,sample,29,1,11,4,0,0,0,0,0,0,0,0,0,0,1,0,0,0,0,0,0,1,2,0,0,0,0,0,0,1,1,0,0,0,0,0,0,0,0,0,0,0,0,0,0,0,0,0,0,0,0,0,0,0,0,0,0,1,0,0,0,0
sample/01-cats-app/src/cats/cats.module.ts,sample,sample,8,1,3,0,0,0,0,0,0,0,0,0,0,0,1,0,0,0,0,0,0,1,0,0,0,0,0,0,0,0,1,0,0,0,0,0,0,0,0,0,0,0,0,0,0,0,0,0,0,0,0,0,0,0,0,0,0,0,0,0,0,0
sample/01-cats-app/src/cats/cats.service.spec.ts,sample,sample,41,0,13,0,0,0,0,0,0,0,1,1,0,0,0,0,0,0,0,0,0,0,0,0,0,0,0,0,0,0,1,0,0,0,0,0,3,0,1,0,0,0,0,0,0,0,0,0,0,0,0,0,0,0,0,1,0,0,1,1,1,2
sample/01-cats-app/src/cats/cats.service.ts,sample,sample,12,1,8,2,0,0,0,0,0,0,0,0,0,0,1,0,0,0,0,0,0,1,2,0,1,0,0,0,0,0,1,0,0,0,0,0,0,0,0,0,0,0,0,0,0,0,0,0,0,0,0,0,0,0,0,0,0,0,0,0,0,0
sample/01-cats-app/src/cats/dto/create-cat.dto.ts,sample,sample,9,1,3,0,0,0,0,0,0,0,0,0,0,0,1,0,0,0,0,0,0,1,0,0,0,0,0,0,0,0,1,0,0,0,0,0,0,0,0,0,0,0,0,0,0,0,0,0,0,0,0,0,0,0,0,0,0,0,0,0,0,0
sample/01-cats-app/src/cats/interfaces/cat.interface.ts,sample,sample,5,1,2,0,0,0,0,0,0,0,0,0,0,0,1,0,0,0,0,0,0,0,0,0,0,0,0,0,0,0,1,0,0,0,0,0,0,0,0,0,0,0,0,0,0,0,0,0,0,0,0,0,0,0,0,0,0,0,0,0,0,0
sample/01-cats-app/src/common/decorators/roles.decorator.ts,sample,sample,2,1,2,0,0,0,0,0,0,0,0,0,0,0,1,0,0,0,0,0,0,0,0,0,0,0,0,0,0,0,1,0,0,0,0,0,0,0,0,0,0,0,0,0,0,0,0,0,0,0,0,0,0,0,0,0,0,0,0,0,0,0
sample/01-cats-app/src/common/filters/http-exception.filter.ts,sample,sample,20,1,6,1,0,0,0,0,0,0,0,0,1,0,1,0,0,0,0,0,0,1,0,0,0,0,0,0,0,1,1,0,0,0,0,0,0,0,0,0,0,0,0,0,0,0,0,0,0,0,0,0,0,0,0,0,0,0,0,0,0,0
sample/01-cats-app/src/common/guards/roles.guard.ts,sample,sample,18,1,11,2,1,0,0,0,0,0,0,0,1,0,1,0,0,0,0,0,0,1,1,0,0,0,0,0,0,0,1,0,0,0,0,0,0,0,0,2,0,0,0,0,0,0,0,1,0,0,0,0,0,0,0,0,0,0,0,0,0,0
sample/01-cats-app/src/common/interceptors/exception.interceptor.ts,sample,sample,24,1,5,1,0,0,0,0,0,0,0,0,0,0,1,0,0,0,0,0,0,1,0,0,0,0,0,0,0,0,1,0,0,0,1,0,0,0,0,0,0,0,0,0,0,0,0,0,0,0,0,0,0,0,0,0,0,0,0,0,0,0
sample/01-cats-app/src/common/interceptors/timeout.interceptor.ts,sample,sample,14,1,6,1,0,0,0,0,0,0,0,0,0,0,1,0,0,0,1,0,0,1,0,0,0,0,0,0,0,0,1,0,0,0,1,0,0,0,0,0,0,0,0,0,0,0,0,0,0,0,0,0,0,0,0,0,0,0,0,0,0,0
sample/01-cats-app/src/common/middleware/logger.middleware.ts,sample,sample,8,1,7,1,0,0,0,0,0,0,0,0,0,0,1,0,0,0,0,0,0,1,0,0,0,0,0,0,0,1,1,0,0,0,2,0,0,0,0,0,0,0,0,0,0,0,0,0,0,0,0,0,0,0,0,0,0,0,0,0,0,0
sample/01-cats-app/src/common/pipes/parse-int.pipe.ts,sample,sample,16,1,7,1,1,0,0,0,0,1,0,0,0,0,1,0,0,0,1,0,0,1,0,0,0,0,0,0,0,0,1,0,0,0,0,0,0,0,0,0,0,0,0,0,0,0,0,0,0,0,0,0,0,0,0,0,0,0,0,0,0,0
sample/01-cats-app/src/common/pipes/validation.pipe.ts,sample,sample,28,1,15,2,2,0,0,0,0,1,0,0,1,0,1,0,0,0,0,0,0,1,1,0,0,0,0,0,0,0,1,0,0,0,3,0,0,0,0,2,0,0,0,0,0,0,0,0,0,0,0,0,0,0,0,0,0,0,0,0,0,0
sample/01-cats-app/src/core/core.module.ts,sample,sample,11,1,3,0,0,0,0,0,0,0,0,0,0,0,1,0,0,0,0,0,0,1,0,0,0,0,0,0,0,0,1,0,0,0,0,0,0,0,0,0,0,0,0,0,0,0,0,0,0,0,0,0,0,0,0,0,0,0,0,0,0,0
sample/01-cats-app/src/core/interceptors/logging.interceptor.ts,sample,sample,18,1,9,1,0,0,0,0,0,0,0,0,0,0,1,0,0,0,0,0,0,1,0,0,0,0,0,0,0,4,1,0,0,0,1,0,0,0,0,0,0,0,0,0,0,0,0,0,0,0,0,0,0,0,0,0,0,0,0,0,0,0
sample/01-cats-app/src/core/interceptors/transform.interceptor.ts,sample,sample,23,2,5,1,0,0,0,0,0,0,0,0,0,1,0,0,0,1,0,0,0,1,0,0,0,0,0,0,0,0,1,0,0,0,0,0,0,0,0,0,0,0,0,0,0,0,0,0,0,0,0,0,0,0,0,0,0,0,0,0,0,0
sample/01-cats-app/src/main.ts,sample,sample,10,0,5,1,0,0,0,0,0,0,0,0,0,0,0,0,0,0,1,0,1,0,0,0,0,0,0,0,0,1,0,0,0,0,0,0,0,0,0,0,0,0,0,0,0,0,0,0,0,0,0,0,0,0,0,0,1,0,0,0,0,0
sample/02-gateways/e2e/events-gateway/gateway.e2e-spec.ts,sample,sample,62,0,33,15,1,0,0,0,2,0,3,3,0,0,0,0,0,0,2,0,0,0,0,3,0,0,0,0,0,0,1,0,0,0,0,0,0,0,2,0,0,0,0,0,0,0,0,0,0,0,0,0,0,0,1,0,0,0,0,0,0,0
sample/02-gateways/src/adapters/redis-io.adapter.ts,sample,sample,37,1,16,3,0,0,0,0,1,0,0,0,1,0,1,0,0,0,0,0,0,1,3,0,1,0,0,0,0,0,1,0,0,0,1,0,0,0,1,0,0,0,0,0,0,0,0,0,0,0,0,0,0,0,1,0,0,1,0,0,0,0
sample/02-gateways/src/app.module.ts,sample,sample,6,1,3,0,0,0,0,0,0,0,0,0,0,0,1,0,0,0,0,0,0,1,0,0,0,0,0,0,0,0,1,0,0,0,0,0,0,0,0,0,0,0,0,0,0,0,0,0,0,0,0,0,0,0,0,0,0,0,0,0,0,0
sample/02-gateways/src/events/events.gateway.spec.ts,sample,sample,36,0,15,2,0,0,0,0,0,0,1,1,0,0,0,0,0,0,0,0,0,0,0,0,0,0,0,0,0,0,1,0,0,0,0,0,0,0,1,1,0,0,0,0,0,0,0,0,0,1,0,0,0,0,0,1,0,0,1,1,1,3
sample/02-gateways/src/events/events.gateway.ts,sample,sample,27,1,8,2,0,0,0,0,0,0,0,0,0,0,1,0,0,0,2,0,0,1,0,0,0,0,0,0,0,0,1,0,0,0,1,0,0,0,0,0,0,0,0,0,0,0,0,0,0,0,0,0,0,0,0,0,0,0,0,0,0,0
sample/02-gateways/src/events/events.module.ts,sample,sample,6,1,3,0,0,0,0,0,0,0,0,0,0,0,1,0,0,0,0,0,0,1,0,0,0,0,0,0,0,0,1,0,0,0,0,0,0,0,0,0,0,0,0,0,0,0,0,0,0,0,0,0,0,0,0,0,0,0,0,0,0,0
sample/02-gateways/src/main.ts,sample,sample,12,0,9,1,0,0,0,0,0,0,0,0,0,0,0,0,0,0,1,0,1,0,0,0,0,0,0,0,0,1,0,0,0,0,0,0,0,0,0,0,0,0,0,0,0,0,0,0,0,0,0,0,0,0,0,0,1,4,0,0,0,0
sample/03-microservices/e2e/math/math.e2e-spec.ts,sample,sample,28,0,16,5,0,0,0,0,0,0,1,1,0,0,0,0,0,0,4,0,0,0,0,0,0,0,0,0,0,0,1,0,0,0,0,0,0,0,3,0,0,0,0,0,0,0,0,0,0,0,0,0,0,0,1,0,0,0,0,0,0,0
sample/03-microservices/src/app.module.ts,sample,sample,6,1,3,0,0,0,0,0,0,0,0,0,0,0,1,0,0,0,0,0,0,1,0,0,0,0,0,0,0,0,1,0,0,0,0,0,0,0,0,0,0,0,0,0,0,0,0,0,0,0,0,0,0,0,0,0,0,0,0,0,0,0
sample/03-microservices/src/common/filters/rpc-exception.filter.ts,sample,sample,9,1,5,1,0,0,0,0,0,0,0,0,0,0,1,0,0,0,0,0,0,1,0,0,0,0,0,0,0,0,1,0,0,0,1,0,0,0,0,0,0,0,0,0,0,0,0,0,0,0,0,0,0,0,0,0,0,0,0,0,0,0
sample/03-microservices/src/common/interceptors/logging.interceptor.ts,sample,sample,18,1,9,1,0,0,0,0,0,0,0,0,0,0,1,0,0,0,0,0,0,1,0,0,0,0,0,0,0,4,1,0,0,0,1,0,0,0,0,0,0,0,0,0,0,0,0,0,0,0,0,0,0,0,0,0,0,0,0,0,0,0
sample/03-microservices/src/common/strategies/nats.strategy.ts,sample,sample,24,2,13,1,0,0,0,0,0,0,0,0,1,1,0,0,0,1,0,0,0,1,3,0,0,0,0,0,0,0,1,0,0,0,1,0,0,1,0,1,0,0,0,0,0,0,0,0,0,1,0,0,0,0,0,0,0,0,0,0,0,0
sample/03-microservices/src/main.ts,sample,sample,25,0,9,1,0,0,0,0,0,0,0,0,0,0,0,0,0,0,3,0,1,0,0,0,0,0,0,0,0,1,0,0,0,0,0,0,0,0,1,0,0,0,0,0,0,0,0,0,0,0,0,0,0,0,0,0,1,1,0,0,0,0
sample/03-microservices/src/math/math.constants.ts,sample,sample,1,1,2,0,0,0,0,0,0,0,0,0,0,0,1,0,0,0,0,0,0,0,0,0,0,0,0,0,0,0,1,0,0,0,0,0,0,0,0,0,0,0,0,0,0,0,0,0,0,0,0,0,0,0,0,0,0,0,0,0,0,0
sample/03-microservices/src/math/math.controller.spec.ts,sample,sample,43,0,16,2,0,0,0,0,0,0,1,1,0,0,0,0,0,0,0,0,0,0,0,0,0,0,0,0,0,0,1,0,0,0,0,0,0,0,1,0,0,0,0,0,0,0,0,0,0,0,0,0,0,0,2,0,0,0,1,2,1,4
sample/03-microservices/src/math/math.controller.ts,sample,sample,18,1,15,3,0,0,0,0,0,0,0,0,1,0,1,0,0,0,4,0,0,1,1,0,0,0,0,0,0,0,1,2,0,0,0,0,0,0,0,1,0,0,0,0,0,0,0,0,0,0,0,0,0,0,0,0,0,0,0,0,0,0
sample/03-microservices/src/math/math.module.ts,sample,sample,11,1,3,0,0,0,0,0,0,0,0,0,0,0,1,0,0,0,0,0,0,1,0,0,0,0,0,0,0,0,1,0,0,0,0,0,0,0,0,0,0,0,0,0,0,0,0,0,0,0,0,0,0,0,0,0,0,0,0,0,0,0
sample/04-grpc/e2e/hero/hero.e2e-spec.ts,sample,sample,42,0,17,7,0,0,0,0,0,0,1,1,0,0,0,0,0,0,5,0,0,0,0,0,0,0,0,0,0,0,1,0,0,0,0,0,0,0,2,0,0,0,0,0,0,0,0,0,0,0,0,0,0,0,0,0,0,0,0,0,0,0
sample/04-grpc/src/app.module.ts,sample,sample,6,1,3,0,0,0,0,0,0,0,0,0,0,0,1,0,0,0,0,0,0,1,0,0,0,0,0,0,0,0,1,0,0,0,0,0,0,0,0,0,0,0,0,0,0,0,0,0,0,0,0,0,0,0,0,0,0,0,0,0,0,0
sample/04-grpc/src/grpc-client.options.ts,sample,sample,15,1,9,1,0,0,0,0,0,0,0,0,0,0,1,0,0,0,0,1,0,0,0,0,0,0,0,0,0,0,1,0,0,0,2,0,0,0,1,0,0,0,0,0,0,0,0,0,0,0,0,0,0,0,0,0,0,2,0,0,0,0
sample/04-grpc/src/hero/hero.controller.ts,sample,sample,57,1,26,7,0,0,0,0,0,0,0,0,2,0,1,0,0,1,2,0,0,1,6,0,1,0,0,0,0,0,1,0,0,0,0,2,0,0,0,2,0,0,0,0,0,0,0,0,0,0,0,0,0,0,0,0,0,0,0,0,0,0
sample/04-grpc/src/hero/hero.module.ts,sample,sample,16,1,3,0,0,0,0,0,0,0,0,0,0,0,1,0,0,0,0,0,0,1,0,0,0,0,0,0,0,0,1,0,0,0,0,0,0,0,0,0,0,0,0,0,0,0,0,0,0,0,0,0,0,0,0,0,0,0,0,0,0,0
sample/04-grpc/src/hero/interfaces/hero-by-id.interface.ts,sample,sample,3,1,2,0,0,0,0,0,0,0,0,0,0,0,1,0,0,0,0,0,0,0,0,0,0,0,0,0,0,0,1,0,0,0,0,0,0,0,0,0,0,0,0,0,0,0,0,0,0,0,0,0,0,0,0,0,0,0,0,0,0,0
sample/04-grpc/src/hero/interfaces/hero.interface.ts,sample,sample,4,1,2,0,0,0,0,0,0,0,0,0,0,0,1,0,0,0,0,0,0,0,0,0,0,0,0,0,0,0,1,0,0,0,0,0,0,0,0,0,0,0,0,0,0,0,0,0,0,0,0,0,0,0,0,0,0,0,0,0,0,0
sample/04-grpc/src/main.ts,sample,sample,26,0,7,1,0,0,0,0,0,0,0,0,0,0,0,0,0,0,1,0,1,0,0,0,0,0,0,0,0,1,0,0,0,0,0,0,0,0,1,0,0,0,0,0,0,0,0,0,0,0,0,0,0,0,0,0,1,1,0,0,0,0
sample/05-sql-typeorm/e2e/users/users.e2e-spec.ts,sample,sample,120,0,38,15,0,0,0,0,0,0,2,2,4,0,0,0,0,0,9,0,0,0,0,0,0,0,0,0,0,0,1,0,0,0,0,0,0,0,3,0,0,0,0,0,0,0,0,0,0,0,0,0,0,0,2,0,0,0,0,0,0,0
sample/05-sql-typeorm/src/app.module.ts,sample,sample,19,1,4,0,0,0,0,0,0,0,0,0,0,0,1,0,0,0,1,0,0,1,0,0,0,0,0,0,0,0,1,0,0,0,0,0,0,0,0,0,0,0,0,0,0,0,0,0,0,0,0,0,0,0,0,0,0,0,0,0,0,0
sample/05-sql-typeorm/src/main.ts,sample,sample,8,0,5,1,0,0,0,0,0,0,0,0,0,0,0,0,0,0,1,0,1,0,0,0,0,0,0,0,0,1,0,0,0,0,0,0,0,0,0,0,0,0,0,0,0,0,0,0,0,0,0,0,0,0,0,0,1,0,0,0,0,0
sample/05-sql-typeorm/src/users/dto/create-user.dto.ts,sample,sample,4,1,3,0,0,0,0,0,0,0,0,0,0,0,1,0,0,0,0,0,0,1,0,0,0,0,0,0,0,0,1,0,0,0,0,0,0,0,0,0,0,0,0,0,0,0,0,0,0,0,0,0,0,0,0,0,0,0,0,0,0,0
sample/05-sql-typeorm/src/users/user.entity.ts,sample,sample,12,1,3,0,0,0,0,0,0,0,0,0,0,0,1,0,0,0,0,0,0,1,0,0,0,0,0,0,0,0,1,0,0,0,0,0,0,0,0,0,0,0,0,0,0,0,0,0,0,0,0,0,0,0,0,0,0,0,0,0,0,0
sample/05-sql-typeorm/src/users/users.controller.spec.ts,sample,sample,85,0,20,0,0,0,0,0,0,0,2,2,0,0,0,0,0,0,0,0,0,0,0,0,0,0,0,0,0,0,1,0,0,0,0,0,0,0,2,0,0,0,0,0,0,0,0,0,0,0,0,0,0,0,0,1,0,0,1,5,1,5
sample/05-sql-typeorm/src/users/users.controller.ts,sample,sample,32,1,12,5,0,0,0,0,0,0,0,0,0,0,1,0,0,0,0,0,0,1,4,0,0,0,0,0,0,0,1,0,0,0,0,0,0,0,0,0,0,0,0,0,0,0,0,0,0,0,0,0,0,0,0,0,0,0,0,0,0,0
sample/05-sql-typeorm/src/users/users.module.ts,sample,sample,11,1,3,0,0,0,0,0,0,0,0,0,0,0,1,0,0,0,0,0,0,1,0,0,0,0,0,0,0,0,1,0,0,0,0,0,0,0,0,0,0,0,0,0,0,0,0,0,0,0,0,0,0,0,0,0,0,0,0,0,0,0
sample/05-sql-typeorm/src/users/users.service.spec.ts,sample,sample,80,0,23,0,0,0,0,0,0,0,2,2,0,0,0,0,0,0,0,0,0,0,0,0,0,0,0,0,0,0,1,0,0,0,0,0,0,0,2,0,0,0,0,0,0,0,0,0,0,0,0,0,0,0,0,1,0,0,1,8,1,5
sample/05-sql-typeorm/src/users/users.service.ts,sample,sample,27,1,15,5,0,0,0,0,0,0,0,0,0,0,1,0,0,0,0,0,0,1,4,0,2,0,0,0,0,0,1,0,0,0,0,0,0,0,0,1,0,0,0,0,0,0,0,0,0,0,0,0,0,0,0,0,0,0,0,0,0,0
sample/05-sql-typeorm/test/users/users.e2e-spec.ts,sample,sample,65,0,26,10,0,0,0,0,0,0,1,1,0,0,0,0,0,0,5,0,0,0,0,4,0,0,0,0,0,0,1,0,0,0,0,0,0,1,3,0,0,0,0,0,0,0,0,0,0,0,0,0,0,0,0,0,0,0,0,0,0,0
sample/06-mongoose/e2e/cats/cats.e2e-spec.ts,sample,sample,148,0,63,18,0,0,0,0,0,0,3,3,8,0,0,0,0,0,25,0,0,0,0,0,0,0,0,0,0,0,1,0,0,0,0,0,0,0,3,0,0,0,0,0,0,0,0,0,0,0,0,0,0,0,2,0,0,0,0,0,0,0
sample/06-mongoose/src/app.module.ts,sample,sample,10,1,3,0,0,0,0,0,0,0,0,0,0,0,1,0,0,0,0,0,0,1,0,0,0,0,0,0,0,0,1,0,0,0,0,0,0,0,0,0,0,0,0,0,0,0,0,0,0,0,0,0,0,0,0,0,0,0,0,0,0,0
sample/06-mongoose/src/cats/cats.controller.spec.ts,sample,sample,127,0,22,0,0,0,0,0,0,0,2,2,0,0,0,0,0,0,0,0,0,0,0,0,0,0,0,0,0,0,1,0,0,0,0,0,0,0,3,0,0,0,0,0,0,0,0,0,0,0,0,0,0,0,1,1,0,0,0,6,1,5
sample/06-mongoose/src/cats/cats.controller.ts,sample,sample,29,1,14,6,0,0,0,0,0,0,0,0,0,0,1,0,0,0,0,0,0,1,5,0,0,0,0,0,0,0,1,0,0,0,0,0,0,0,0,0,0,0,0,0,0,0,0,0,0,0,0,0,0,0,0,0,0,0,0,0,0,0
sample/06-mongoose/src/cats/cats.module.ts,sample,sample,11,1,3,0,0,0,0,0,0,0,0,0,0,0,1,0,0,0,0,0,0,1,0,0,0,0,0,0,0,0,1,0,0,0,0,0,0,0,0,0,0,0,0,0,0,0,0,0,0,0,0,0,0,0,0,0,0,0,0,0,0,0
sample/06-mongoose/src/cats/cats.service.spec.ts,sample,sample,131,0,39,0,0,0,0,0,0,0,2,2,0,0,0,0,0,0,0,0,0,0,0,0,0,0,0,0,0,0,1,0,0,0,5,0,0,5,5,0,0,0,0,0,0,0,0,0,0,0,0,0,0,0,1,1,0,0,0,10,1,6
sample/06-mongoose/src/cats/cats.service.ts,sample,sample,31,1,15,6,0,0,0,0,0,0,0,0,0,0,1,0,0,0,0,0,0,1,5,0,0,0,0,0,0,0,1,0,0,0,0,0,0,0,0,1,0,0,0,0,0,0,0,0,0,0,0,0,0,0,0,0,0,0,0,0,0,0
sample/06-mongoose/src/cats/dto/create-cat.dto.ts,sample,sample,5,1,3,0,0,0,0,0,0,0,0,0,0,0,1,0,0,0,0,0,0,1,0,0,0,0,0,0,0,0,1,0,0,0,0,0,0,0,0,0,0,0,0,0,0,0,0,0,0,0,0,0,0,0,0,0,0,0,0,0,0,0
sample/06-mongoose/src/cats/dto/update-cat.dto.ts,sample,sample,5,1,3,0,0,0,0,0,0,0,0,0,0,0,1,0,0,0,0,0,0,1,0,0,0,0,0,0,0,0,1,0,0,0,0,0,0,0,0,0,0,0,0,0,0,0,0,0,0,0,0,0,0,0,0,0,0,0,0,0,0,0
sample/06-mongoose/src/cats/schemas/cat.schema.ts,sample,sample,13,3,4,0,0,0,0,0,0,0,0,0,0,1,0,0,0,1,0,0,0,1,0,0,0,0,0,0,0,0,1,0,0,0,0,0,0,0,0,0,0,0,0,0,0,0,0,0,0,0,0,0,0,0,0,0,0,0,0,0,0,0
sample/06-mongoose/src/main.ts,sample,sample,8,0,5,1,0,0,0,0,0,0,0,0,0,0,0,0,0,0,1,0,1,0,0,0,0,0,0,0,0,1,0,0,0,0,0,0,0,0,0,0,0,0,0,0,0,0,0,0,0,0,0,0,0,0,0,0,1,0,0,0,0,0
sample/07-sequelize/e2e/users/users.e2e-spec.ts,sample,sample,113,0,34,15,0,0,0,0,0,0,1,1,4,0,0,0,0,0,9,0,0,0,0,0,0,0,0,0,0,0,1,0,0,0,0,0,0,0,2,0,0,0,0,0,0,0,0,0,0,0,0,0,0,0,1,0,0,0,0,0,0,0
sample/07-sequelize/src/app.module.ts,sample,sample,19,1,4,0,0,0,0,0,0,0,0,0,0,0,1,0,0,0,1,0,0,1,0,0,0,0,0,0,0,0,1,0,0,0,0,0,0,0,0,0,0,0,0,0,0,0,0,0,0,0,0,0,0,0,0,0,0,0,0,0,0,0
sample/07-sequelize/src/main.ts,sample,sample,8,0,5,1,0,0,0,0,0,0,0,0,0,0,0,0,0,0,1,0,1,0,0,0,0,0,0,0,0,1,0,0,0,0,0,0,0,0,0,0,0,0,0,0,0,0,0,0,0,0,0,0,0,0,0,0,1,0,0,0,0,0
sample/07-sequelize/src/users/dto/create-user.dto.ts,sample,sample,4,1,3,0,0,0,0,0,0,0,0,0,0,0,1,0,0,0,0,0,0,1,0,0,0,0,0,0,0,0,1,0,0,0,0,0,0,0,0,0,0,0,0,0,0,0,0,0,0,0,0,0,0,0,0,0,0,0,0,0,0,0
sample/07-sequelize/src/users/models/user.model.ts,sample,sample,10,1,3,0,0,0,0,0,0,0,0,0,0,0,1,0,0,0,0,0,0,1,0,0,0,0,0,0,0,0,1,0,0,0,0,0,0,0,0,0,0,0,0,0,0,0,0,0,0,0,0,0,0,0,0,0,0,0,0,0,0,0
sample/07-sequelize/src/users/users.controller.spec.ts,sample,sample,85,0,20,0,0,0,0,0,0,0,2,2,0,0,0,0,0,0,0,0,0,0,0,0,0,0,0,0,0,0,1,0,0,0,0,0,0,0,2,0,0,0,0,0,0,0,0,0,0,0,0,0,0,0,0,1,0,0,1,5,1,5
sample/07-sequelize/src/users/users.controller.ts,sample,sample,24,1,12,5,0,0,0,0,0,0,0,0,0,0,1,0,0,0,0,0,0,1,4,0,0,0,0,0,0,0,1,0,0,0,0,0,0,0,0,0,0,0,0,0,0,0,0,0,0,0,0,0,0,0,0,0,0,0,0,0,0,0
sample/07-sequelize/src/users/users.module.ts,sample,sample,11,1,3,0,0,0,0,0,0,0,0,0,0,0,1,0,0,0,0,0,0,1,0,0,0,0,0,0,0,0,1,0,0,0,0,0,0,0,0,0,0,0,0,0,0,0,0,0,0,0,0,0,0,0,0,0,0,0,0,0,0,0
sample/07-sequelize/src/users/users.service.spec.ts,sample,sample,81,0,25,0,0,0,0,0,0,0,2,2,0,0,0,0,0,0,0,0,0,0,0,0,0,0,0,0,0,0,1,0,0,0,1,0,0,1,1,0,0,0,0,0,0,0,0,0,0,0,0,0,0,0,0,1,0,0,1,9,1,5
sample/07-sequelize/src/users/users.service.ts,sample,sample,31,1,12,5,0,0,0,0,0,0,0,0,0,0,1,0,0,0,0,0,0,1,4,0,0,0,0,0,0,0,1,0,0,0,0,0,0,0,0,0,0,0,0,0,0,0,0,0,0,0,0,0,0,0,0,0,0,0,0,0,0,0
sample/08-webpack/e2e/app/app.e2e-spec.ts,sample,sample,23,0,12,5,0,0,0,0,0,0,1,1,0,0,0,0,0,0,1,0,0,0,0,0,0,0,0,0,0,0,1,0,0,0,0,0,0,0,2,0,0,0,0,0,0,0,0,0,0,0,0,0,0,0,1,0,0,0,0,0,0,0
sample/08-webpack/src/app.controller.ts,sample,sample,10,1,6,2,0,0,0,0,0,0,0,0,0,0,1,0,0,0,0,0,0,1,1,0,0,0,0,0,0,0,1,0,0,0,0,0,0,0,0,0,0,0,0,0,0,0,0,0,0,0,0,0,0,0,0,0,0,0,0,0,0,0
sample/08-webpack/src/app.module.ts,sample,sample,9,1,3,0,0,0,0,0,0,0,0,0,0,0,1,0,0,0,0,0,0,1,0,0,0,0,0,0,0,0,1,0,0,0,0,0,0,0,0,0,0,0,0,0,0,0,0,0,0,0,0,0,0,0,0,0,0,0,0,0,0,0
sample/08-webpack/src/app.service.ts,sample,sample,7,1,4,1,0,0,0,0,0,0,0,0,0,0,1,0,0,0,0,0,0,1,0,0,0,0,0,0,0,0,1,0,0,0,0,0,0,0,0,0,0,0,0,0,0,0,0,0,0,0,0,0,0,0,0,0,0,0,0,0,0,0
sample/08-webpack/src/main.ts,sample,sample,13,0,7,1,1,0,0,0,0,0,0,0,0,0,0,0,0,0,1,0,1,0,0,0,0,0,0,0,0,1,0,0,0,0,1,0,0,0,0,0,0,0,0,0,0,0,0,0,0,0,0,0,0,0,0,0,1,0,0,0,0,0
sample/10-fastify/e2e/cats/cats.e2e-spec.ts,sample,sample,75,0,26,9,0,0,0,0,0,0,1,1,1,0,0,0,0,0,8,0,0,0,0,0,0,0,0,0,0,0,1,0,0,0,0,0,0,0,3,0,0,0,0,0,0,0,0,0,0,0,0,0,0,0,2,0,0,0,0,0,0,0
sample/10-fastify/src/app.module.ts,sample,sample,7,1,3,0,0,0,0,0,0,0,0,0,0,0,1,0,0,0,0,0,0,1,0,0,0,0,0,0,0,0,1,0,0,0,0,0,0,0,0,0,0,0,0,0,0,0,0,0,0,0,0,0,0,0,0,0,0,0,0,0,0,0
sample/10-fastify/src/cats/cats.controller.spec.ts,sample,sample,37,0,16,0,0,0,0,0,0,0,2,2,0,0,0,0,0,0,0,0,0,0,0,0,0,0,0,0,0,0,1,0,0,0,0,0,0,0,1,0,0,0,0,0,0,0,0,0,0,0,0,0,0,0,2,0,0,0,1,3,1,3
sample/10-fastify/src/cats/cats.controller.ts,sample,sample,28,1,10,4,0,0,0,0,0,0,0,0,0,0,1,0,0,0,0,0,0,1,2,0,0,0,0,0,0,0,1,0,0,0,0,0,0,0,0,0,0,0,0,0,0,0,0,0,0,0,0,0,0,0,0,0,0,1,0,0,0,0
sample/10-fastify/src/cats/cats.module.ts,sample,sample,8,1,3,0,0,0,0,0,0,0,0,0,0,0,1,0,0,0,0,0,0,1,0,0,0,0,0,0,0,0,1,0,0,0,0,0,0,0,0,0,0,0,0,0,0,0,0,0,0,0,0,0,0,0,0,0,0,0,0,0,0,0
sample/10-fastify/src/cats/cats.service.spec.ts,sample,sample,34,0,12,0,0,0,0,0,0,0,1,1,0,0,0,0,0,0,0,0,0,0,0,0,0,0,0,0,0,0,1,0,0,0,0,0,0,0,1,0,0,0,0,0,0,0,0,0,0,0,0,0,0,0,0,1,0,0,1,1,1,4
sample/10-fastify/src/cats/cats.service.ts,sample,sample,12,1,8,2,0,0,0,0,0,0,0,0,0,0,1,0,0,0,0,0,0,1,2,0,1,0,0,0,0,0,1,0,0,0,0,0,0,0,0,0,0,0,0,0,0,0,0,0,0,0,0,0,0,0,0,0,0,0,0,0,0,0
sample/10-fastify/src/cats/dto/create-cat.dto.ts,sample,sample,9,1,3,0,0,0,0,0,0,0,0,0,0,0,1,0,0,0,0,0,0,1,0,0,0,0,0,0,0,0,1,0,0,0,0,0,0,0,0,0,0,0,0,0,0,0,0,0,0,0,0,0,0,0,0,0,0,0,0,0,0,0
sample/10-fastify/src/cats/interfaces/cat.interface.ts,sample,sample,5,1,2,0,0,0,0,0,0,0,0,0,0,0,1,0,0,0,0,0,0,0,0,0,0,0,0,0,0,0,1,0,0,0,0,0,0,0,0,0,0,0,0,0,0,0,0,0,0,0,0,0,0,0,0,0,0,0,0,0,0,0
sample/10-fastify/src/common/decorators/roles.decorator.ts,sample,sample,2,1,4,0,0,0,0,0,0,0,0,0,0,0,1,0,0,0,0,0,0,0,0,0,0,1,0,0,0,0,2,0,0,0,0,0,0,0,0,0,0,0,0,0,0,0,0,0,0,0,0,0,0,0,0,0,0,0,0,0,0,0
sample/10-fastify/src/common/guards/roles.guard.ts,sample,sample,17,1,11,2,1,0,0,0,0,0,0,0,1,0,1,0,0,0,0,0,0,1,1,0,0,0,0,0,0,0,1,0,0,0,0,0,0,0,0,2,0,0,0,0,0,0,0,1,0,0,0,0,0,0,0,0,0,0,0,0,0,0
sample/10-fastify/src/common/interceptors/exception.interceptor.ts,sample,sample,28,1,5,1,0,0,0,0,0,0,0,0,0,0,1,0,0,0,0,0,0,1,0,0,0,0,0,0,0,0,1,0,0,0,1,0,0,0,0,0,0,0,0,0,0,0,0,0,0,0,0,0,0,0,0,0,0,0,0,0,0,0
sample/10-fastify/src/common/middleware/logger.middleware.ts,sample,sample,8,1,7,1,0,0,0,0,0,0,0,0,0,0,1,0,0,0,0,0,0,1,0,0,0,0,0,0,0,1,1,0,0,0,2,0,0,0,0,0,0,0,0,0,0,0,0,0,0,0,0,0,0,0,0,0,0,0,0,0,0,0
sample/10-fastify/src/common/pipes/parse-int.pipe.ts,sample,sample,12,1,7,1,1,0,0,0,0,1,0,0,0,0,1,0,0,0,1,0,0,1,0,0,0,0,0,0,0,0,1,0,0,0,0,0,0,0,0,0,0,0,0,0,0,0,0,0,0,0,0,0,0,0,0,0,0,0,0,0,0,0
sample/10-fastify/src/common/pipes/validation.pipe.ts,sample,sample,28,1,15,2,2,0,0,0,0,1,0,0,1,0,1,0,0,0,0,0,0,1,1,0,0,0,0,0,0,0,1,0,0,0,3,0,0,0,0,2,0,0,0,0,0,0,0,0,0,0,0,0,0,0,0,0,0,0,0,0,0,0
sample/10-fastify/src/core/core.module.ts,sample,sample,11,1,3,0,0,0,0,0,0,0,0,0,0,0,1,0,0,0,0,0,0,1,0,0,0,0,0,0,0,0,1,0,0,0,0,0,0,0,0,0,0,0,0,0,0,0,0,0,0,0,0,0,0,0,0,0,0,0,0,0,0,0
sample/10-fastify/src/core/interceptors/logging.interceptor.ts,sample,sample,18,1,9,1,0,0,0,0,0,0,0,0,0,0,1,0,0,0,0,0,0,1,0,0,0,0,0,0,0,4,1,0,0,0,1,0,0,0,0,0,0,0,0,0,0,0,0,0,0,0,0,0,0,0,0,0,0,0,0,0,0,0
sample/10-fastify/src/core/interceptors/transform.interceptor.ts,sample,sample,23,2,5,1,0,0,0,0,0,0,0,0,0,1,0,0,0,1,0,0,0,1,0,0,0,0,0,0,0,0,1,0,0,0,0,0,0,0,0,0,0,0,0,0,0,0,0,0,0,0,0,0,0,0,0,0,0,0,0,0,0,0
sample/10-fastify/src/main.ts,sample,sample,17,0,6,1,0,0,0,0,0,0,0,0,0,0,0,0,0,0,1,0,1,0,0,0,0,0,0,0,0,1,0,0,0,0,0,0,0,0,1,0,0,0,0,0,0,0,0,0,0,0,0,0,0,0,0,0,1,0,0,0,0,0
sample/11-swagger/e2e/cats/cats.e2e-spec.ts,sample,sample,74,0,29,11,0,0,0,0,0,0,1,1,3,0,0,0,0,0,9,0,0,0,0,0,0,0,0,0,0,0,1,0,0,0,0,0,0,0,2,0,0,0,0,0,0,0,0,0,0,0,0,0,0,0,1,0,0,0,0,0,0,0
sample/11-swagger/src/app.module.ts,sample,sample,6,1,3,0,0,0,0,0,0,0,0,0,0,0,1,0,0,0,0,0,0,1,0,0,0,0,0,0,0,0,1,0,0,0,0,0,0,0,0,0,0,0,0,0,0,0,0,0,0,0,0,0,0,0,0,0,0,0,0,0,0,0
sample/11-swagger/src/cats/cats.controller.spec.ts,sample,sample,49,0,21,0,0,0,0,0,0,0,2,2,0,0,0,0,0,0,0,0,0,0,0,0,0,0,0,0,0,0,1,0,0,0,0,0,0,0,3,0,0,0,0,0,0,0,0,0,0,0,0,0,0,4,1,1,0,0,0,3,1,3
sample/11-swagger/src/cats/cats.controller.ts,sample,sample,31,1,10,3,0,0,0,0,0,0,0,0,0,0,1,0,0,0,2,0,0,1,2,0,0,0,0,0,0,0,1,0,0,0,0,0,0,0,0,0,0,0,0,0,0,0,0,0,0,0,0,0,0,0,0,0,0,0,0,0,0,0
sample/11-swagger/src/cats/cats.module.ts,sample,sample,8,1,3,0,0,0,0,0,0,0,0,0,0,0,1,0,0,0,0,0,0,1,0,0,0,0,0,0,0,0,1,0,0,0,0,0,0,0,0,0,0,0,0,0,0,0,0,0,0,0,0,0,0,0,0,0,0,0,0,0,0,0
sample/11-swagger/src/cats/cats.service.spec.ts,sample,sample,35,0,15,0,0,0,0,0,0,0,1,1,0,0,0,0,0,0,0,0,0,0,0,0,0,0,0,0,0,0,1,0,0,0,0,0,0,0,2,0,0,0,0,0,0,0,0,0,0,0,0,0,0,2,1,1,0,0,1,1,1,3
sample/11-swagger/src/cats/cats.service.ts,sample,sample,14,1,8,2,0,0,0,0,0,0,0,0,0,0,1,0,0,0,0,0,0,1,2,0,1,0,0,0,0,0,1,0,0,0,0,0,0,0,0,0,0,0,0,0,0,0,0,0,0,0,0,0,0,0,0,0,0,0,0,0,0,0
sample/11-swagger/src/cats/dto/create-cat.dto.ts,sample,sample,9,1,3,0,0,0,0,0,0,0,0,0,0,0,1,0,0,0,0,0,0,1,0,0,0,0,0,0,0,0,1,0,0,0,0,0,0,0,0,0,0,0,0,0,0,0,0,0,0,0,0,0,0,0,0,0,0,0,0,0,0,0
sample/11-swagger/src/cats/entities/cat.entity.ts,sample,sample,15,1,4,0,0,0,0,0,0,0,0,0,0,0,1,0,0,0,0,0,0,1,0,0,0,0,0,0,0,0,1,0,0,0,0,0,0,0,0,0,0,0,0,0,0,0,0,0,0,0,0,0,0,0,0,0,0,1,0,0,0,0
sample/11-swagger/src/main.ts,sample,sample,18,0,6,1,0,0,0,0,0,0,0,0,1,0,0,0,0,0,1,0,1,0,0,0,0,0,0,0,0,1,0,0,0,0,0,0,0,0,0,0,0,0,0,0,0,0,0,0,0,0,0,0,0,0,0,0,1,0,0,0,0,0
sample/12-graphql-schema-first/e2e/cats/cats.e2e-spec.ts,sample,sample,58,0,19,6,0,0,0,0,0,0,2,2,0,0,0,0,0,0,3,0,0,0,0,0,0,0,0,0,0,0,1,0,0,0,0,0,0,0,3,0,0,0,0,0,0,0,0,0,0,0,0,0,0,0,1,1,0,0,0,0,0,0
sample/12-graphql-schema-first/generate-typings.ts,sample,sample,8,0,2,0,0,0,0,0,0,0,0,0,0,0,0,0,0,0,0,0,0,0,0,0,0,0,0,0,0,1,0,0,0,0,0,0,0,0,0,0,0,0,0,0,0,0,0,0,0,0,0,0,0,0,0,0,1,0,0,0,0,0
sample/12-graphql-schema-first/src/app.module.ts,sample,sample,17,1,3,0,0,0,0,0,0,0,0,0,0,0,1,0,0,0,0,0,0,1,0,0,0,0,0,0,0,0,1,0,0,0,0,0,0,0,0,0,0,0,0,0,0,0,0,0,0,0,0,0,0,0,0,0,0,0,0,0,0,0
sample/12-graphql-schema-first/src/cats/cat-owner.resolver.spec.ts,sample,sample,34,0,15,0,0,0,0,0,0,0,2,2,0,0,0,0,0,0,0,0,0,0,0,0,0,0,0,0,0,0,1,0,0,0,0,0,0,0,3,0,0,0,0,0,0,0,0,0,0,0,0,0,0,0,0,1,0,0,1,3,0,2
sample/12-graphql-schema-first/src/cats/cat-owner.resolver.ts,sample,sample,13,1,6,2,0,0,0,0,0,0,0,0,0,0,1,0,0,0,0,0,0,1,1,0,0,0,0,0,0,0,1,0,0,0,0,0,0,0,0,0,0,0,0,0,0,0,0,0,0,0,0,0,0,0,0,0,0,0,0,0,0,0
sample/12-graphql-schema-first/src/cats/cats.guard.ts,sample,sample,9,1,4,1,0,0,0,0,0,0,0,0,0,0,1,0,0,0,0,0,0,1,0,0,0,0,0,0,0,0,1,0,0,0,0,0,0,0,0,0,0,0,0,0,0,0,0,0,0,0,0,0,0,0,0,0,0,0,0,0,0,0
sample/12-graphql-schema-first/src/cats/cats.module.ts,sample,sample,10,1,3,0,0,0,0,0,0,0,0,0,0,0,1,0,0,0,0,0,0,1,0,0,0,0,0,0,0,0,1,0,0,0,0,0,0,0,0,0,0,0,0,0,0,0,0,0,0,0,0,0,0,0,0,0,0,0,0,0,0,0
sample/12-graphql-schema-first/src/cats/cats.resolver.spec.ts,sample,sample,53,0,17,0,0,0,0,0,1,0,1,1,0,0,0,0,0,0,0,0,0,0,0,0,0,0,0,0,0,0,1,0,0,0,0,0,0,0,2,1,0,0,0,0,0,0,0,0,0,0,0,0,0,0,0,0,0,0,1,4,0,5
sample/12-graphql-schema-first/src/cats/cats.resolver.ts,sample,sample,34,1,11,5,0,0,0,0,0,0,0,0,0,0,1,0,0,0,0,0,0,1,3,0,0,0,0,0,0,0,1,0,0,0,0,0,0,0,0,0,0,0,0,0,0,0,0,0,0,0,0,0,0,0,0,0,0,0,0,0,0,0
sample/12-graphql-schema-first/src/cats/cats.service.spec.ts,sample,sample,34,0,15,0,0,0,0,0,0,0,1,1,0,0,0,0,0,0,0,0,0,0,0,0,0,0,0,0,0,0,1,0,0,0,0,0,0,0,2,1,0,0,0,0,0,0,0,0,0,0,0,0,0,0,1,1,0,0,1,1,0,5
sample/12-graphql-schema-first/src/cats/cats.service.ts,sample,sample,19,1,15,3,0,0,0,0,0,0,0,0,0,0,1,0,0,0,1,0,0,1,4,0,2,0,0,0,0,0,1,0,0,0,0,0,0,0,0,2,0,0,0,0,0,0,0,0,0,0,0,0,0,0,0,0,0,0,0,0,0,0
sample/12-graphql-schema-first/src/cats/dto/create-cat.dto.ts,sample,sample,8,3,4,0,0,0,0,0,0,0,0,0,0,1,0,0,0,0,0,0,0,1,0,0,0,0,0,0,0,0,1,0,0,0,0,0,0,0,0,0,0,0,0,0,0,0,0,0,0,0,0,0,0,0,0,0,1,0,0,0,0,0
sample/12-graphql-schema-first/src/common/directives/upper-case.directive.ts,sample,sample,29,1,15,3,2,0,0,0,0,0,0,0,0,0,1,0,0,0,0,0,2,0,0,0,1,0,0,0,0,0,1,0,0,0,0,0,0,0,1,0,0,0,1,0,0,1,0,0,0,0,0,0,0,0,0,0,0,2,0,0,0,0
sample/12-graphql-schema-first/src/common/plugins/logging.plugin.ts,sample,sample,13,1,9,2,0,0,0,0,0,0,0,0,0,0,1,0,0,0,0,0,1,1,0,0,0,0,0,0,0,2,1,0,0,0,1,0,0,0,0,0,0,0,0,0,0,0,0,0,0,0,0,0,0,0,0,0,0,0,0,0,0,0
sample/12-graphql-schema-first/src/common/scalars/date.scalar.ts,sample,sample,18,1,15,3,1,0,0,0,0,0,0,0,0,0,1,0,0,0,0,0,0,1,0,0,0,0,0,0,0,2,1,0,0,0,1,1,0,2,0,0,0,0,0,0,0,0,0,0,0,0,0,0,0,0,0,0,0,2,0,0,0,0
sample/12-graphql-schema-first/src/graphql.schema.ts,sample,sample,37,6,11,0,0,0,0,0,0,0,0,0,0,1,0,0,0,1,0,0,0,6,0,0,0,0,0,0,0,0,1,0,0,0,0,0,0,0,0,0,0,0,0,0,0,0,0,0,0,0,0,0,0,0,0,0,0,2,0,0,0,0
sample/12-graphql-schema-first/src/main.ts,sample,sample,10,0,5,1,0,0,0,0,0,0,0,0,0,0,0,0,0,0,1,0,1,0,0,0,0,0,0,0,0,1,0,0,0,0,0,0,0,0,0,0,0,0,0,0,0,0,0,0,0,0,0,0,0,0,0,0,1,0,0,0,0,0
sample/12-graphql-schema-first/src/owners/owners.module.ts,sample,sample,7,1,3,0,0,0,0,0,0,0,0,0,0,0,1,0,0,0,0,0,0,1,0,0,0,0,0,0,0,0,1,0,0,0,0,0,0,0,0,0,0,0,0,0,0,0,0,0,0,0,0,0,0,0,0,0,0,0,0,0,0,0
sample/12-graphql-schema-first/src/owners/owners.service.spec.ts,sample,sample,28,0,12,0,0,0,0,0,0,0,1,1,0,0,0,0,0,0,0,0,0,0,0,0,0,0,0,0,0,0,1,0,0,0,0,0,0,0,2,0,0,0,0,0,0,0,0,0,0,0,0,0,0,0,0,1,0,0,1,1,1,3
sample/12-graphql-schema-first/src/owners/owners.service.ts,sample,sample,9,1,7,1,0,0,0,0,0,0,0,0,0,0,1,0,0,0,1,0,0,1,1,0,0,0,0,0,0,0,1,0,0,0,0,0,0,0,0,1,0,0,0,0,0,0,0,0,0,0,0,0,0,0,0,0,0,0,0,0,0,0
sample/13-mongo-typeorm/e2e/photo/photo.e2e-spec.ts,sample,sample,75,0,24,7,0,0,0,0,0,0,3,3,1,0,0,0,0,0,4,0,0,0,0,0,0,0,0,0,0,0,1,0,0,0,0,0,0,0,3,0,0,0,0,0,0,0,0,0,0,0,0,0,0,0,2,0,0,0,0,0,0,0
sample/13-mongo-typeorm/src/app.module.ts,sample,sample,17,1,3,0,0,0,0,0,0,0,0,0,0,0,1,0,0,0,0,0,0,1,0,0,0,0,0,0,0,0,1,0,0,0,0,0,0,0,0,0,0,0,0,0,0,0,0,0,0,0,0,0,0,0,0,0,0,0,0,0,0,0
sample/13-mongo-typeorm/src/main.ts,sample,sample,8,0,5,1,0,0,0,0,0,0,0,0,0,0,0,0,0,0,1,0,1,0,0,0,0,0,0,0,0,1,0,0,0,0,0,0,0,0,0,0,0,0,0,0,0,0,0,0,0,0,0,0,0,0,0,0,1,0,0,0,0,0
sample/13-mongo-typeorm/src/photo/photo.controller.spec.ts,sample,sample,65,0,12,0,0,0,0,0,0,0,2,2,0,0,0,0,0,0,0,0,0,0,0,0,0,0,0,0,0,0,1,0,0,0,0,0,0,0,1,0,0,0,0,0,0,0,0,0,0,0,0,0,0,0,0,1,0,0,1,2,1,1
sample/13-mongo-typeorm/src/photo/photo.controller.ts,sample,sample,11,1,7,2,0,0,0,0,0,0,0,0,0,0,1,0,0,0,0,0,0,1,1,0,0,0,0,0,0,0,1,0,0,0,0,0,0,0,0,0,0,0,0,0,0,0,0,0,0,0,0,0,0,0,1,0,0,0,0,0,0,0
sample/13-mongo-typeorm/src/photo/photo.entity.ts,sample,sample,15,1,3,0,0,0,0,0,0,0,0,0,0,0,1,0,0,0,0,0,0,1,0,0,0,0,0,0,0,0,1,0,0,0,0,0,0,0,0,0,0,0,0,0,0,0,0,0,0,0,0,0,0,0,0,0,0,0,0,0,0,0
sample/13-mongo-typeorm/src/photo/photo.module.ts,sample,sample,11,1,4,0,0,0,0,0,0,0,0,0,0,0,1,0,0,0,0,0,0,1,0,0,0,0,0,0,0,0,1,0,0,0,0,0,0,0,0,0,0,0,0,0,0,0,0,0,0,0,0,0,0,0,1,0,0,0,0,0,0,0
sample/13-mongo-typeorm/src/photo/photo.service.spec.ts,sample,sample,45,0,13,0,0,0,0,0,0,0,2,2,0,0,0,0,0,0,0,0,0,0,0,0,0,0,0,0,0,0,1,0,0,0,0,0,0,0,2,0,0,0,0,0,0,0,0,0,0,0,0,0,0,0,0,1,0,0,1,2,0,2
sample/13-mongo-typeorm/src/photo/photo.service.ts,sample,sample,14,1,7,2,0,0,0,0,0,0,0,0,0,0,1,0,0,0,0,0,0,1,1,0,0,0,0,0,0,0,1,0,0,0,0,0,0,0,0,1,0,0,0,0,0,0,0,0,0,0,0,0,0,0,0,0,0,0,0,0,0,0
sample/14-mongoose-base/e2e/cats/cats.e2e-spec.ts,sample,sample,83,0,33,10,0,0,0,1,0,0,2,2,3,0,0,0,0,0,10,0,0,0,0,0,0,0,0,0,0,0,1,0,0,0,0,0,0,0,2,0,0,0,0,0,0,0,0,0,0,0,1,0,0,0,1,0,0,0,0,0,0,0
sample/14-mongoose-base/src/app.module.ts,sample,sample,6,1,3,0,0,0,0,0,0,0,0,0,0,0,1,0,0,0,0,0,0,1,0,0,0,0,0,0,0,0,1,0,0,0,0,0,0,0,0,0,0,0,0,0,0,0,0,0,0,0,0,0,0,0,0,0,0,0,0,0,0,0
sample/14-mongoose-base/src/cats/cats.controller.spec.ts,sample,sample,81,0,17,0,0,0,0,0,0,0,2,2,0,0,0,0,0,0,0,0,0,0,0,0,0,0,0,0,0,0,1,0,0,0,0,0,0,0,2,0,0,0,0,0,0,0,0,0,0,0,0,0,0,0,1,1,0,0,1,3,1,3
sample/14-mongoose-base/src/cats/cats.controller.ts,sample,sample,16,1,9,3,0,0,0,0,0,0,0,0,0,0,1,0,0,0,0,0,0,1,2,0,0,0,0,0,0,0,1,0,0,0,0,0,0,0,0,0,0,0,0,0,0,0,0,0,0,0,0,0,0,0,1,0,0,0,0,0,0,0
sample/14-mongoose-base/src/cats/cats.module.ts,sample,sample,11,1,4,0,0,0,0,0,0,0,0,0,0,0,1,0,0,0,0,0,0,1,0,0,0,0,0,0,0,0,1,0,0,0,0,0,0,0,0,0,0,0,0,0,0,0,0,0,0,0,0,0,0,0,1,0,0,0,0,0,0,0
sample/14-mongoose-base/src/cats/cats.providers.ts,sample,sample,9,1,4,0,0,0,0,0,0,0,0,0,0,0,1,0,0,0,0,1,0,0,0,0,0,0,0,0,0,0,1,0,0,0,0,0,0,0,1,0,0,0,0,0,0,0,0,0,0,0,0,0,0,0,0,0,0,0,0,0,0,0
sample/14-mongoose-base/src/cats/cats.service.spec.ts,sample,sample,70,0,27,0,0,0,0,0,0,0,2,2,0,0,0,0,0,0,0,0,0,0,0,0,0,0,0,0,0,0,1,0,0,0,2,0,0,2,3,0,0,0,0,0,0,0,0,0,0,0,0,0,0,0,0,1,0,0,1,10,0,3
sample/14-mongoose-base/src/cats/cats.service.ts,sample,sample,15,1,9,3,0,0,0,0,0,0,0,0,0,0,1,0,0,0,0,0,0,1,2,0,0,0,0,0,0,0,1,0,0,0,0,0,0,0,0,1,0,0,0,0,0,0,0,0,0,0,0,0,0,0,0,0,0,0,0,0,0,0
sample/14-mongoose-base/src/cats/dto/create-cat.dto.ts,sample,sample,5,1,3,0,0,0,0,0,0,0,0,0,0,0,1,0,0,0,0,0,0,1,0,0,0,0,0,0,0,0,1,0,0,0,0,0,0,0,0,0,0,0,0,0,0,0,0,0,0,0,0,0,0,0,0,0,0,0,0,0,0,0
sample/14-mongoose-base/src/cats/interfaces/cat.interface.ts,sample,sample,6,1,3,0,0,0,0,0,0,0,0,0,0,0,1,0,0,0,0,0,0,0,0,0,0,0,0,0,0,0,1,0,0,0,0,0,0,0,1,0,0,0,0,0,0,0,0,0,0,0,0,0,0,0,0,0,0,0,0,0,0,0
sample/14-mongoose-base/src/cats/schemas/cat.schema.ts,sample,sample,6,1,2,0,0,0,0,0,0,0,0,0,0,0,1,0,0,0,0,0,0,0,0,0,0,0,0,0,0,0,1,0,0,0,0,0,0,0,0,0,0,0,0,0,0,0,0,0,0,0,0,0,0,0,0,0,0,0,0,0,0,0
sample/14-mongoose-base/src/database/database.module.ts,sample,sample,7,1,3,0,0,0,0,0,0,0,0,0,0,0,1,0,0,0,0,0,0,1,0,0,0,0,0,0,0,0,1,0,0,0,0,0,0,0,0,0,0,0,0,0,0,0,0,0,0,0,0,0,0,0,0,0,0,0,0,0,0,0
sample/14-mongoose-base/src/database/database.providers.ts,sample,sample,8,1,3,0,0,0,0,0,0,0,0,0,0,0,1,0,0,0,0,1,0,0,0,0,0,0,0,0,0,0,1,0,0,0,0,0,0,0,0,0,0,0,0,0,0,0,0,0,0,0,0,0,0,0,0,0,0,0,0,0,0,0
sample/14-mongoose-base/src/main.ts,sample,sample,8,0,5,1,0,0,0,0,0,0,0,0,0,0,0,0,0,0,1,0,1,0,0,0,0,0,0,0,0,1,0,0,0,0,0,0,0,0,0,0,0,0,0,0,0,0,0,0,0,0,0,0,0,0,0,0,1,0,0,0,0,0
sample/15-mvc/e2e/app/app.e2e-spec.ts,sample,sample,39,0,16,7,0,0,0,0,0,0,1,1,0,0,0,0,0,0,3,0,0,0,0,0,0,0,0,0,0,0,1,0,0,0,0,0,0,0,2,0,0,0,0,0,0,0,0,0,0,0,0,0,0,0,1,0,0,0,0,0,0,0
sample/15-mvc/src/app.controller.ts,sample,sample,9,1,4,1,0,0,0,0,0,0,0,0,0,0,1,0,0,0,0,0,0,1,0,0,0,0,0,0,0,0,1,0,0,0,0,0,0,0,0,0,0,0,0,0,0,0,0,0,0,0,0,0,0,0,0,0,0,0,0,0,0,0
sample/15-mvc/src/app.module.ts,sample,sample,8,1,3,0,0,0,0,0,0,0,0,0,0,0,1,0,0,0,0,0,0,1,0,0,0,0,0,0,0,0,1,0,0,0,0,0,0,0,0,0,0,0,0,0,0,0,0,0,0,0,0,0,0,0,0,0,0,0,0,0,0,0
sample/15-mvc/src/main.ts,sample,sample,15,0,6,1,0,0,0,0,0,0,0,0,0,0,0,0,0,0,1,0,1,0,0,0,0,0,0,0,0,1,0,0,0,0,0,0,0,0,1,0,0,0,0,0,0,0,0,0,0,0,0,0,0,0,0,0,1,0,0,0,0,0
sample/16-gateways-ws/e2e/events/events.e2e-spec.ts,sample,sample,51,0,27,9,2,0,0,0,1,0,1,1,1,0,0,0,0,0,6,0,0,0,0,1,1,0,0,0,0,0,1,0,0,0,0,0,0,0,1,1,0,0,0,0,0,0,0,0,0,0,0,0,0,0,1,0,0,0,0,0,0,0
sample/16-gateways-ws/src/app.module.ts,sample,sample,6,1,3,0,0,0,0,0,0,0,0,0,0,0,1,0,0,0,0,0,0,1,0,0,0,0,0,0,0,0,1,0,0,0,0,0,0,0,0,0,0,0,0,0,0,0,0,0,0,0,0,0,0,0,0,0,0,0,0,0,0,0
sample/16-gateways-ws/src/events/events.gateway.ts,sample,sample,18,1,9,1,0,0,0,0,0,0,0,0,0,0,1,0,0,0,3,0,0,1,0,0,0,0,0,0,0,0,1,0,0,0,2,0,0,0,0,0,0,0,0,0,0,0,0,0,0,0,0,0,0,0,0,0,0,0,0,0,0,0
sample/16-gateways-ws/src/events/events.module.ts,sample,sample,6,1,3,0,0,0,0,0,0,0,0,0,0,0,1,0,0,0,0,0,0,1,0,0,0,0,0,0,0,0,1,0,0,0,0,0,0,0,0,0,0,0,0,0,0,0,0,0,0,0,0,0,0,0,0,0,0,0,0,0,0,0
sample/16-gateways-ws/src/main.ts,sample,sample,10,0,5,1,0,0,0,0,0,0,0,0,0,0,0,0,0,0,1,0,1,0,0,0,0,0,0,0,0,1,0,0,0,0,0,0,0,0,0,0,0,0,0,0,0,0,0,0,0,0,0,0,0,0,0,0,1,0,0,0,0,0
sample/17-mvc-fastify/e2e/app/app.e2e-spec.ts,sample,sample,50,0,16,7,0,0,0,0,0,0,1,1,0,0,0,0,0,0,3,0,0,0,0,0,0,0,0,0,0,0,1,0,0,0,0,0,0,0,2,0,0,0,0,0,0,0,0,0,0,0,0,0,0,0,1,0,0,0,0,0,0,0
sample/17-mvc-fastify/src/app.controller.ts,sample,sample,9,1,4,1,0,0,0,0,0,0,0,0,0,0,1,0,0,0,0,0,0,1,0,0,0,0,0,0,0,0,1,0,0,0,0,0,0,0,0,0,0,0,0,0,0,0,0,0,0,0,0,0,0,0,0,0,0,0,0,0,0,0
sample/17-mvc-fastify/src/app.module.ts,sample,sample,8,1,3,0,0,0,0,0,0,0,0,0,0,0,1,0,0,0,0,0,0,1,0,0,0,0,0,0,0,0,1,0,0,0,0,0,0,0,0,0,0,0,0,0,0,0,0,0,0,0,0,0,0,0,0,0,0,0,0,0,0,0
sample/17-mvc-fastify/src/main.ts,sample,sample,29,0,7,1,0,0,0,0,0,0,0,0,0,0,0,0,0,0,1,0,1,0,0,0,0,0,0,0,0,1,0,0,0,0,0,0,0,0,1,0,0,0,0,0,0,0,0,0,0,0,0,0,0,0,1,0,1,0,0,0,0,0
sample/18-context/e2e/app/app.e2e-spec.ts,sample,sample,30,0,12,8,0,0,0,0,0,0,1,1,0,0,0,0,0,0,0,0,0,0,0,0,0,0,0,0,0,0,1,0,0,0,0,0,0,0,1,0,0,0,0,0,0,0,0,0,0,0,0,0,0,0,0,0,0,0,0,0,0,0
sample/18-context/src/app.module.ts,sample,sample,9,2,3,0,0,0,0,0,0,0,0,0,0,1,0,0,0,0,0,0,0,1,0,0,0,0,0,0,0,0,1,0,0,0,0,0,0,0,0,0,0,0,0,0,0,0,0,0,0,0,0,0,0,0,0,0,0,0,0,0,0,0
sample/18-context/src/app.service.ts,sample,sample,7,1,4,1,0,0,0,0,0,0,0,0,0,0,1,0,0,0,0,0,0,1,0,0,0,0,0,0,0,0,1,0,0,0,0,0,0,0,0,0,0,0,0,0,0,0,0,0,0,0,0,0,0,0,0,0,0,0,0,0,0,0
sample/18-context/src/main.ts,sample,sample,15,0,7,1,0,0,0,0,0,0,0,0,1,0,0,0,0,0,0,0,1,0,0,0,0,0,0,0,0,2,0,0,0,0,0,0,0,0,0,0,0,0,0,0,0,0,0,0,0,0,0,0,0,0,0,0,1,1,0,0,0,0
sample/18-context/src/my-dynamic.module.ts,sample,sample,16,1,5,1,0,0,0,0,0,0,0,0,0,0,1,0,0,0,0,0,0,1,0,0,0,0,0,0,0,0,1,0,0,0,1,0,0,0,0,0,0,0,0,0,0,0,0,0,0,0,0,0,0,0,0,0,0,0,0,0,0,0
sample/19-auth-jwt/e2e/app/app.e2e-spec.ts,sample,sample,32,0,12,5,0,0,0,0,0,0,1,1,1,0,0,0,0,0,2,0,0,0,0,0,0,0,0,0,0,0,1,0,0,0,0,0,0,0,1,0,0,0,0,0,0,0,0,0,0,0,0,0,0,0,0,0,0,0,0,0,0,0
sample/19-auth-jwt/src/app.module.ts,sample,sample,9,1,3,0,0,0,0,0,0,0,0,0,0,0,1,0,0,0,0,0,0,1,0,0,0,0,0,0,0,0,1,0,0,0,0,0,0,0,0,0,0,0,0,0,0,0,0,0,0,0,0,0,0,0,0,0,0,0,0,0,0,0
sample/19-auth-jwt/src/auth/auth.controller.ts,sample,sample,25,1,9,3,0,0,0,0,0,0,0,0,0,0,1,0,0,0,0,0,0,1,1,0,0,0,0,0,0,0,1,0,0,0,2,0,0,0,0,0,0,0,0,0,0,0,0,0,0,0,0,0,0,0,0,0,0,0,0,0,0,0
sample/19-auth-jwt/src/auth/auth.guard.ts,sample,sample,48,1,21,3,2,0,1,0,1,2,0,0,1,0,1,0,0,0,0,0,0,1,3,0,1,0,0,0,0,0,1,0,0,0,0,0,0,0,0,0,0,0,0,0,0,1,0,0,0,0,0,0,0,0,0,0,0,3,0,0,0,0
sample/19-auth-jwt/src/auth/auth.module.ts,sample,sample,28,1,3,0,0,0,0,0,0,0,0,0,0,0,1,0,0,0,0,0,0,1,0,0,0,0,0,0,0,0,1,0,0,0,0,0,0,0,0,0,0,0,0,0,0,0,0,0,0,0,0,0,0,0,0,0,0,0,0,0,0,0
sample/19-auth-jwt/src/auth/auth.service.ts,sample,sample,20,1,10,2,1,0,0,0,0,1,0,0,1,0,1,0,0,0,0,0,0,1,2,0,0,0,0,0,0,0,1,0,0,0,0,0,0,0,0,0,0,0,0,0,0,0,0,0,0,0,0,0,0,0,0,0,0,0,0,0,0,0
sample/19-auth-jwt/src/auth/constants.ts,sample,sample,4,1,2,0,0,0,0,0,0,0,0,0,0,0,1,0,0,0,0,1,0,0,0,0,0,0,0,0,0,0,0,0,0,0,0,0,0,0,0,0,0,0,0,0,0,0,0,0,0,0,0,0,0,0,0,0,0,0,0,0,0,0
sample/19-auth-jwt/src/auth/decorators/public.decorator.ts,sample,sample,3,2,5,0,0,0,0,0,0,0,0,0,0,1,0,0,0,0,0,0,0,0,0,0,0,1,0,0,0,0,2,0,0,0,0,0,0,0,0,0,0,0,0,0,0,0,0,0,0,0,0,0,0,0,0,0,1,0,0,0,0,0
sample/19-auth-jwt/src/main.ts,sample,sample,8,0,5,1,0,0,0,0,0,0,0,0,0,0,0,0,0,0,1,0,1,0,0,0,0,0,0,0,0,1,0,0,0,0,0,0,0,0,0,0,0,0,0,0,0,0,0,0,0,0,0,0,0,0,0,0,1,0,0,0,0,0
sample/19-auth-jwt/src/users/users.module.ts,sample,sample,7,1,3,0,0,0,0,0,0,0,0,0,0,0,1,0,0,0,0,0,0,1,0,0,0,0,0,0,0,0,1,0,0,0,0,0,0,0,0,0,0,0,0,0,0,0,0,0,0,0,0,0,0,0,0,0,0,0,0,0,0,0
sample/19-auth-jwt/src/users/users.service.spec.ts,sample,sample,14,0,8,0,0,0,0,0,0,0,1,1,0,0,0,0,0,0,0,0,0,0,0,0,0,0,0,0,0,0,1,0,0,0,0,0,0,0,1,0,0,0,0,0,0,0,0,0,0,0,0,0,0,0,0,1,0,0,1,1,0,1
sample/19-auth-jwt/src/users/users.service.ts,sample,sample,21,2,10,1,0,0,0,0,0,0,0,0,0,1,0,0,0,1,1,0,0,1,1,0,0,0,0,0,0,0,1,0,0,0,1,0,0,0,0,1,0,0,0,0,0,0,0,0,0,0,0,0,0,0,0,0,0,1,0,0,0,0
sample/20-cache/e2e/app/app.e2e-spec.ts,sample,sample,37,0,21,6,0,0,0,0,0,0,1,1,1,0,0,0,0,0,4,0,0,0,0,0,0,0,0,0,0,4,1,0,0,0,0,0,0,0,2,0,0,0,0,0,0,0,0,0,0,0,0,0,0,0,1,0,0,0,0,0,0,0
sample/20-cache/src/app.controller.spec.ts,sample,sample,32,0,14,0,0,0,0,0,0,0,1,1,0,0,0,0,0,0,0,0,0,0,0,0,0,0,0,0,0,0,1,0,0,0,0,0,0,0,1,0,0,0,0,0,0,0,0,0,0,0,0,0,0,1,1,1,0,0,0,4,1,2
sample/20-cache/src/app.controller.ts,sample,sample,13,1,7,1,0,0,0,0,0,0,0,0,0,0,1,0,0,0,1,0,0,1,0,0,0,0,0,0,0,0,1,0,0,0,0,0,0,0,0,0,0,0,0,0,0,0,0,0,0,0,0,0,0,0,0,0,0,2,0,0,0,0
sample/20-cache/src/app.module.ts,sample,sample,8,1,3,0,0,0,0,0,0,0,0,0,0,0,1,0,0,0,0,0,0,1,0,0,0,0,0,0,0,0,1,0,0,0,0,0,0,0,0,0,0,0,0,0,0,0,0,0,0,0,0,0,0,0,0,0,0,0,0,0,0,0
sample/20-cache/src/common/http-cache.interceptor.spec.ts,sample,sample,75,0,20,0,0,0,0,0,0,0,1,1,0,0,0,0,0,0,0,0,0,0,0,0,0,0,0,0,0,0,1,0,0,0,0,0,0,0,2,0,0,0,0,0,0,0,0,0,0,0,0,0,0,1,1,1,0,0,0,5,1,6
sample/20-cache/src/common/http-cache.interceptor.ts,sample,sample,21,1,9,1,1,0,0,0,0,0,0,0,1,0,1,0,0,0,0,0,0,1,1,0,0,0,0,0,0,0,1,0,0,0,0,0,0,0,0,1,0,0,0,0,0,0,0,0,0,0,0,0,0,0,0,0,0,1,0,0,0,0
sample/20-cache/src/main.ts,sample,sample,10,0,5,1,0,0,0,0,0,0,0,0,0,0,0,0,0,0,1,0,1,0,0,0,0,0,0,0,0,1,0,0,0,0,0,0,0,0,0,0,0,0,0,0,0,0,0,0,0,0,0,0,0,0,0,0,1,0,0,0,0,0
sample/21-serializer/e2e/app/app.e2e-spec.ts,sample,sample,39,0,18,8,0,0,0,0,0,0,1,1,0,0,0,0,0,0,4,0,0,0,0,0,0,0,0,0,0,0,1,0,0,0,0,0,0,0,2,0,0,0,0,0,0,0,0,0,0,0,0,0,0,0,1,0,0,0,0,0,0,0
sample/21-serializer/src/app.controller.ts,sample,sample,22,1,4,1,0,0,0,0,0,0,0,0,0,0,1,0,0,0,0,0,0,1,0,0,0,0,0,0,0,0,1,0,0,0,0,0,0,0,0,0,0,0,0,0,0,0,0,0,0,0,0,0,0,0,0,0,0,0,0,0,0,0
sample/21-serializer/src/app.module.ts,sample,sample,6,1,3,0,0,0,0,0,0,0,0,0,0,0,1,0,0,0,0,0,0,1,0,0,0,0,0,0,0,0,1,0,0,0,0,0,0,0,0,0,0,0,0,0,0,0,0,0,0,0,0,0,0,0,0,0,0,0,0,0,0,0
sample/21-serializer/src/entities/role.entity.ts,sample,sample,7,1,7,1,0,0,0,0,0,0,0,0,0,0,1,0,0,0,0,0,0,1,1,0,1,0,0,0,0,0,1,0,0,0,0,0,0,0,0,0,0,0,0,0,1,0,0,0,0,0,0,0,0,0,0,0,0,0,0,0,0,0
sample/21-serializer/src/entities/user.entity.ts,sample,sample,18,1,10,2,0,0,0,0,0,0,0,0,0,0,1,0,0,0,0,0,0,1,3,0,1,0,0,0,0,0,1,0,0,0,0,0,0,0,0,0,0,0,0,0,1,0,0,0,0,0,0,0,0,0,0,0,0,0,0,0,0,0
sample/21-serializer/src/main.ts,sample,sample,10,0,5,1,0,0,0,0,0,0,0,0,0,0,0,0,0,0,1,0,1,0,0,0,0,0,0,0,0,1,0,0,0,0,0,0,0,0,0,0,0,0,0,0,0,0,0,0,0,0,0,0,0,0,0,0,1,0,0,0,0,0
sample/22-graphql-prisma/generate-typings.ts,sample,sample,8,0,2,0,0,0,0,0,0,0,0,0,0,0,0,0,0,0,0,0,0,0,0,0,0,0,0,0,0,1,0,0,0,0,0,0,0,0,0,0,0,0,0,0,0,0,0,0,0,0,0,0,0,0,0,0,1,0,0,0,0,0
sample/22-graphql-prisma/prisma.config.ts,sample,sample,7,1,2,0,0,0,0,0,0,0,0,0,0,0,0,1,0,0,0,0,0,0,0,0,0,0,0,0,0,0,1,0,0,0,0,0,0,0,0,0,0,0,0,0,0,0,0,0,0,0,0,0,0,0,0,0,0,0,0,0,0,0
sample/22-graphql-prisma/src/app.module.ts,sample,sample,15,1,5,0,0,0,0,0,0,0,0,0,0,0,1,0,0,0,0,0,0,1,0,0,0,0,0,0,0,0,1,0,0,0,0,0,0,0,0,0,0,0,0,0,0,0,0,0,0,0,0,0,0,0,2,0,0,0,0,0,0,0
sample/22-graphql-prisma/src/graphql.schema.ts,sample,sample,37,6,11,0,0,0,0,0,0,0,0,0,0,1,0,0,0,1,0,0,0,6,0,0,0,0,0,0,0,0,1,0,0,0,0,0,0,0,0,0,0,0,0,0,0,0,0,0,0,0,0,0,0,0,0,0,0,2,0,0,0,0
sample/22-graphql-prisma/src/main.ts,sample,sample,11,0,6,1,0,0,0,0,0,0,0,0,0,0,0,0,0,0,1,0,1,0,0,0,0,0,0,0,0,2,0,0,0,0,0,0,0,0,0,0,0,0,0,0,0,0,0,0,0,0,0,0,0,0,0,0,1,0,0,0,0,0
sample/22-graphql-prisma/src/posts/posts.module.ts,sample,sample,9,1,4,0,0,0,0,0,0,0,0,0,0,0,1,0,0,0,0,0,0,1,0,0,0,0,0,0,0,0,1,0,0,0,0,0,0,0,0,0,0,0,0,0,0,0,0,0,0,0,0,0,0,0,1,0,0,0,0,0,0,0
sample/22-graphql-prisma/src/posts/posts.resolvers.ts,sample,sample,35,1,15,7,0,0,0,0,0,0,0,0,0,0,1,0,0,0,0,0,0,1,5,0,0,0,0,0,0,0,1,0,0,0,0,0,0,0,0,0,0,0,0,0,0,0,0,0,0,0,0,0,0,0,0,0,0,0,0,0,0,0
sample/22-graphql-prisma/src/posts/posts.service.ts,sample,sample,41,1,15,6,0,0,0,0,0,0,0,0,0,0,1,0,0,0,0,0,0,1,5,0,0,0,0,0,0,0,1,0,0,0,0,0,0,0,0,0,0,0,0,0,0,0,0,0,1,0,0,0,0,0,0,0,0,0,0,0,0,0
sample/22-graphql-prisma/src/prisma/prisma.module.ts,sample,sample,7,1,3,0,0,0,0,0,0,0,0,0,0,0,1,0,0,0,0,0,0,1,0,0,0,0,0,0,0,0,1,0,0,0,0,0,0,0,0,0,0,0,0,0,0,0,0,0,0,0,0,0,0,0,0,0,0,0,0,0,0,0
sample/22-graphql-prisma/src/prisma/prisma.service.ts,sample,sample,15,1,6,2,0,0,0,0,0,0,0,0,0,0,1,0,0,0,0,0,0,1,1,0,0,0,0,0,0,0,1,0,0,0,0,0,0,0,0,0,0,0,0,0,0,0,0,0,0,0,0,0,0,0,0,0,0,0,0,0,0,0
sample/23-graphql-code-first/src/app.module.ts,sample,sample,26,1,3,0,0,0,0,0,0,0,0,0,0,0,1,0,0,0,0,0,0,1,0,0,0,0,0,0,0,0,1,0,0,0,0,0,0,0,0,0,0,0,0,0,0,0,0,0,0,0,0,0,0,0,0,0,0,0,0,0,0,0
sample/23-graphql-code-first/src/common/directives/upper-case.directive.ts,sample,sample,29,1,15,3,2,0,0,0,0,0,0,0,0,0,1,0,0,0,0,0,2,0,0,0,1,0,0,0,0,0,1,0,0,0,0,0,0,0,1,0,0,0,1,0,0,1,0,0,0,0,0,0,0,0,0,0,0,2,0,0,0,0
sample/23-graphql-code-first/src/common/plugins/complexity.plugin.ts,sample,sample,36,1,13,3,1,0,0,0,0,1,0,0,0,0,1,0,0,0,1,0,1,1,1,0,0,0,0,0,0,1,1,0,0,0,1,0,0,0,0,0,0,0,0,0,0,0,0,0,0,0,0,0,0,0,0,0,0,0,0,0,0,0
sample/23-graphql-code-first/src/common/plugins/logging.plugin.ts,sample,sample,13,1,9,2,0,0,0,0,0,0,0,0,0,0,1,0,0,0,0,0,1,1,0,0,0,0,0,0,0,2,1,0,0,0,1,0,0,0,0,0,0,0,0,0,0,0,0,0,0,0,0,0,0,0,0,0,0,0,0,0,0,0
sample/23-graphql-code-first/src/common/scalars/date.scalar.ts,sample,sample,18,1,11,3,1,0,0,0,0,0,0,0,0,0,1,0,0,0,0,0,0,1,0,0,0,0,0,0,0,2,1,0,0,0,0,0,0,0,0,0,0,0,0,0,0,0,0,0,0,0,0,0,0,0,0,0,0,2,0,0,0,0
sample/23-graphql-code-first/src/main.ts,sample,sample,10,0,5,1,0,0,0,0,0,0,0,0,0,0,0,0,0,0,1,0,1,0,0,0,0,0,0,0,0,1,0,0,0,0,0,0,0,0,0,0,0,0,0,0,0,0,0,0,0,0,0,0,0,0,0,0,1,0,0,0,0,0
sample/23-graphql-code-first/src/recipes/dto/new-recipe.input.ts,sample,sample,14,1,6,0,0,0,0,0,0,0,0,0,0,0,1,0,0,0,3,0,0,1,0,0,0,0,0,0,0,0,1,0,0,0,0,0,0,0,0,0,0,0,0,0,0,0,0,0,0,0,0,0,0,0,0,0,0,0,0,0,0,0
sample/23-graphql-code-first/src/recipes/dto/recipes.args.ts,sample,sample,12,1,5,0,0,0,0,0,0,0,0,0,0,0,1,0,0,0,2,0,0,1,0,0,0,0,0,0,0,0,1,0,0,0,0,0,0,0,0,0,0,0,0,0,0,0,0,0,0,0,0,0,0,0,0,0,0,0,0,0,0,0
sample/23-graphql-code-first/src/recipes/models/recipe.model.ts,sample,sample,14,1,3,0,0,0,0,0,0,0,0,0,0,0,1,0,0,0,0,0,0,1,0,0,0,0,0,0,0,0,1,0,0,0,0,0,0,0,0,0,0,0,0,0,0,0,0,0,0,0,0,0,0,0,0,0,0,0,0,0,0,0
sample/23-graphql-code-first/src/recipes/recipes.module.ts,sample,sample,8,1,3,0,0,0,0,0,0,0,0,0,0,0,1,0,0,0,0,0,0,1,0,0,0,0,0,0,0,0,1,0,0,0,0,0,0,0,0,0,0,0,0,0,0,0,0,0,0,0,0,0,0,0,0,0,0,0,0,0,0,0
sample/23-graphql-code-first/src/recipes/recipes.resolver.ts,sample,sample,40,1,15,6,1,0,0,0,0,1,0,0,0,0,1,0,0,0,0,0,0,1,4,0,0,0,0,0,0,0,1,0,0,0,0,0,0,0,0,0,0,0,0,0,0,0,0,0,0,0,0,0,0,0,0,0,0,0,0,0,0,0
sample/23-graphql-code-first/src/recipes/recipes.service.ts,sample,sample,24,1,13,4,0,0,0,0,0,0,0,0,0,0,1,0,0,0,0,0,0,1,0,0,0,0,0,0,0,0,1,0,0,0,2,0,0,3,0,0,0,0,0,0,0,0,0,0,0,0,0,0,0,0,0,0,0,1,0,0,0,0
sample/24-serve-static/e2e/app/app.e2e-spec.ts,sample,sample,26,0,12,5,0,0,0,0,0,0,1,1,0,0,0,0,0,0,1,0,0,0,0,0,0,0,0,0,0,0,1,0,0,0,0,0,0,0,2,0,0,0,0,0,0,0,0,0,0,0,0,0,0,0,1,0,0,0,0,0,0,0
sample/24-serve-static/src/app.controller.ts,sample,sample,8,1,4,1,0,0,0,0,0,0,0,0,0,0,1,0,0,0,0,0,0,1,0,0,0,0,0,0,0,0,1,0,0,0,0,0,0,0,0,0,0,0,0,0,0,0,0,0,0,0,0,0,0,0,0,0,0,0,0,0,0,0
sample/24-serve-static/src/app.module.ts,sample,sample,19,1,3,0,0,0,0,0,0,0,0,0,0,0,1,0,0,0,0,0,0,1,0,0,0,0,0,0,0,0,1,0,0,0,0,0,0,0,0,0,0,0,0,0,0,0,0,0,0,0,0,0,0,0,0,0,0,0,0,0,0,0
sample/24-serve-static/src/main.ts,sample,sample,9,0,5,1,0,0,0,0,0,0,0,0,0,0,0,0,0,0,1,0,1,0,0,0,0,0,0,0,0,1,0,0,0,0,0,0,0,0,0,0,0,0,0,0,0,0,0,0,0,0,0,0,0,0,0,0,1,0,0,0,0,0
sample/25-dynamic-modules/e2e/app/app.e2e-spec.ts,sample,sample,37,0,13,5,0,0,0,0,0,0,1,1,0,0,0,0,0,0,3,0,0,0,0,0,0,0,0,0,0,0,1,0,0,0,0,0,0,0,2,0,0,0,0,0,0,0,0,0,0,0,0,0,0,0,0,0,0,0,0,0,0,0
sample/25-dynamic-modules/src/app.module.ts,sample,sample,7,1,3,0,0,0,0,0,0,0,0,0,0,0,1,0,0,0,0,0,0,1,0,0,0,0,0,0,0,0,1,0,0,0,0,0,0,0,0,0,0,0,0,0,0,0,0,0,0,0,0,0,0,0,0,0,0,0,0,0,0,0
sample/25-dynamic-modules/src/id-generator/id-generator.interfaces.ts,sample,sample,4,2,2,0,0,0,0,0,0,0,0,0,0,1,0,0,0,0,0,0,0,0,0,0,0,0,0,0,0,0,1,0,0,0,0,0,0,0,0,0,0,0,0,0,0,0,0,0,0,0,0,0,0,0,0,0,0,0,0,0,0,0
sample/25-dynamic-modules/src/id-generator/id-generator.module.spec.ts,sample,sample,23,0,6,0,0,0,0,0,0,0,0,0,0,0,0,0,0,0,0,0,0,0,0,0,0,0,0,0,0,0,1,0,0,0,0,0,0,0,0,0,0,0,0,0,0,0,0,0,0,0,0,0,0,0,1,1,0,0,1,0,0,2
sample/25-dynamic-modules/src/id-generator/id-generator.module.ts,sample,sample,22,1,5,1,0,0,0,0,0,0,0,0,0,0,1,0,0,0,0,0,0,1,0,0,0,0,0,0,0,0,1,0,0,0,0,0,0,0,0,0,0,0,0,0,0,0,0,0,0,0,0,0,0,0,1,0,0,0,0,0,0,0
sample/25-dynamic-modules/src/id-generator/id-generator.ts,sample,sample,16,1,5,2,0,0,0,0,0,0,0,0,0,0,0,0,0,0,0,0,0,1,1,0,0,0,0,0,0,1,0,0,0,0,0,0,0,0,0,0,0,0,0,0,0,0,0,0,0,0,0,0,0,0,0,0,0,0,0,0,0,0
sample/25-dynamic-modules/src/main.ts,sample,sample,8,0,5,1,0,0,0,0,0,0,0,0,0,0,0,0,0,0,1,0,1,0,0,0,0,0,0,0,0,1,0,0,0,0,0,0,0,0,0,0,0,0,0,0,0,0,0,0,0,0,0,0,0,0,0,0,1,0,0,0,0,0
sample/25-dynamic-modules/src/orders/orders.controller.ts,sample,sample,14,1,8,3,0,0,0,0,0,0,0,0,0,0,1,0,0,0,0,0,0,1,2,0,0,0,0,0,0,0,1,0,0,0,0,0,0,0,0,0,0,0,0,0,0,0,0,0,0,0,0,0,0,0,0,0,0,0,0,0,0,0
sample/25-dynamic-modules/src/orders/orders.module.ts,sample,sample,10,1,3,0,0,0,0,0,0,0,0,0,0,0,1,0,0,0,0,0,0,1,0,0,0,0,0,0,0,0,1,0,0,0,0,0,0,0,0,0,0,0,0,0,0,0,0,0,0,0,0,0,0,0,0,0,0,0,0,0,0,0
sample/25-dynamic-modules/src/orders/orders.service.ts,sample,sample,19,2,11,3,0,0,0,0,0,0,0,0,0,1,0,0,0,1,0,0,0,1,3,0,1,0,0,0,0,0,1,0,0,0,0,0,0,0,0,0,0,0,0,0,0,0,0,0,0,0,0,0,0,0,0,0,0,0,0,0,0,0
sample/25-dynamic-modules/src/users/users.controller.ts,sample,sample,14,1,8,3,0,0,0,0,0,0,0,0,0,0,1,0,0,0,0,0,0,1,2,0,0,0,0,0,0,0,1,0,0,0,0,0,0,0,0,0,0,0,0,0,0,0,0,0,0,0,0,0,0,0,0,0,0,0,0,0,0,0
sample/25-dynamic-modules/src/users/users.module.ts,sample,sample,10,1,3,0,0,0,0,0,0,0,0,0,0,0,1,0,0,0,0,0,0,1,0,0,0,0,0,0,0,0,1,0,0,0,0,0,0,0,0,0,0,0,0,0,0,0,0,0,0,0,0,0,0,0,0,0,0,0,0,0,0,0
sample/25-dynamic-modules/src/users/users.service.ts,sample,sample,19,2,11,3,0,0,0,0,0,0,0,0,0,1,0,0,0,1,0,0,0,1,3,0,1,0,0,0,0,0,1,0,0,0,0,0,0,0,0,0,0,0,0,0,0,0,0,0,0,0,0,0,0,0,0,0,0,0,0,0,0,0
sample/26-queues/e2e/audio/audio.e2e-spec.ts,sample,sample,31,0,19,7,0,0,0,0,0,0,1,1,0,0,0,0,0,0,4,0,0,0,0,2,0,0,0,0,0,0,1,0,0,0,0,0,0,0,2,0,0,0,0,0,0,0,0,0,0,0,0,0,0,0,1,0,0,0,0,0,0,0
sample/26-queues/src/app.module.ts,sample,sample,20,1,6,0,0,0,0,0,0,0,0,0,0,0,1,0,0,0,0,0,0,1,0,0,0,0,0,0,0,2,1,0,0,0,0,0,0,0,0,0,0,0,0,0,0,0,0,0,0,0,0,0,0,0,1,0,0,0,0,0,0,0
sample/26-queues/src/audio/audio.controller.spec.ts,sample,sample,59,0,19,0,0,0,0,0,0,0,2,2,0,0,0,0,0,0,0,0,0,0,0,0,0,0,0,0,0,0,1,0,0,0,0,0,0,0,2,0,0,0,0,0,0,0,0,0,0,0,0,0,0,0,0,1,0,0,1,3,1,6
sample/26-queues/src/audio/audio.controller.ts,sample,sample,13,1,6,2,0,0,0,0,0,0,0,0,0,0,1,0,0,0,0,0,0,1,1,0,0,0,0,0,0,0,1,0,0,0,0,0,0,0,0,0,0,0,0,0,0,0,0,0,0,0,0,0,0,0,0,0,0,0,0,0,0,0
sample/26-queues/src/audio/audio.module.ts,sample,sample,14,1,3,0,0,0,0,0,0,0,0,0,0,0,1,0,0,0,0,0,0,1,0,0,0,0,0,0,0,0,1,0,0,0,0,0,0,0,0,0,0,0,0,0,0,0,0,0,0,0,0,0,0,0,0,0,0,0,0,0,0,0
sample/26-queues/src/audio/audio.processor.spec.ts,sample,sample,76,0,32,0,0,0,0,0,0,0,2,2,0,0,0,0,0,0,0,0,0,0,0,0,0,0,0,0,0,0,1,0,0,0,0,0,0,9,3,0,0,0,0,0,0,0,0,0,0,0,0,0,0,0,1,1,0,1,0,3,1,8
sample/26-queues/src/audio/audio.processor.ts,sample,sample,13,1,11,1,0,0,0,0,0,0,0,0,0,0,1,0,0,0,0,0,0,1,3,0,0,0,0,0,0,4,1,0,0,0,0,0,0,0,0,0,0,0,0,0,0,0,0,0,0,0,0,0,0,0,0,0,0,0,0,0,0,0
sample/26-queues/src/main.ts,sample,sample,8,0,5,1,0,0,0,0,0,0,0,0,0,0,0,0,0,0,1,0,1,0,0,0,0,0,0,0,0,1,0,0,0,0,0,0,0,0,0,0,0,0,0,0,0,0,0,0,0,0,0,0,0,0,0,0,1,0,0,0,0,0
sample/27-scheduling/e2e/app/app.e2e-spec.ts,sample,sample,37,0,19,7,0,0,0,0,0,0,3,3,0,0,0,0,0,0,0,0,0,0,0,0,0,0,0,0,0,0,1,0,0,0,0,0,0,0,2,2,0,0,0,0,0,0,0,0,0,0,0,0,0,0,1,0,0,0,0,0,0,0
sample/27-scheduling/src/app.module.ts,sample,sample,9,1,3,0,0,0,0,0,0,0,0,0,0,0,1,0,0,0,0,0,0,1,0,0,0,0,0,0,0,0,1,0,0,0,0,0,0,0,0,0,0,0,0,0,0,0,0,0,0,0,0,0,0,0,0,0,0,0,0,0,0,0
sample/27-scheduling/src/main.ts,sample,sample,8,0,5,1,0,0,0,0,0,0,0,0,0,0,0,0,0,0,1,0,1,0,0,0,0,0,0,0,0,1,0,0,0,0,0,0,0,0,0,0,0,0,0,0,0,0,0,0,0,0,0,0,0,0,0,0,1,0,0,0,0,0
sample/27-scheduling/src/tasks/tasks.module.ts,sample,sample,6,1,3,0,0,0,0,0,0,0,0,0,0,0,1,0,0,0,0,0,0,1,0,0,0,0,0,0,0,0,1,0,0,0,0,0,0,0,0,0,0,0,0,0,0,0,0,0,0,0,0,0,0,0,0,0,0,0,0,0,0,0
sample/27-scheduling/src/tasks/tasks.service.ts,sample,sample,18,1,15,3,0,0,0,0,0,0,0,0,0,0,1,0,0,0,2,0,0,1,3,0,0,0,0,0,0,4,1,0,0,0,0,0,0,0,0,0,0,0,0,0,0,0,0,0,0,0,0,0,0,0,0,0,0,0,0,0,0,0
sample/28-sse/e2e/app.e2e-spec.ts,sample,sample,63,0,37,13,5,0,0,0,0,0,3,3,1,0,0,0,0,0,3,0,0,0,0,2,0,0,0,0,0,0,1,0,0,0,0,0,0,1,3,1,0,0,0,0,0,0,0,0,0,0,0,0,0,0,1,0,0,0,0,0,0,0
sample/28-sse/src/app.controller.spec.ts,sample,sample,43,0,18,0,0,0,0,0,0,0,1,1,0,0,0,0,0,0,0,0,0,0,0,0,0,0,0,0,0,0,1,0,0,0,1,0,0,1,1,0,0,0,0,0,0,0,0,0,0,0,0,0,0,1,0,1,0,0,1,4,1,4
sample/28-sse/src/app.controller.ts,sample,sample,23,1,8,2,0,0,0,0,0,0,0,0,0,0,1,0,0,0,1,0,0,1,0,0,0,0,0,0,0,0,1,0,0,0,0,0,0,1,0,0,0,0,0,0,0,0,0,0,0,0,0,0,0,0,1,0,0,0,0,0,0,0
sample/28-sse/src/app.module.ts,sample,sample,8,1,3,0,0,0,0,0,0,0,0,0,0,0,1,0,0,0,0,0,0,1,0,0,0,0,0,0,0,0,1,0,0,0,0,0,0,0,0,0,0,0,0,0,0,0,0,0,0,0,0,0,0,0,0,0,0,0,0,0,0,0
sample/28-sse/src/main.ts,sample,sample,11,0,5,1,0,0,0,0,0,0,0,0,0,0,0,0,0,0,1,0,1,0,0,0,0,0,0,0,0,1,0,0,0,0,0,0,0,0,0,0,0,0,0,0,0,0,0,0,0,0,0,0,0,0,0,0,1,0,0,0,0,0
sample/29-file-upload/e2e/app/app.e2e-spec.ts,sample,sample,61,0,22,8,0,0,0,0,0,0,1,1,0,0,0,0,0,0,5,0,0,0,0,5,0,0,0,0,0,0,1,0,0,0,0,0,0,0,1,0,0,0,0,0,0,0,0,0,0,0,0,0,0,0,0,0,0,0,0,0,0,0
sample/29-file-upload/src/app.controller.ts,sample,sample,69,1,9,5,0,0,0,0,0,0,0,0,0,0,1,0,0,0,0,0,0,1,1,0,0,0,0,0,0,0,1,0,0,0,0,0,0,0,0,0,0,0,0,0,0,0,0,0,0,0,0,0,0,0,0,0,0,0,0,0,0,0
sample/29-file-upload/src/app.module.ts,sample,sample,8,1,3,0,0,0,0,0,0,0,0,0,0,0,1,0,0,0,0,0,0,1,0,0,0,0,0,0,0,0,1,0,0,0,0,0,0,0,0,0,0,0,0,0,0,0,0,0,0,0,0,0,0,0,0,0,0,0,0,0,0,0
sample/29-file-upload/src/app.service.ts,sample,sample,7,1,4,1,0,0,0,0,0,0,0,0,0,0,1,0,0,0,0,0,0,1,0,0,0,0,0,0,0,0,1,0,0,0,0,0,0,0,0,0,0,0,0,0,0,0,0,0,0,0,0,0,0,0,0,0,0,0,0,0,0,0
sample/29-file-upload/src/main.ts,sample,sample,10,0,5,1,0,0,0,0,0,0,0,0,0,0,0,0,0,0,1,0,1,0,0,0,0,0,0,0,0,1,0,0,0,0,0,0,0,0,0,0,0,0,0,0,0,0,0,0,0,0,0,0,0,0,0,0,1,0,0,0,0,0
sample/29-file-upload/src/sample.dto.ts,sample,sample,3,1,3,0,0,0,0,0,0,0,0,0,0,0,1,0,0,0,0,0,0,1,0,0,0,0,0,0,0,0,1,0,0,0,0,0,0,0,0,0,0,0,0,0,0,0,0,0,0,0,0,0,0,0,0,0,0,0,0,0,0,0
sample/30-event-emitter/src/app.module.ts,sample,sample,9,1,3,0,0,0,0,0,0,0,0,0,0,0,1,0,0,0,0,0,0,1,0,0,0,0,0,0,0,0,1,0,0,0,0,0,0,0,0,0,0,0,0,0,0,0,0,0,0,0,0,0,0,0,0,0,0,0,0,0,0,0
sample/30-event-emitter/src/main.ts,sample,sample,7,0,4,1,0,0,0,0,0,0,0,0,0,0,0,0,0,0,1,0,1,0,0,0,0,0,0,0,0,0,0,0,0,0,0,0,0,0,0,0,0,0,0,0,0,0,0,0,0,0,0,0,0,0,0,0,1,0,0,0,0,0
sample/30-event-emitter/src/orders/dto/create-order.dto.ts,sample,sample,4,1,3,0,0,0,0,0,0,0,0,0,0,0,1,0,0,0,0,0,0,1,0,0,0,0,0,0,0,0,1,0,0,0,0,0,0,0,0,0,0,0,0,0,0,0,0,0,0,0,0,0,0,0,0,0,0,0,0,0,0,0
sample/30-event-emitter/src/orders/entities/order.entity.ts,sample,sample,5,1,3,0,0,0,0,0,0,0,0,0,0,0,1,0,0,0,0,0,0,1,0,0,0,0,0,0,0,0,1,0,0,0,0,0,0,0,0,0,0,0,0,0,0,0,0,0,0,0,0,0,0,0,0,0,0,0,0,0,0,0
sample/30-event-emitter/src/orders/events/order-created.event.ts,sample,sample,4,1,3,0,0,0,0,0,0,0,0,0,0,0,1,0,0,0,0,0,0,1,0,0,0,0,0,0,0,0,1,0,0,0,0,0,0,0,0,0,0,0,0,0,0,0,0,0,0,0,0,0,0,0,0,0,0,0,0,0,0,0
sample/30-event-emitter/src/orders/listeners/order-created.listener.ts,sample,sample,11,1,6,1,0,0,0,0,0,0,0,0,0,0,1,0,0,0,0,0,0,1,0,0,0,0,0,0,0,1,1,0,0,0,0,0,0,0,0,0,0,0,0,0,0,0,0,0,0,0,0,0,0,0,0,0,0,1,0,0,0,0
sample/30-event-emitter/src/orders/orders.controller.ts,sample,sample,11,1,6,2,0,0,0,0,0,0,0,0,0,0,1,0,0,0,0,0,0,1,1,0,0,0,0,0,0,0,1,0,0,0,0,0,0,0,0,0,0,0,0,0,0,0,0,0,0,0,0,0,0,0,0,0,0,0,0,0,0,0
sample/30-event-emitter/src/orders/orders.module.ts,sample,sample,9,1,3,0,0,0,0,0,0,0,0,0,0,0,1,0,0,0,0,0,0,1,0,0,0,0,0,0,0,0,1,0,0,0,0,0,0,0,0,0,0,0,0,0,0,0,0,0,0,0,0,0,0,0,0,0,0,0,0,0,0,0
sample/30-event-emitter/src/orders/orders.service.ts,sample,sample,33,1,14,2,0,0,0,0,0,0,0,0,1,0,1,0,0,0,1,0,0,1,3,0,3,0,0,0,0,0,1,0,0,0,0,0,0,0,0,1,0,0,0,0,0,0,0,0,0,0,0,0,0,0,0,0,0,0,0,0,0,0
sample/30-event-emitter/test/app.e2e-spec.ts,sample,sample,21,0,11,3,0,0,0,0,0,0,1,1,0,0,0,0,0,0,1,0,0,0,0,1,0,0,0,0,0,0,1,0,0,0,0,0,0,0,2,0,0,0,0,0,0,0,0,0,0,0,0,0,0,0,1,0,0,0,0,0,0,0
sample/31-graphql-federation-code-first/gateway/generate-supergraph.ts,sample,sample,84,0,24,2,2,0,0,0,2,0,0,0,0,0,0,0,0,0,0,0,2,0,0,0,0,0,0,0,0,12,0,0,0,0,0,0,0,0,0,2,0,0,0,0,0,0,0,0,0,0,0,0,0,0,1,0,1,0,0,0,0,0
sample/31-graphql-federation-code-first/gateway/src/app.module.ts,sample,sample,24,1,4,0,0,0,0,0,0,0,0,0,0,0,1,0,0,0,0,0,0,1,0,0,0,0,0,0,0,0,1,0,0,0,0,0,0,0,0,0,0,0,0,0,0,1,0,0,0,0,0,0,0,0,0,0,0,0,0,0,0,0
sample/31-graphql-federation-code-first/gateway/src/main.ts,sample,sample,7,0,4,1,0,0,0,0,0,0,0,0,0,0,0,0,0,0,1,0,1,0,0,0,0,0,0,0,0,0,0,0,0,0,0,0,0,0,0,0,0,0,0,0,0,0,0,0,0,0,0,0,0,0,0,0,1,0,0,0,0,0
sample/31-graphql-federation-code-first/gateway/test/app.e2e-spec.ts,sample,sample,59,0,22,7,1,0,0,0,0,0,1,1,3,0,0,0,0,0,1,0,0,0,0,1,0,0,0,0,0,0,1,0,0,0,0,0,0,0,2,2,0,0,0,0,0,0,0,0,0,0,0,0,0,0,2,0,0,0,0,0,0,0
sample/31-graphql-federation-code-first/posts-application/src/app.module.ts,sample,sample,8,1,3,0,0,0,0,0,0,0,0,0,0,0,1,0,0,0,0,0,0,1,0,0,0,0,0,0,0,0,1,0,0,0,0,0,0,0,0,0,0,0,0,0,0,0,0,0,0,0,0,0,0,0,0,0,0,0,0,0,0,0
sample/31-graphql-federation-code-first/posts-application/src/main.ts,sample,sample,7,0,4,1,0,0,0,0,0,0,0,0,0,0,0,0,0,0,1,0,1,0,0,0,0,0,0,0,0,0,0,0,0,0,0,0,0,0,0,0,0,0,0,0,0,0,0,0,0,0,0,0,0,0,0,0,1,0,0,0,0,0
sample/31-graphql-federation-code-first/posts-application/src/posts/models/post.model.ts,sample,sample,14,1,3,0,0,0,0,0,0,0,0,0,0,0,1,0,0,0,0,0,0,1,0,0,0,0,0,0,0,0,1,0,0,0,0,0,0,0,0,0,0,0,0,0,0,0,0,0,0,0,0,0,0,0,0,0,0,0,0,0,0,0
sample/31-graphql-federation-code-first/posts-application/src/posts/models/user.model.ts,sample,sample,12,1,3,0,0,0,0,0,0,0,0,0,0,0,1,0,0,0,0,0,0,1,0,0,0,0,0,0,0,0,1,0,0,0,0,0,0,0,0,0,0,0,0,0,0,0,0,0,0,0,0,0,0,0,0,0,0,0,0,0,0,0
sample/31-graphql-federation-code-first/posts-application/src/posts/posts.module.ts,sample,sample,27,1,6,0,0,0,0,0,0,0,0,0,0,0,1,0,0,0,1,0,0,1,0,0,0,0,0,0,0,0,1,0,0,0,1,0,0,1,0,0,0,0,0,0,0,0,0,0,0,0,0,0,0,0,0,0,0,0,0,0,0,0
sample/31-graphql-federation-code-first/posts-application/src/posts/posts.resolver.spec.ts,sample,sample,45,0,15,0,0,0,0,0,0,0,1,1,0,0,0,0,0,0,0,0,0,0,0,0,0,0,0,0,0,0,1,0,0,0,0,0,0,0,2,0,0,0,1,0,0,0,0,0,0,0,0,0,0,0,0,1,0,0,1,3,0,4
sample/31-graphql-federation-code-first/posts-application/src/posts/posts.resolver.ts,sample,sample,28,1,12,4,0,0,0,0,0,0,0,0,0,0,1,0,0,0,0,0,0,1,2,0,0,0,0,0,0,0,1,0,0,0,1,0,0,0,0,0,0,0,0,0,0,0,0,0,0,0,0,0,0,0,2,0,0,0,0,0,0,0
sample/31-graphql-federation-code-first/posts-application/src/posts/posts.service.spec.ts,sample,sample,32,0,13,0,0,0,0,0,0,0,1,1,0,0,0,0,0,0,0,0,0,0,0,0,0,0,0,0,0,0,1,0,0,0,0,0,0,0,1,2,0,0,0,0,0,0,0,0,0,0,0,0,0,0,0,1,0,0,1,1,0,4
sample/31-graphql-federation-code-first/posts-application/src/posts/posts.service.ts,sample,sample,20,1,16,3,0,0,0,0,0,0,0,0,0,0,1,0,0,0,5,0,0,1,3,0,0,0,0,0,0,0,1,0,0,0,0,0,0,0,0,2,0,0,0,0,0,0,0,0,0,0,0,0,0,0,0,0,0,0,0,0,0,0
sample/31-graphql-federation-code-first/posts-application/src/posts/users.resolver.spec.ts,sample,sample,34,0,13,1,0,0,0,0,0,0,1,1,0,0,0,0,0,0,0,0,0,0,0,1,0,0,0,0,0,0,1,0,0,0,0,0,0,0,2,0,0,0,0,0,0,0,0,0,0,0,0,0,0,0,0,1,0,0,1,2,0,2
sample/31-graphql-federation-code-first/posts-application/src/posts/users.resolver.ts,sample,sample,12,1,6,2,0,0,0,0,0,0,0,0,0,0,1,0,0,0,0,0,0,1,1,0,0,0,0,0,0,0,1,0,0,0,0,0,0,0,0,0,0,0,0,0,0,0,0,0,0,0,0,0,0,0,0,0,0,0,0,0,0,0
sample/31-graphql-federation-code-first/users-application/src/app.module.ts,sample,sample,8,1,3,0,0,0,0,0,0,0,0,0,0,0,1,0,0,0,0,0,0,1,0,0,0,0,0,0,0,0,1,0,0,0,0,0,0,0,0,0,0,0,0,0,0,0,0,0,0,0,0,0,0,0,0,0,0,0,0,0,0,0
sample/31-graphql-federation-code-first/users-application/src/main.ts,sample,sample,7,0,4,1,0,0,0,0,0,0,0,0,0,0,0,0,0,0,1,0,1,0,0,0,0,0,0,0,0,0,0,0,0,0,0,0,0,0,0,0,0,0,0,0,0,0,0,0,0,0,0,0,0,0,0,0,1,0,0,0,0,0
sample/31-graphql-federation-code-first/users-application/src/users/models/user.model.ts,sample,sample,9,1,3,0,0,0,0,0,0,0,0,0,0,0,1,0,0,0,0,0,0,1,0,0,0,0,0,0,0,0,1,0,0,0,0,0,0,0,0,0,0,0,0,0,0,0,0,0,0,0,0,0,0,0,0,0,0,0,0,0,0,0
sample/31-graphql-federation-code-first/users-application/src/users/users.module.ts,sample,sample,22,1,6,0,0,0,0,0,0,0,0,0,0,0,1,0,0,0,1,0,0,1,0,0,0,0,0,0,0,0,1,0,0,0,1,0,0,1,0,0,0,0,0,0,0,0,0,0,0,0,0,0,0,0,0,0,0,0,0,0,0,0
sample/31-graphql-federation-code-first/users-application/src/users/users.resolver.spec.ts,sample,sample,32,0,14,1,0,0,0,0,0,0,1,1,0,0,0,0,0,0,0,0,0,0,0,1,0,0,0,0,0,0,1,0,0,0,0,0,0,0,2,0,0,0,0,0,0,0,0,0,0,0,0,0,0,0,0,1,0,0,1,2,0,3
sample/31-graphql-federation-code-first/users-application/src/users/users.resolver.ts,sample,sample,15,1,8,3,0,0,0,0,0,0,0,0,0,0,1,0,0,0,0,0,0,1,2,0,0,0,0,0,0,0,1,0,0,0,0,0,0,0,0,0,0,0,0,0,0,0,0,0,0,0,0,0,0,0,0,0,0,0,0,0,0,0
sample/31-graphql-federation-code-first/users-application/src/users/users.service.spec.ts,sample,sample,18,0,9,0,0,0,0,0,0,0,1,1,0,0,0,0,0,0,0,0,0,0,0,0,0,0,0,0,0,0,1,0,0,0,0,0,0,0,1,0,0,0,0,0,0,0,0,0,0,0,0,0,0,0,0,1,0,0,1,1,0,2
sample/31-graphql-federation-code-first/users-application/src/users/users.service.ts,sample,sample,12,1,7,1,0,0,0,0,0,0,0,0,0,0,1,0,0,0,1,0,0,1,1,0,0,0,0,0,0,0,1,0,0,0,0,0,0,0,0,1,0,0,0,0,0,0,0,0,0,0,0,0,0,0,0,0,0,0,0,0,0,0
sample/32-graphql-federation-schema-first/gateway/generate-supergraph.ts,sample,sample,104,0,32,2,3,0,0,0,2,0,0,0,1,0,0,0,0,0,0,0,2,0,0,0,0,0,0,0,0,15,0,0,0,0,0,0,0,0,0,2,0,0,0,0,0,3,0,0,0,0,0,0,0,0,1,0,1,0,0,0,0,0
sample/32-graphql-federation-schema-first/gateway/generate-typings.ts,sample,sample,10,0,2,0,0,0,0,0,0,0,0,0,0,0,0,0,0,0,0,0,0,0,0,0,0,0,0,0,0,1,0,0,0,0,0,0,0,0,0,0,0,0,0,0,0,0,0,0,0,0,0,0,0,0,0,0,1,0,0,0,0,0
sample/32-graphql-federation-schema-first/gateway/src/app.module.ts,sample,sample,24,1,4,0,0,0,0,0,0,0,0,0,0,0,1,0,0,0,0,0,0,1,0,0,0,0,0,0,0,0,1,0,0,0,0,0,0,0,0,0,0,0,0,0,0,1,0,0,0,0,0,0,0,0,0,0,0,0,0,0,0,0
sample/32-graphql-federation-schema-first/gateway/src/main.ts,sample,sample,7,0,4,1,0,0,0,0,0,0,0,0,0,0,0,0,0,0,1,0,1,0,0,0,0,0,0,0,0,0,0,0,0,0,0,0,0,0,0,0,0,0,0,0,0,0,0,0,0,0,0,0,0,0,0,0,1,0,0,0,0,0
sample/32-graphql-federation-schema-first/gateway/test/app.e2e-spec.ts,sample,sample,66,0,24,8,1,0,0,0,0,0,1,1,4,0,0,0,0,0,1,0,0,0,0,1,0,0,0,0,0,0,1,0,0,0,0,0,0,0,2,2,0,0,0,0,0,0,0,0,0,0,0,0,0,0,2,0,0,0,0,0,0,0
sample/32-graphql-federation-schema-first/posts-application/src/app.module.ts,sample,sample,8,1,3,0,0,0,0,0,0,0,0,0,0,0,1,0,0,0,0,0,0,1,0,0,0,0,0,0,0,0,1,0,0,0,0,0,0,0,0,0,0,0,0,0,0,0,0,0,0,0,0,0,0,0,0,0,0,0,0,0,0,0
sample/32-graphql-federation-schema-first/posts-application/src/main.ts,sample,sample,7,0,4,1,0,0,0,0,0,0,0,0,0,0,0,0,0,0,1,0,1,0,0,0,0,0,0,0,0,0,0,0,0,0,0,0,0,0,0,0,0,0,0,0,0,0,0,0,0,0,0,0,0,0,0,0,1,0,0,0,0,0
sample/32-graphql-federation-schema-first/posts-application/src/posts/models/post.model.ts,sample,sample,14,1,3,0,0,0,0,0,0,0,0,0,0,0,1,0,0,0,0,0,0,1,0,0,0,0,0,0,0,0,1,0,0,0,0,0,0,0,0,0,0,0,0,0,0,0,0,0,0,0,0,0,0,0,0,0,0,0,0,0,0,0
sample/32-graphql-federation-schema-first/posts-application/src/posts/models/user.model.ts,sample,sample,12,1,3,0,0,0,0,0,0,0,0,0,0,0,1,0,0,0,0,0,0,1,0,0,0,0,0,0,0,0,1,0,0,0,0,0,0,0,0,0,0,0,0,0,0,0,0,0,0,0,0,0,0,0,0,0,0,0,0,0,0,0
sample/32-graphql-federation-schema-first/posts-application/src/posts/posts.interfaces.ts,sample,sample,6,1,2,0,0,0,0,0,0,0,0,0,0,0,1,0,0,0,0,0,0,0,0,0,0,0,0,0,0,0,1,0,0,0,0,0,0,0,0,0,0,0,0,0,0,0,0,0,0,0,0,0,0,0,0,0,0,0,0,0,0,0
sample/32-graphql-federation-schema-first/posts-application/src/posts/posts.module.ts,sample,sample,19,1,3,0,0,0,0,0,0,0,0,0,0,0,1,0,0,0,0,0,0,1,0,0,0,0,0,0,0,0,1,0,0,0,0,0,0,0,0,0,0,0,0,0,0,0,0,0,0,0,0,0,0,0,0,0,0,0,0,0,0,0
sample/32-graphql-federation-schema-first/posts-application/src/posts/posts.resolver.spec.ts,sample,sample,45,0,15,0,0,0,0,0,0,0,1,1,0,0,0,0,0,0,0,0,0,0,0,0,0,0,0,0,0,0,1,0,0,0,0,0,0,0,2,0,0,0,1,0,0,0,0,0,0,0,0,0,0,0,0,1,0,0,1,3,0,4
sample/32-graphql-federation-schema-first/posts-application/src/posts/posts.resolver.ts,sample,sample,26,1,10,4,0,0,0,0,0,0,0,0,0,0,1,0,0,0,0,0,0,1,2,0,0,0,0,0,0,0,1,0,0,0,1,0,0,0,0,0,0,0,0,0,0,0,0,0,0,0,0,0,0,0,0,0,0,0,0,0,0,0
sample/32-graphql-federation-schema-first/posts-application/src/posts/posts.service.spec.ts,sample,sample,32,0,13,0,0,0,0,0,0,0,1,1,0,0,0,0,0,0,0,0,0,0,0,0,0,0,0,0,0,0,1,0,0,0,0,0,0,0,1,2,0,0,0,0,0,0,0,0,0,0,0,0,0,0,0,1,0,0,1,1,0,4
sample/32-graphql-federation-schema-first/posts-application/src/posts/posts.service.ts,sample,sample,20,1,16,3,0,0,0,0,0,0,0,0,0,0,1,0,0,0,5,0,0,1,3,0,0,0,0,0,0,0,1,0,0,0,0,0,0,0,0,2,0,0,0,0,0,0,0,0,0,0,0,0,0,0,0,0,0,0,0,0,0,0
sample/32-graphql-federation-schema-first/posts-application/src/posts/users.interfaces.ts,sample,sample,5,1,3,0,0,0,0,0,0,0,0,0,0,0,1,0,0,0,0,0,0,0,0,0,0,0,0,0,0,0,1,0,0,0,0,0,0,0,1,0,0,0,0,0,0,0,0,0,0,0,0,0,0,0,0,0,0,0,0,0,0,0
sample/32-graphql-federation-schema-first/posts-application/src/posts/users.resolver.spec.ts,sample,sample,34,0,13,1,0,0,0,0,0,0,1,1,0,0,0,0,0,0,0,0,0,0,0,1,0,0,0,0,0,0,1,0,0,0,0,0,0,0,2,0,0,0,0,0,0,0,0,0,0,0,0,0,0,0,0,1,0,0,1,2,0,2
sample/32-graphql-federation-schema-first/posts-application/src/posts/users.resolver.ts,sample,sample,11,1,6,2,0,0,0,0,0,0,0,0,0,0,1,0,0,0,0,0,0,1,1,0,0,0,0,0,0,0,1,0,0,0,0,0,0,0,0,0,0,0,0,0,0,0,0,0,0,0,0,0,0,0,0,0,0,0,0,0,0,0
sample/32-graphql-federation-schema-first/users-application/src/app.module.ts,sample,sample,8,1,3,0,0,0,0,0,0,0,0,0,0,0,1,0,0,0,0,0,0,1,0,0,0,0,0,0,0,0,1,0,0,0,0,0,0,0,0,0,0,0,0,0,0,0,0,0,0,0,0,0,0,0,0,0,0,0,0,0,0,0
sample/32-graphql-federation-schema-first/users-application/src/main.ts,sample,sample,7,0,4,1,0,0,0,0,0,0,0,0,0,0,0,0,0,0,1,0,1,0,0,0,0,0,0,0,0,0,0,0,0,0,0,0,0,0,0,0,0,0,0,0,0,0,0,0,0,0,0,0,0,0,0,0,1,0,0,0,0,0
sample/32-graphql-federation-schema-first/users-application/src/users/models/user.model.ts,sample,sample,9,1,3,0,0,0,0,0,0,0,0,0,0,0,1,0,0,0,0,0,0,1,0,0,0,0,0,0,0,0,1,0,0,0,0,0,0,0,0,0,0,0,0,0,0,0,0,0,0,0,0,0,0,0,0,0,0,0,0,0,0,0
sample/32-graphql-federation-schema-first/users-application/src/users/users.module.ts,sample,sample,18,1,3,0,0,0,0,0,0,0,0,0,0,0,1,0,0,0,0,0,0,1,0,0,0,0,0,0,0,0,1,0,0,0,0,0,0,0,0,0,0,0,0,0,0,0,0,0,0,0,0,0,0,0,0,0,0,0,0,0,0,0
sample/32-graphql-federation-schema-first/users-application/src/users/users.resolver.spec.ts,sample,sample,32,0,14,1,0,0,0,0,0,0,1,1,0,0,0,0,0,0,0,0,0,0,0,1,0,0,0,0,0,0,1,0,0,0,0,0,0,0,2,0,0,0,0,0,0,0,0,0,0,0,0,0,0,0,0,1,0,0,1,2,0,3
sample/32-graphql-federation-schema-first/users-application/src/users/users.resolver.ts,sample,sample,14,1,8,3,0,0,0,0,0,0,0,0,0,0,1,0,0,0,0,0,0,1,2,0,0,0,0,0,0,0,1,0,0,0,0,0,0,0,0,0,0,0,0,0,0,0,0,0,0,0,0,0,0,0,0,0,0,0,0,0,0,0
sample/32-graphql-federation-schema-first/users-application/src/users/users.service.spec.ts,sample,sample,18,0,9,0,0,0,0,0,0,0,1,1,0,0,0,0,0,0,0,0,0,0,0,0,0,0,0,0,0,0,1,0,0,0,0,0,0,0,1,0,0,0,0,0,0,0,0,0,0,0,0,0,0,0,0,1,0,0,1,1,0,2
sample/32-graphql-federation-schema-first/users-application/src/users/users.service.ts,sample,sample,11,1,7,1,0,0,0,0,0,0,0,0,0,0,1,0,0,0,1,0,0,1,1,0,0,0,0,0,0,0,1,0,0,0,0,0,0,0,0,1,0,0,0,0,0,0,0,0,0,0,0,0,0,0,0,0,0,0,0,0,0,0
sample/33-graphql-mercurius/e2e/recipes/recipes.e2e-spec.ts,sample,sample,51,0,15,5,0,0,0,0,0,0,1,1,2,0,0,0,0,0,2,0,0,0,0,0,0,0,0,0,0,0,1,0,0,0,0,0,0,0,2,0,0,0,0,0,0,0,0,0,0,0,0,0,0,0,1,0,0,0,0,0,0,0
sample/33-graphql-mercurius/src/app.module.ts,sample,sample,16,1,3,0,0,0,0,0,0,0,0,0,0,0,1,0,0,0,0,0,0,1,0,0,0,0,0,0,0,0,1,0,0,0,0,0,0,0,0,0,0,0,0,0,0,0,0,0,0,0,0,0,0,0,0,0,0,0,0,0,0,0
sample/33-graphql-mercurius/src/common/scalars/date.scalar.ts,sample,sample,18,1,11,3,1,0,0,0,0,0,0,0,0,0,1,0,0,0,0,0,0,1,0,0,0,0,0,0,0,2,1,0,0,0,0,0,0,0,0,0,0,0,0,0,0,0,0,0,0,0,0,0,0,0,0,0,0,2,0,0,0,0
sample/33-graphql-mercurius/src/main.ts,sample,sample,11,0,5,1,0,0,0,0,0,0,0,0,0,0,0,0,0,0,1,0,1,0,0,0,0,0,0,0,0,1,0,0,0,0,0,0,0,0,0,0,0,0,0,0,0,0,0,0,0,0,0,0,0,0,0,0,1,0,0,0,0,0
sample/33-graphql-mercurius/src/recipes/dto/new-recipe.input.ts,sample,sample,14,1,6,0,0,0,0,0,0,0,0,0,0,0,1,0,0,0,3,0,0,1,0,0,0,0,0,0,0,0,1,0,0,0,0,0,0,0,0,0,0,0,0,0,0,0,0,0,0,0,0,0,0,0,0,0,0,0,0,0,0,0
sample/33-graphql-mercurius/src/recipes/dto/recipes.args.ts,sample,sample,12,1,5,0,0,0,0,0,0,0,0,0,0,0,1,0,0,0,2,0,0,1,0,0,0,0,0,0,0,0,1,0,0,0,0,0,0,0,0,0,0,0,0,0,0,0,0,0,0,0,0,0,0,0,0,0,0,0,0,0,0,0
sample/33-graphql-mercurius/src/recipes/models/recipe.model.ts,sample,sample,14,1,3,0,0,0,0,0,0,0,0,0,0,0,1,0,0,0,0,0,0,1,0,0,0,0,0,0,0,0,1,0,0,0,0,0,0,0,0,0,0,0,0,0,0,0,0,0,0,0,0,0,0,0,0,0,0,0,0,0,0,0
sample/33-graphql-mercurius/src/recipes/recipes.module.ts,sample,sample,8,1,3,0,0,0,0,0,0,0,0,0,0,0,1,0,0,0,0,0,0,1,0,0,0,0,0,0,0,0,1,0,0,0,0,0,0,0,0,0,0,0,0,0,0,0,0,0,0,0,0,0,0,0,0,0,0,0,0,0,0,0
sample/33-graphql-mercurius/src/recipes/recipes.resolver.ts,sample,sample,47,1,15,6,1,0,0,0,0,1,0,0,0,0,1,0,0,0,0,0,0,1,4,0,0,0,0,0,0,0,1,0,0,0,0,0,0,0,0,0,0,0,0,0,0,0,0,0,0,0,0,0,0,0,0,0,0,0,0,0,0,0
sample/33-graphql-mercurius/src/recipes/recipes.service.ts,sample,sample,24,1,13,4,0,0,0,0,0,0,0,0,0,0,1,0,0,0,0,0,0,1,0,0,0,0,0,0,0,0,1,0,0,0,2,0,0,3,0,0,0,0,0,0,0,0,0,0,0,0,0,0,0,0,0,0,0,1,0,0,0,0
sample/34-hmr-esm/e2e/cats/cats.e2e-spec.ts,sample,sample,28,0,10,4,0,0,0,0,0,0,1,1,0,0,0,0,0,0,1,0,0,0,0,1,0,0,0,0,0,0,1,0,0,0,0,0,0,0,1,0,0,0,0,0,0,0,0,0,0,0,0,0,0,0,0,0,0,0,0,0,0,0
sample/34-hmr-esm/src/app.module.ts,sample,sample,7,1,3,0,0,0,0,0,0,0,0,0,0,0,1,0,0,0,0,0,0,1,0,0,0,0,0,0,0,0,1,0,0,0,0,0,0,0,0,0,0,0,0,0,0,0,0,0,0,0,0,0,0,0,0,0,0,0,0,0,0,0
sample/34-hmr-esm/src/cats/cats.controller.spec.ts,sample,sample,45,0,15,0,0,0,0,0,0,0,2,2,0,0,0,0,0,0,0,0,0,0,0,0,0,0,0,0,0,0,1,0,0,0,0,0,3,0,1,0,0,0,0,0,0,0,0,0,0,0,0,0,0,0,0,1,0,0,1,1,1,2
sample/34-hmr-esm/src/cats/cats.controller.ts,sample,sample,29,1,11,4,0,0,0,0,0,0,0,0,0,0,1,0,0,0,0,0,0,1,2,0,0,0,0,0,0,1,1,0,0,0,0,0,0,0,0,0,0,0,0,0,0,0,0,0,0,0,0,0,0,0,0,0,0,1,0,0,0,0
sample/34-hmr-esm/src/cats/cats.module.ts,sample,sample,8,1,3,0,0,0,0,0,0,0,0,0,0,0,1,0,0,0,0,0,0,1,0,0,0,0,0,0,0,0,1,0,0,0,0,0,0,0,0,0,0,0,0,0,0,0,0,0,0,0,0,0,0,0,0,0,0,0,0,0,0,0
sample/34-hmr-esm/src/cats/cats.service.spec.ts,sample,sample,41,0,13,0,0,0,0,0,0,0,1,1,0,0,0,0,0,0,0,0,0,0,0,0,0,0,0,0,0,0,1,0,0,0,0,0,3,0,1,0,0,0,0,0,0,0,0,0,0,0,0,0,0,0,0,1,0,0,1,1,1,2
sample/34-hmr-esm/src/cats/cats.service.ts,sample,sample,12,1,8,2,0,0,0,0,0,0,0,0,0,0,1,0,0,0,0,0,0,1,2,0,1,0,0,0,0,0,1,0,0,0,0,0,0,0,0,0,0,0,0,0,0,0,0,0,0,0,0,0,0,0,0,0,0,0,0,0,0,0
sample/34-hmr-esm/src/cats/dto/create-cat.dto.ts,sample,sample,9,1,3,0,0,0,0,0,0,0,0,0,0,0,1,0,0,0,0,0,0,1,0,0,0,0,0,0,0,0,1,0,0,0,0,0,0,0,0,0,0,0,0,0,0,0,0,0,0,0,0,0,0,0,0,0,0,0,0,0,0,0
sample/34-hmr-esm/src/cats/interfaces/cat.interface.ts,sample,sample,5,1,2,0,0,0,0,0,0,0,0,0,0,0,1,0,0,0,0,0,0,0,0,0,0,0,0,0,0,0,1,0,0,0,0,0,0,0,0,0,0,0,0,0,0,0,0,0,0,0,0,0,0,0,0,0,0,0,0,0,0,0
sample/34-hmr-esm/src/common/decorators/roles.decorator.ts,sample,sample,2,1,2,0,0,0,0,0,0,0,0,0,0,0,1,0,0,0,0,0,0,0,0,0,0,0,0,0,0,0,1,0,0,0,0,0,0,0,0,0,0,0,0,0,0,0,0,0,0,0,0,0,0,0,0,0,0,0,0,0,0,0
sample/34-hmr-esm/src/common/filters/http-exception.filter.ts,sample,sample,20,1,6,1,0,0,0,0,0,0,0,0,1,0,1,0,0,0,0,0,0,1,0,0,0,0,0,0,0,1,1,0,0,0,0,0,0,0,0,0,0,0,0,0,0,0,0,0,0,0,0,0,0,0,0,0,0,0,0,0,0,0
sample/34-hmr-esm/src/common/guards/roles.guard.ts,sample,sample,18,1,11,2,1,0,0,0,0,0,0,0,1,0,1,0,0,0,0,0,0,1,1,0,0,0,0,0,0,0,1,0,0,0,0,0,0,0,0,2,0,0,0,0,0,0,0,1,0,0,0,0,0,0,0,0,0,0,0,0,0,0
sample/34-hmr-esm/src/common/interceptors/exception.interceptor.ts,sample,sample,24,1,5,1,0,0,0,0,0,0,0,0,0,0,1,0,0,0,0,0,0,1,0,0,0,0,0,0,0,0,1,0,0,0,1,0,0,0,0,0,0,0,0,0,0,0,0,0,0,0,0,0,0,0,0,0,0,0,0,0,0,0
sample/34-hmr-esm/src/common/interceptors/timeout.interceptor.ts,sample,sample,14,1,6,1,0,0,0,0,0,0,0,0,0,0,1,0,0,0,1,0,0,1,0,0,0,0,0,0,0,0,1,0,0,0,1,0,0,0,0,0,0,0,0,0,0,0,0,0,0,0,0,0,0,0,0,0,0,0,0,0,0,0
sample/34-hmr-esm/src/common/middleware/logger.middleware.ts,sample,sample,8,1,7,1,0,0,0,0,0,0,0,0,0,0,1,0,0,0,0,0,0,1,0,0,0,0,0,0,0,1,1,0,0,0,2,0,0,0,0,0,0,0,0,0,0,0,0,0,0,0,0,0,0,0,0,0,0,0,0,0,0,0
sample/34-hmr-esm/src/common/pipes/parse-int.pipe.ts,sample,sample,16,1,7,1,1,0,0,0,0,1,0,0,0,0,1,0,0,0,1,0,0,1,0,0,0,0,0,0,0,0,1,0,0,0,0,0,0,0,0,0,0,0,0,0,0,0,0,0,0,0,0,0,0,0,0,0,0,0,0,0,0,0
sample/34-hmr-esm/src/common/pipes/validation.pipe.ts,sample,sample,28,1,15,2,2,0,0,0,0,1,0,0,1,0,1,0,0,0,0,0,0,1,1,0,0,0,0,0,0,0,1,0,0,0,3,0,0,0,0,2,0,0,0,0,0,0,0,0,0,0,0,0,0,0,0,0,0,0,0,0,0,0
sample/34-hmr-esm/src/core/core.module.ts,sample,sample,11,1,3,0,0,0,0,0,0,0,0,0,0,0,1,0,0,0,0,0,0,1,0,0,0,0,0,0,0,0,1,0,0,0,0,0,0,0,0,0,0,0,0,0,0,0,0,0,0,0,0,0,0,0,0,0,0,0,0,0,0,0
sample/34-hmr-esm/src/core/interceptors/logging.interceptor.ts,sample,sample,18,1,9,1,0,0,0,0,0,0,0,0,0,0,1,0,0,0,0,0,0,1,0,0,0,0,0,0,0,4,1,0,0,0,1,0,0,0,0,0,0,0,0,0,0,0,0,0,0,0,0,0,0,0,0,0,0,0,0,0,0,0
sample/34-hmr-esm/src/core/interceptors/transform.interceptor.ts,sample,sample,23,2,5,1,0,0,0,0,0,0,0,0,0,1,0,0,0,1,0,0,0,1,0,0,0,0,0,0,0,0,1,0,0,0,0,0,0,0,0,0,0,0,0,0,0,0,0,0,0,0,0,0,0,0,0,0,0,0,0,0,0,0
sample/34-hmr-esm/src/main.ts,sample,sample,15,0,8,1,1,0,0,0,0,0,0,0,0,0,0,0,0,0,1,0,1,0,0,0,0,0,0,0,0,2,0,0,0,0,1,0,0,0,0,0,0,0,0,0,0,0,0,0,0,0,0,0,0,0,0,0,1,0,0,0,0,0
sample/35-zod-validation/e2e/cats/cats.e2e-spec.ts,sample,sample,39,0,20,7,0,0,0,0,0,0,1,1,0,0,0,0,0,0,5,0,0,0,0,4,0,0,0,0,0,0,1,0,0,0,0,0,0,0,1,0,0,0,0,0,0,0,0,0,0,0,0,0,0,0,0,0,0,0,0,0,0,0
sample/35-zod-validation/src/app.module.ts,sample,sample,6,1,3,0,0,0,0,0,0,0,0,0,0,0,1,0,0,0,0,0,0,1,0,0,0,0,0,0,0,0,1,0,0,0,0,0,0,0,0,0,0,0,0,0,0,0,0,0,0,0,0,0,0,0,0,0,0,0,0,0,0,0
sample/35-zod-validation/src/cats/cats.controller.spec.ts,sample,sample,44,0,15,0,0,0,0,0,0,0,2,2,0,0,0,0,0,0,0,0,0,0,0,0,0,0,0,0,0,0,1,0,0,0,0,0,3,0,1,0,0,0,0,0,0,0,0,0,0,0,0,0,0,0,0,1,0,0,1,1,1,2
sample/35-zod-validation/src/cats/cats.controller.ts,sample,sample,16,1,8,3,0,0,0,0,0,0,0,0,0,0,1,0,0,0,0,0,0,1,2,0,0,0,0,0,0,0,1,0,0,0,0,0,0,0,0,0,0,0,0,0,0,0,0,0,0,0,0,0,0,0,0,0,0,0,0,0,0,0
sample/35-zod-validation/src/cats/cats.module.ts,sample,sample,8,1,3,0,0,0,0,0,0,0,0,0,0,0,1,0,0,0,0,0,0,1,0,0,0,0,0,0,0,0,1,0,0,0,0,0,0,0,0,0,0,0,0,0,0,0,0,0,0,0,0,0,0,0,0,0,0,0,0,0,0,0
sample/35-zod-validation/src/cats/cats.service.spec.ts,sample,sample,40,0,13,0,0,0,0,0,0,0,1,1,0,0,0,0,0,0,0,0,0,0,0,0,0,0,0,0,0,0,1,0,0,0,0,0,3,0,1,0,0,0,0,0,0,0,0,0,0,0,0,0,0,0,0,1,0,0,1,1,1,2
sample/35-zod-validation/src/cats/cats.service.ts,sample,sample,12,1,8,2,0,0,0,0,0,0,0,0,0,0,1,0,0,0,0,0,0,1,2,0,1,0,0,0,0,0,1,0,0,0,0,0,0,0,0,0,0,0,0,0,0,0,0,0,0,0,0,0,0,0,0,0,0,0,0,0,0,0
sample/35-zod-validation/src/cats/dto/create-cat.dto.ts,sample,sample,7,2,2,0,0,0,0,0,0,0,0,0,0,1,0,0,0,0,0,0,0,0,0,0,0,0,0,0,0,0,1,0,0,0,0,0,0,0,0,0,0,0,0,0,0,0,0,0,0,0,0,0,0,0,0,0,0,0,0,0,0,0
sample/35-zod-validation/src/cats/interfaces/cat.interface.ts,sample,sample,5,1,2,0,0,0,0,0,0,0,0,0,0,0,1,0,0,0,0,0,0,0,0,0,0,0,0,0,0,0,1,0,0,0,0,0,0,0,0,0,0,0,0,0,0,0,0,0,0,0,0,0,0,0,0,0,0,0,0,0,0,0
sample/35-zod-validation/src/main.ts,sample,sample,10,0,5,1,0,0,0,0,0,0,0,0,0,0,0,0,0,0,1,0,1,0,0,0,0,0,0,0,0,1,0,0,0,0,0,0,0,0,0,0,0,0,0,0,0,0,0,0,0,0,0,0,0,0,0,0,1,0,0,0,0,0
sample/36-valibot-serializer/e2e/serializer/serializer.e2e-spec.ts,sample,sample,39,0,16,7,0,0,0,0,0,0,1,1,0,0,0,0,0,0,4,0,0,0,0,1,0,0,0,0,0,0,1,0,0,0,0,0,0,0,1,0,0,0,0,0,0,0,0,0,0,0,0,0,0,0,0,0,0,0,0,0,0,0
sample/36-valibot-serializer/src/app.controller.ts,sample,sample,24,1,4,1,0,0,0,0,0,0,0,0,0,0,1,0,0,0,0,0,0,1,0,0,0,0,0,0,0,0,1,0,0,0,0,0,0,0,0,0,0,0,0,0,0,0,0,0,0,0,0,0,0,0,0,0,0,0,0,0,0,0
sample/36-valibot-serializer/src/app.module.ts,sample,sample,6,1,3,0,0,0,0,0,0,0,0,0,0,0,1,0,0,0,0,0,0,1,0,0,0,0,0,0,0,0,1,0,0,0,0,0,0,0,0,0,0,0,0,0,0,0,0,0,0,0,0,0,0,0,0,0,0,0,0,0,0,0
sample/36-valibot-serializer/src/entities/role.interface.ts,sample,sample,4,1,2,0,0,0,0,0,0,0,0,0,0,0,1,0,0,0,0,0,0,0,0,0,0,0,0,0,0,0,1,0,0,0,0,0,0,0,0,0,0,0,0,0,0,0,0,0,0,0,0,0,0,0,0,0,0,0,0,0,0,0
sample/36-valibot-serializer/src/entities/user.interface.ts,sample,sample,8,1,3,0,0,0,0,0,0,0,0,0,0,0,1,0,0,0,0,0,0,0,0,0,0,0,0,0,0,0,1,0,0,0,0,0,0,0,1,0,0,0,0,0,0,0,0,0,0,0,0,0,0,0,0,0,0,0,0,0,0,0
sample/36-valibot-serializer/src/main.ts,sample,sample,8,0,5,1,0,0,0,0,0,0,0,0,0,0,0,0,0,0,1,0,1,0,0,0,0,0,0,0,0,1,0,0,0,0,0,0,0,0,0,0,0,0,0,0,0,0,0,0,0,0,0,0,0,0,0,0,1,0,0,0,0,0
sample/36-valibot-serializer/src/schemas/user-response.schema.ts,sample,sample,27,2,3,0,0,0,0,0,0,0,0,0,0,1,0,0,0,0,0,0,0,0,0,0,0,0,0,0,0,0,1,0,0,0,0,0,0,0,0,0,0,0,0,0,0,0,0,0,0,0,0,0,0,0,0,0,0,1,0,0,0,0
sample/37-outbox/analytics-service/drizzle.config.ts,sample,sample,9,1,6,0,0,0,0,0,0,0,0,0,0,0,0,1,0,0,0,0,0,0,0,0,0,0,0,0,0,1,1,0,0,0,0,1,0,0,0,0,0,0,0,0,0,0,0,0,0,0,0,0,0,0,0,0,0,2,0,0,0,0
sample/37-outbox/analytics-service/src/analytics.controller.ts,sample,sample,46,1,28,7,2,0,0,0,0,0,0,0,1,0,1,0,0,0,0,0,0,1,9,0,0,0,0,0,0,2,1,0,0,0,0,0,0,0,0,0,0,0,0,0,0,0,0,0,0,0,0,0,0,0,0,0,0,4,0,0,0,0
sample/37-outbox/analytics-service/src/app.module.ts,sample,sample,35,1,8,0,0,0,0,0,0,0,0,0,0,0,1,0,0,0,0,0,0,1,0,0,0,0,0,0,0,1,1,0,0,0,0,1,0,0,0,0,0,0,0,0,0,0,0,0,0,0,0,0,0,0,0,0,0,3,0,0,0,0
sample/37-outbox/analytics-service/src/database/drizzle.ts,sample,sample,5,2,3,0,0,0,0,0,0,0,0,0,0,1,0,0,0,0,0,0,0,0,0,0,0,0,0,0,0,0,0,0,0,0,0,0,0,0,0,0,0,0,0,0,0,0,0,0,0,0,0,0,0,0,0,0,1,1,0,0,0,0
sample/37-outbox/analytics-service/src/database/schema.ts,sample,sample,27,1,5,0,0,0,0,0,0,0,0,0,0,0,1,0,0,0,0,0,0,0,0,0,0,0,0,0,0,0,0,0,0,0,0,0,0,0,0,0,0,0,0,0,0,0,0,0,0,0,0,0,0,0,0,0,0,4,0,0,0,0
sample/37-outbox/analytics-service/src/main.ts,sample,sample,15,0,5,1,0,0,0,0,0,0,0,0,0,0,0,0,0,0,1,0,1,0,0,0,0,0,0,0,0,1,0,0,0,0,0,0,0,0,0,0,0,0,0,0,0,0,0,0,0,0,0,0,0,0,0,0,1,0,0,0,0,0
sample/37-outbox/analytics-service/src/order-stats.service.ts,sample,sample,70,3,26,5,1,0,1,0,0,0,0,0,0,1,0,0,0,1,0,0,0,1,6,0,0,0,0,0,0,2,3,0,0,0,0,1,0,0,0,1,0,0,0,0,0,0,0,0,0,0,0,0,0,0,0,0,0,3,0,0,0,0
sample/37-outbox/drizzle.config.ts,sample,sample,8,1,5,0,0,0,0,0,0,0,0,0,0,0,0,1,0,0,0,0,0,0,0,0,0,0,0,0,0,1,1,0,0,0,0,1,0,0,0,0,0,0,0,0,0,0,0,0,0,0,0,0,0,0,0,0,0,1,0,0,0,0
sample/37-outbox/e2e/analytics.e2e-spec.ts,sample,sample,95,0,31,5,0,0,0,0,0,0,3,3,3,0,0,0,0,0,4,0,0,0,0,0,0,0,0,0,0,4,1,0,0,0,0,0,0,0,0,2,0,0,0,0,0,0,0,0,0,0,0,0,0,0,0,0,0,6,0,0,0,0
sample/37-outbox/e2e/drizzle-outbox.store.e2e-spec.ts,sample,sample,101,0,35,9,0,0,1,4,0,0,2,2,1,0,0,0,0,0,1,0,2,0,0,0,0,0,0,0,0,0,1,4,0,0,0,1,0,2,0,0,0,0,0,0,0,0,0,0,0,0,0,0,0,0,0,0,1,4,0,0,0,0
sample/37-outbox/e2e/orders.e2e-spec.ts,sample,sample,74,0,25,6,0,0,0,0,0,1,3,3,2,0,0,0,0,0,0,0,0,0,0,0,1,0,0,0,0,1,1,0,0,0,0,0,0,0,0,0,0,0,0,0,0,0,0,0,0,0,0,0,0,0,0,0,0,7,0,0,0,0
sample/37-outbox/e2e/support/helpers.ts,sample,sample,58,4,36,9,3,0,1,1,0,1,1,1,1,1,0,0,0,0,2,0,4,0,0,0,1,0,0,0,0,2,0,0,0,0,0,0,0,1,0,2,0,0,1,0,0,0,0,0,0,0,2,0,0,0,0,0,0,2,0,0,0,0
sample/37-outbox/e2e/support/postgres.ts,sample,sample,66,3,30,4,1,0,0,1,2,0,0,0,2,1,0,0,0,1,3,0,4,0,0,0,3,0,0,0,0,2,0,0,0,0,0,0,0,1,0,1,0,0,0,0,0,0,0,0,0,0,1,0,0,0,0,0,0,3,0,0,0,0
sample/37-outbox/src/app.module.ts,sample,sample,75,2,15,0,0,0,1,0,0,0,0,0,0,1,0,0,0,0,2,0,0,1,0,0,0,0,0,0,0,4,1,0,0,0,0,1,0,0,0,0,0,0,0,0,0,1,0,0,0,0,0,0,0,0,0,0,0,3,0,0,0,0
sample/37-outbox/src/database/drizzle.ts,sample,sample,5,2,3,0,0,0,0,0,0,0,0,0,0,1,0,0,0,0,0,0,0,0,0,0,0,0,0,0,0,0,0,0,0,0,0,0,0,0,0,0,0,0,0,0,0,0,0,0,0,0,0,0,0,0,0,0,1,1,0,0,0,0
sample/37-outbox/src/database/schema.ts,sample,sample,20,2,5,0,0,0,0,0,0,0,0,0,0,1,0,0,0,0,0,0,0,0,0,0,0,0,0,0,0,0,0,0,0,0,0,0,0,0,0,0,0,0,0,0,0,0,0,0,0,0,0,0,0,0,0,0,0,4,0,0,0,0
sample/37-outbox/src/inventory/inventory.module.ts,sample,sample,6,1,3,0,0,0,0,0,0,0,0,0,0,0,1,0,0,0,0,0,0,1,0,0,0,0,0,0,0,0,1,0,0,0,0,0,0,0,0,0,0,0,0,0,0,0,0,0,0,0,0,0,0,0,0,0,0,0,0,0,0,0
sample/37-outbox/src/inventory/stock-reservation.handler.ts,sample,sample,44,1,18,4,1,0,0,1,0,1,0,0,0,0,1,0,0,0,0,0,0,1,2,0,0,0,0,0,0,2,1,0,0,0,0,0,0,0,0,1,0,0,0,0,0,0,0,0,0,0,1,0,0,0,0,0,0,2,0,0,0,0
sample/37-outbox/src/main.ts,sample,sample,9,0,6,1,0,0,0,0,0,0,0,0,0,0,0,0,0,0,1,0,1,0,0,0,0,0,0,0,0,1,0,0,0,0,0,0,0,0,0,0,0,0,0,0,0,0,0,0,0,0,0,0,0,0,0,0,1,1,0,0,0,0
sample/37-outbox/src/notifications/mailer.service.ts,sample,sample,12,1,8,1,0,0,0,0,0,0,0,0,0,0,1,0,0,0,0,0,0,1,1,0,0,0,0,0,0,2,1,0,0,0,0,0,0,0,0,0,0,0,0,0,0,0,0,0,0,0,0,0,0,0,0,0,0,1,0,0,0,0
sample/37-outbox/src/notifications/notifications.module.ts,sample,sample,8,1,4,0,0,0,0,0,0,0,0,0,0,0,1,0,0,0,0,0,0,1,0,0,0,0,0,0,0,0,1,0,0,0,0,0,0,0,0,0,0,0,0,0,0,0,0,0,0,0,0,0,0,0,0,0,0,1,0,0,0,0
sample/37-outbox/src/notifications/order-emails.handler.ts,sample,sample,13,1,7,2,0,0,0,0,0,0,0,0,0,0,1,0,0,0,0,0,0,1,1,0,0,0,0,0,0,0,1,0,0,0,0,0,0,0,0,0,0,0,0,0,0,0,0,0,0,0,0,0,0,0,0,0,0,1,0,0,0,0
sample/37-outbox/src/orders/order.ts,sample,sample,18,3,5,0,0,0,0,0,0,0,0,0,0,1,0,0,0,1,0,0,0,1,0,0,0,0,0,0,0,0,0,0,0,0,0,0,0,0,0,0,0,0,0,0,0,0,0,0,0,0,0,0,0,0,0,0,0,2,0,0,0,0
sample/37-outbox/src/orders/orders.controller.ts,sample,sample,23,1,8,3,0,0,0,0,0,0,0,0,0,0,1,0,0,0,0,0,0,1,2,0,0,0,0,0,0,0,1,0,0,0,0,0,0,0,0,0,0,0,0,0,0,0,0,0,0,0,0,0,0,0,0,0,0,0,0,0,0,0
sample/37-outbox/src/orders/orders.module.ts,sample,sample,8,1,3,0,0,0,0,0,0,0,0,0,0,0,1,0,0,0,0,0,0,1,0,0,0,0,0,0,0,0,1,0,0,0,0,0,0,0,0,0,0,0,0,0,0,0,0,0,0,0,0,0,0,0,0,0,0,0,0,0,0,0
sample/37-outbox/src/orders/orders.service.ts,sample,sample,81,1,35,6,5,0,0,0,0,5,0,0,2,0,1,0,0,0,0,0,0,1,6,0,0,0,0,0,0,1,1,0,0,0,0,0,0,0,0,5,0,0,0,0,0,0,0,0,0,0,0,0,0,0,0,0,0,2,0,0,0,0
sample/37-outbox/src/outbox-admin/admin.guard.ts,sample,sample,22,1,12,1,0,0,0,0,0,0,0,0,1,0,1,0,0,1,0,0,1,1,0,0,0,0,0,0,0,1,1,0,1,0,0,0,0,0,0,0,0,0,1,0,0,0,0,0,0,0,0,0,0,0,0,0,0,2,0,0,0,0
sample/37-outbox/src/outbox-admin/outbox-admin.controller.ts,sample,sample,39,1,12,5,0,0,0,0,0,0,0,0,0,0,1,0,0,0,0,0,0,1,4,0,0,0,0,0,0,0,1,0,0,0,0,0,0,0,0,0,0,0,0,0,0,0,0,0,0,0,0,0,0,0,0,0,0,0,0,0,0,0
sample/37-outbox/src/outbox-admin/outbox-admin.module.ts,sample,sample,9,1,3,0,0,0,0,0,0,0,0,0,0,0,1,0,0,0,0,0,0,1,0,0,0,0,0,0,0,0,1,0,0,0,0,0,0,0,0,0,0,0,0,0,0,0,0,0,0,0,0,0,0,0,0,0,0,0,0,0,0,0
sample/37-outbox/src/outbox-admin/outbox-metrics.service.ts,sample,sample,45,1,25,3,0,1,0,0,0,0,0,0,0,0,1,0,0,0,0,0,0,1,9,0,5,0,0,0,0,1,1,0,0,0,0,0,0,0,0,0,0,0,0,0,1,0,0,0,0,0,0,0,0,0,0,0,0,2,0,0,0,0
tools/benchmarks/src/autocannon/run.ts,tools,tools,28,2,11,2,2,0,0,0,0,0,0,0,1,1,0,0,0,1,0,0,0,0,0,0,0,1,0,0,0,0,0,0,0,0,0,0,0,0,0,0,0,0,0,0,0,0,0,0,1,0,0,0,0,0,0,0,0,2,0,0,0,0
tools/benchmarks/src/frameworks/express.ts,tools,tools,6,0,2,1,0,0,0,0,0,0,0,0,0,0,0,0,0,0,1,0,0,0,0,0,0,0,0,0,0,0,0,0,0,0,0,0,0,0,0,0,0,0,0,0,0,0,0,0,0,0,0,0,0,0,0,0,0,0,0,0,0,0
tools/benchmarks/src/frameworks/fastify.ts,tools,tools,13,0,7,1,0,0,0,0,0,0,0,0,0,0,0,0,0,0,1,0,0,0,0,0,0,0,0,1,0,2,0,0,0,0,0,0,0,0,0,0,0,0,0,0,0,0,0,0,0,0,0,0,0,0,0,0,2,0,0,0,0,0
tools/benchmarks/src/frameworks/nest-express.ts,tools,tools,11,0,6,1,0,0,0,0,0,0,0,0,0,0,0,0,0,0,1,0,0,0,0,0,0,0,0,1,0,1,0,0,0,0,0,0,0,0,0,0,0,0,0,0,0,0,0,0,0,0,0,0,0,1,0,1,0,0,0,0,0,0
tools/benchmarks/src/frameworks/nest-fastify.ts,tools,tools,11,0,6,1,0,0,0,0,0,0,0,0,0,0,0,0,0,0,1,0,0,0,0,0,0,0,0,1,0,1,0,0,0,0,0,0,0,0,0,0,0,0,0,0,0,0,0,0,0,0,0,0,0,1,0,1,0,0,0,0,0,0
tools/benchmarks/src/frameworks/nest/app.controller.ts,tools,tools,8,1,4,1,0,0,0,0,0,0,0,0,0,0,1,0,0,0,0,0,0,1,0,0,0,0,0,0,0,0,1,0,0,0,0,0,0,0,0,0,0,0,0,0,0,0,0,0,0,0,0,0,0,0,0,0,0,0,0,0,0,0
tools/benchmarks/src/frameworks/nest/app.module.ts,tools,tools,7,1,4,0,0,0,0,0,0,0,0,0,0,0,1,0,0,0,0,0,0,1,0,0,0,0,0,0,0,0,1,0,0,0,0,0,0,0,0,0,0,0,0,0,0,0,0,0,0,0,0,0,0,1,0,0,0,0,0,0,0,0
tools/benchmarks/src/main.ts,tools,tools,295,0,177,17,20,0,7,3,4,1,1,6,4,0,0,0,0,1,27,0,16,0,0,0,7,0,0,1,1,20,4,6,2,0,4,0,0,3,1,2,0,0,2,0,0,5,0,0,0,0,5,0,0,1,0,0,0,6,0,0,0,0
tools/gulp/config.ts,tools,tools,5,3,5,0,0,0,0,0,0,0,0,0,0,1,0,0,0,0,0,0,0,0,0,0,0,0,0,0,0,0,2,0,0,0,0,0,0,0,0,0,0,0,0,0,0,0,0,0,0,0,0,0,0,0,0,0,1,1,0,0,0,0
tools/gulp/gulpfile.ts,tools,tools,4,0,0,0,0,0,0,0,0,0,0,0,0,0,0,0,0,0,0,0,0,0,0,0,0,0,0,0,0,0,0,0,0,0,0,0,0,0,0,0,0,0,0,0,0,0,0,0,0,0,0,0,0,0,0,0,0,0,0,0,0,0
tools/gulp/tasks/clean.ts,tools,tools,30,0,11,2,0,0,0,0,0,0,0,0,0,0,0,0,0,0,0,0,2,0,0,0,0,0,0,0,0,0,0,0,0,0,0,0,0,0,0,0,0,0,0,0,0,0,0,0,0,0,0,0,0,0,0,0,2,5,0,0,0,0
tools/gulp/tasks/copy-misc.ts,tools,tools,16,0,6,1,0,0,0,0,0,0,0,0,0,0,0,0,0,0,0,0,1,0,0,0,0,0,0,0,0,0,0,0,0,0,0,0,0,0,0,1,0,0,0,0,0,0,0,0,0,0,0,0,0,0,0,0,0,3,0,0,0,0
tools/gulp/tasks/move.ts,tools,tools,40,0,14,2,1,0,0,1,0,0,0,0,1,0,0,0,0,0,0,0,2,0,0,0,2,0,0,0,0,0,0,0,0,0,0,0,0,0,0,1,0,0,0,0,0,0,0,0,0,0,0,0,0,0,0,0,1,3,0,0,0,0
tools/gulp/tasks/samples.ts,tools,tools,137,0,45,2,9,0,2,2,1,0,0,0,1,0,0,0,0,0,2,0,2,0,0,0,4,0,0,0,0,2,0,0,0,0,0,0,0,0,0,5,0,0,0,0,0,3,0,0,0,0,3,0,0,0,0,0,5,2,0,0,0,0
tools/gulp/util/task-helpers.ts,tools,tools,19,3,12,4,0,0,0,0,0,0,0,0,0,1,0,0,0,0,0,0,4,0,0,0,0,0,0,0,0,0,0,0,0,0,0,0,0,0,0,3,0,0,0,0,0,0,0,0,0,0,0,0,0,0,0,0,0,0,0,0,0,0
